[2026-05-13T06:11:04.625+0000] {processor.py:161} INFO - Started process (PID=168) to work on /opt/airflow/dags/dag.py
[2026-05-13T06:11:04.626+0000] {processor.py:830} INFO - Processing file /opt/airflow/dags/dag.py for tasks to queue
[2026-05-13T06:11:04.628+0000] {logging_mixin.py:188} INFO - [2026-05-13T06:11:04.627+0000] {dagbag.py:538} INFO - Filling up the DagBag from /opt/airflow/dags/dag.py
[2026-05-13T06:11:05.695+0000] {processor.py:840} INFO - DAG(s) 'workshop_etl_3' retrieved from /opt/airflow/dags/dag.py
[2026-05-13T06:11:05.880+0000] {logging_mixin.py:188} INFO - [2026-05-13T06:11:05.880+0000] {override.py:1769} INFO - Created Permission View: can edit on DAG:workshop_etl_3
[2026-05-13T06:11:05.888+0000] {logging_mixin.py:188} INFO - [2026-05-13T06:11:05.888+0000] {override.py:1769} INFO - Created Permission View: can read on DAG:workshop_etl_3
[2026-05-13T06:11:05.895+0000] {logging_mixin.py:188} INFO - [2026-05-13T06:11:05.894+0000] {override.py:1769} INFO - Created Permission View: can delete on DAG:workshop_etl_3
[2026-05-13T06:11:05.896+0000] {logging_mixin.py:188} INFO - [2026-05-13T06:11:05.895+0000] {dag.py:3036} INFO - Sync 1 DAGs
[2026-05-13T06:11:05.906+0000] {logging_mixin.py:188} INFO - [2026-05-13T06:11:05.906+0000] {dag.py:3058} INFO - Creating ORM DAG for workshop_etl_3
[2026-05-13T06:11:05.907+0000] {logging_mixin.py:188} INFO - [2026-05-13T06:11:05.907+0000] {dag.py:3823} INFO - Setting next_dagrun for workshop_etl_3 to None, run_after=None
[2026-05-13T06:11:05.926+0000] {processor.py:183} INFO - Processing /opt/airflow/dags/dag.py took 1.303 seconds
[2026-05-13T06:11:36.215+0000] {processor.py:161} INFO - Started process (PID=174) to work on /opt/airflow/dags/dag.py
[2026-05-13T06:11:36.216+0000] {processor.py:830} INFO - Processing file /opt/airflow/dags/dag.py for tasks to queue
[2026-05-13T06:11:36.217+0000] {logging_mixin.py:188} INFO - [2026-05-13T06:11:36.217+0000] {dagbag.py:538} INFO - Filling up the DagBag from /opt/airflow/dags/dag.py
[2026-05-13T06:11:36.465+0000] {processor.py:840} INFO - DAG(s) 'workshop_etl_3' retrieved from /opt/airflow/dags/dag.py
[2026-05-13T06:11:36.486+0000] {logging_mixin.py:188} INFO - [2026-05-13T06:11:36.485+0000] {dag.py:3036} INFO - Sync 1 DAGs
[2026-05-13T06:11:36.497+0000] {logging_mixin.py:188} INFO - [2026-05-13T06:11:36.497+0000] {dag.py:3823} INFO - Setting next_dagrun for workshop_etl_3 to None, run_after=None
[2026-05-13T06:11:36.518+0000] {processor.py:183} INFO - Processing /opt/airflow/dags/dag.py took 0.306 seconds
[2026-05-13T06:12:06.823+0000] {processor.py:161} INFO - Started process (PID=180) to work on /opt/airflow/dags/dag.py
[2026-05-13T06:12:06.825+0000] {processor.py:830} INFO - Processing file /opt/airflow/dags/dag.py for tasks to queue
[2026-05-13T06:12:06.826+0000] {logging_mixin.py:188} INFO - [2026-05-13T06:12:06.826+0000] {dagbag.py:538} INFO - Filling up the DagBag from /opt/airflow/dags/dag.py
[2026-05-13T06:12:07.065+0000] {processor.py:840} INFO - DAG(s) 'workshop_etl_3' retrieved from /opt/airflow/dags/dag.py
[2026-05-13T06:12:07.085+0000] {logging_mixin.py:188} INFO - [2026-05-13T06:12:07.084+0000] {dag.py:3036} INFO - Sync 1 DAGs
[2026-05-13T06:12:07.095+0000] {logging_mixin.py:188} INFO - [2026-05-13T06:12:07.095+0000] {dag.py:3823} INFO - Setting next_dagrun for workshop_etl_3 to None, run_after=None
[2026-05-13T06:12:07.116+0000] {processor.py:183} INFO - Processing /opt/airflow/dags/dag.py took 0.296 seconds
[2026-05-13T06:12:37.442+0000] {processor.py:161} INFO - Started process (PID=186) to work on /opt/airflow/dags/dag.py
[2026-05-13T06:12:37.443+0000] {processor.py:830} INFO - Processing file /opt/airflow/dags/dag.py for tasks to queue
[2026-05-13T06:12:37.444+0000] {logging_mixin.py:188} INFO - [2026-05-13T06:12:37.444+0000] {dagbag.py:538} INFO - Filling up the DagBag from /opt/airflow/dags/dag.py
[2026-05-13T06:12:37.683+0000] {processor.py:840} INFO - DAG(s) 'workshop_etl_3' retrieved from /opt/airflow/dags/dag.py
[2026-05-13T06:12:37.703+0000] {logging_mixin.py:188} INFO - [2026-05-13T06:12:37.703+0000] {dag.py:3036} INFO - Sync 1 DAGs
[2026-05-13T06:12:37.714+0000] {logging_mixin.py:188} INFO - [2026-05-13T06:12:37.713+0000] {dag.py:3823} INFO - Setting next_dagrun for workshop_etl_3 to None, run_after=None
[2026-05-13T06:12:37.735+0000] {processor.py:183} INFO - Processing /opt/airflow/dags/dag.py took 0.296 seconds
[2026-05-13T06:13:08.095+0000] {processor.py:161} INFO - Started process (PID=192) to work on /opt/airflow/dags/dag.py
[2026-05-13T06:13:08.097+0000] {processor.py:830} INFO - Processing file /opt/airflow/dags/dag.py for tasks to queue
[2026-05-13T06:13:08.098+0000] {logging_mixin.py:188} INFO - [2026-05-13T06:13:08.098+0000] {dagbag.py:538} INFO - Filling up the DagBag from /opt/airflow/dags/dag.py
[2026-05-13T06:13:08.367+0000] {processor.py:840} INFO - DAG(s) 'workshop_etl_3' retrieved from /opt/airflow/dags/dag.py
[2026-05-13T06:13:08.389+0000] {logging_mixin.py:188} INFO - [2026-05-13T06:13:08.389+0000] {dag.py:3036} INFO - Sync 1 DAGs
[2026-05-13T06:13:08.400+0000] {logging_mixin.py:188} INFO - [2026-05-13T06:13:08.399+0000] {dag.py:3823} INFO - Setting next_dagrun for workshop_etl_3 to None, run_after=None
[2026-05-13T06:13:08.421+0000] {processor.py:183} INFO - Processing /opt/airflow/dags/dag.py took 0.329 seconds
[2026-05-13T06:13:38.709+0000] {processor.py:161} INFO - Started process (PID=198) to work on /opt/airflow/dags/dag.py
[2026-05-13T06:13:38.710+0000] {processor.py:830} INFO - Processing file /opt/airflow/dags/dag.py for tasks to queue
[2026-05-13T06:13:38.711+0000] {logging_mixin.py:188} INFO - [2026-05-13T06:13:38.710+0000] {dagbag.py:538} INFO - Filling up the DagBag from /opt/airflow/dags/dag.py
[2026-05-13T06:13:38.980+0000] {processor.py:840} INFO - DAG(s) 'workshop_etl_3' retrieved from /opt/airflow/dags/dag.py
[2026-05-13T06:13:39.001+0000] {logging_mixin.py:188} INFO - [2026-05-13T06:13:39.001+0000] {dag.py:3036} INFO - Sync 1 DAGs
[2026-05-13T06:13:39.010+0000] {logging_mixin.py:188} INFO - [2026-05-13T06:13:39.010+0000] {dag.py:3823} INFO - Setting next_dagrun for workshop_etl_3 to None, run_after=None
[2026-05-13T06:13:39.030+0000] {processor.py:183} INFO - Processing /opt/airflow/dags/dag.py took 0.324 seconds
[2026-05-13T06:14:09.346+0000] {processor.py:161} INFO - Started process (PID=204) to work on /opt/airflow/dags/dag.py
[2026-05-13T06:14:09.347+0000] {processor.py:830} INFO - Processing file /opt/airflow/dags/dag.py for tasks to queue
[2026-05-13T06:14:09.348+0000] {logging_mixin.py:188} INFO - [2026-05-13T06:14:09.348+0000] {dagbag.py:538} INFO - Filling up the DagBag from /opt/airflow/dags/dag.py
[2026-05-13T06:14:09.577+0000] {processor.py:840} INFO - DAG(s) 'workshop_etl_3' retrieved from /opt/airflow/dags/dag.py
[2026-05-13T06:14:09.597+0000] {logging_mixin.py:188} INFO - [2026-05-13T06:14:09.597+0000] {dag.py:3036} INFO - Sync 1 DAGs
[2026-05-13T06:14:09.606+0000] {logging_mixin.py:188} INFO - [2026-05-13T06:14:09.606+0000] {dag.py:3823} INFO - Setting next_dagrun for workshop_etl_3 to None, run_after=None
[2026-05-13T06:14:09.631+0000] {processor.py:183} INFO - Processing /opt/airflow/dags/dag.py took 0.288 seconds
[2026-05-13T06:14:39.954+0000] {processor.py:161} INFO - Started process (PID=210) to work on /opt/airflow/dags/dag.py
[2026-05-13T06:14:39.955+0000] {processor.py:830} INFO - Processing file /opt/airflow/dags/dag.py for tasks to queue
[2026-05-13T06:14:39.956+0000] {logging_mixin.py:188} INFO - [2026-05-13T06:14:39.956+0000] {dagbag.py:538} INFO - Filling up the DagBag from /opt/airflow/dags/dag.py
[2026-05-13T06:14:40.196+0000] {processor.py:840} INFO - DAG(s) 'workshop_etl_3' retrieved from /opt/airflow/dags/dag.py
[2026-05-13T06:14:40.216+0000] {logging_mixin.py:188} INFO - [2026-05-13T06:14:40.216+0000] {dag.py:3036} INFO - Sync 1 DAGs
[2026-05-13T06:14:40.225+0000] {logging_mixin.py:188} INFO - [2026-05-13T06:14:40.225+0000] {dag.py:3823} INFO - Setting next_dagrun for workshop_etl_3 to None, run_after=None
[2026-05-13T06:14:40.246+0000] {processor.py:183} INFO - Processing /opt/airflow/dags/dag.py took 0.296 seconds
[2026-05-13T06:15:10.545+0000] {processor.py:161} INFO - Started process (PID=216) to work on /opt/airflow/dags/dag.py
[2026-05-13T06:15:10.546+0000] {processor.py:830} INFO - Processing file /opt/airflow/dags/dag.py for tasks to queue
[2026-05-13T06:15:10.547+0000] {logging_mixin.py:188} INFO - [2026-05-13T06:15:10.547+0000] {dagbag.py:538} INFO - Filling up the DagBag from /opt/airflow/dags/dag.py
[2026-05-13T06:15:10.802+0000] {processor.py:840} INFO - DAG(s) 'workshop_etl_3' retrieved from /opt/airflow/dags/dag.py
[2026-05-13T06:15:10.825+0000] {logging_mixin.py:188} INFO - [2026-05-13T06:15:10.825+0000] {dag.py:3036} INFO - Sync 1 DAGs
[2026-05-13T06:15:10.836+0000] {logging_mixin.py:188} INFO - [2026-05-13T06:15:10.836+0000] {dag.py:3823} INFO - Setting next_dagrun for workshop_etl_3 to None, run_after=None
[2026-05-13T06:15:10.860+0000] {processor.py:183} INFO - Processing /opt/airflow/dags/dag.py took 0.318 seconds
[2026-05-13T06:15:41.145+0000] {processor.py:161} INFO - Started process (PID=222) to work on /opt/airflow/dags/dag.py
[2026-05-13T06:15:41.146+0000] {processor.py:830} INFO - Processing file /opt/airflow/dags/dag.py for tasks to queue
[2026-05-13T06:15:41.147+0000] {logging_mixin.py:188} INFO - [2026-05-13T06:15:41.147+0000] {dagbag.py:538} INFO - Filling up the DagBag from /opt/airflow/dags/dag.py
[2026-05-13T06:15:41.399+0000] {processor.py:840} INFO - DAG(s) 'workshop_etl_3' retrieved from /opt/airflow/dags/dag.py
[2026-05-13T06:15:41.419+0000] {logging_mixin.py:188} INFO - [2026-05-13T06:15:41.419+0000] {dag.py:3036} INFO - Sync 1 DAGs
[2026-05-13T06:15:41.428+0000] {logging_mixin.py:188} INFO - [2026-05-13T06:15:41.428+0000] {dag.py:3823} INFO - Setting next_dagrun for workshop_etl_3 to None, run_after=None
[2026-05-13T06:15:41.448+0000] {processor.py:183} INFO - Processing /opt/airflow/dags/dag.py took 0.308 seconds
[2026-05-13T06:16:11.850+0000] {processor.py:161} INFO - Started process (PID=228) to work on /opt/airflow/dags/dag.py
[2026-05-13T06:16:11.852+0000] {processor.py:830} INFO - Processing file /opt/airflow/dags/dag.py for tasks to queue
[2026-05-13T06:16:11.853+0000] {logging_mixin.py:188} INFO - [2026-05-13T06:16:11.853+0000] {dagbag.py:538} INFO - Filling up the DagBag from /opt/airflow/dags/dag.py
[2026-05-13T06:16:12.092+0000] {processor.py:840} INFO - DAG(s) 'workshop_etl_3' retrieved from /opt/airflow/dags/dag.py
[2026-05-13T06:16:12.113+0000] {logging_mixin.py:188} INFO - [2026-05-13T06:16:12.113+0000] {dag.py:3036} INFO - Sync 1 DAGs
[2026-05-13T06:16:12.124+0000] {logging_mixin.py:188} INFO - [2026-05-13T06:16:12.123+0000] {dag.py:3823} INFO - Setting next_dagrun for workshop_etl_3 to None, run_after=None
[2026-05-13T06:16:12.145+0000] {processor.py:183} INFO - Processing /opt/airflow/dags/dag.py took 0.298 seconds
[2026-05-13T06:16:42.486+0000] {processor.py:161} INFO - Started process (PID=234) to work on /opt/airflow/dags/dag.py
[2026-05-13T06:16:42.487+0000] {processor.py:830} INFO - Processing file /opt/airflow/dags/dag.py for tasks to queue
[2026-05-13T06:16:42.488+0000] {logging_mixin.py:188} INFO - [2026-05-13T06:16:42.488+0000] {dagbag.py:538} INFO - Filling up the DagBag from /opt/airflow/dags/dag.py
[2026-05-13T06:16:42.766+0000] {logging_mixin.py:188} INFO - [2026-05-13T06:16:42.756+0000] {dagbag.py:348} ERROR - Failed to import: /opt/airflow/dags/dag.py
Traceback (most recent call last):
  File "/home/airflow/.local/lib/python3.11/site-packages/airflow/models/dagbag.py", line 344, in parse
    loader.exec_module(new_module)
  File "<frozen importlib._bootstrap_external>", line 940, in exec_module
  File "<frozen importlib._bootstrap>", line 241, in _call_with_frames_removed
  File "/opt/airflow/dags/dag.py", line 7, in <module>
    from scripts.transformaciones_general import normalize_source
ModuleNotFoundError: No module named 'scripts.transformaciones_general'
[2026-05-13T06:16:42.768+0000] {processor.py:842} WARNING - No viable dags retrieved from /opt/airflow/dags/dag.py
[2026-05-13T06:16:42.788+0000] {processor.py:183} INFO - Processing /opt/airflow/dags/dag.py took 0.305 seconds
[2026-05-13T06:16:51.971+0000] {processor.py:161} INFO - Started process (PID=240) to work on /opt/airflow/dags/dag.py
[2026-05-13T06:16:51.972+0000] {processor.py:830} INFO - Processing file /opt/airflow/dags/dag.py for tasks to queue
[2026-05-13T06:16:51.974+0000] {logging_mixin.py:188} INFO - [2026-05-13T06:16:51.973+0000] {dagbag.py:538} INFO - Filling up the DagBag from /opt/airflow/dags/dag.py
[2026-05-13T06:16:52.298+0000] {logging_mixin.py:188} INFO - [2026-05-13T06:16:52.290+0000] {dagbag.py:348} ERROR - Failed to import: /opt/airflow/dags/dag.py
Traceback (most recent call last):
  File "/home/airflow/.local/lib/python3.11/site-packages/airflow/models/dagbag.py", line 344, in parse
    loader.exec_module(new_module)
  File "<frozen importlib._bootstrap_external>", line 940, in exec_module
  File "<frozen importlib._bootstrap>", line 241, in _call_with_frames_removed
  File "/opt/airflow/dags/dag.py", line 7, in <module>
    from scripts.transformaciones_general import normalize_source
ModuleNotFoundError: No module named 'scripts.transformaciones_general'
[2026-05-13T06:16:52.300+0000] {processor.py:842} WARNING - No viable dags retrieved from /opt/airflow/dags/dag.py
[2026-05-13T06:16:52.320+0000] {processor.py:183} INFO - Processing /opt/airflow/dags/dag.py took 0.353 seconds
[2026-05-13T06:16:54.443+0000] {processor.py:161} INFO - Started process (PID=246) to work on /opt/airflow/dags/dag.py
[2026-05-13T06:16:54.445+0000] {processor.py:830} INFO - Processing file /opt/airflow/dags/dag.py for tasks to queue
[2026-05-13T06:16:54.446+0000] {logging_mixin.py:188} INFO - [2026-05-13T06:16:54.446+0000] {dagbag.py:538} INFO - Filling up the DagBag from /opt/airflow/dags/dag.py
[2026-05-13T06:16:54.709+0000] {logging_mixin.py:188} INFO - [2026-05-13T06:16:54.698+0000] {dagbag.py:348} ERROR - Failed to import: /opt/airflow/dags/dag.py
Traceback (most recent call last):
  File "/home/airflow/.local/lib/python3.11/site-packages/airflow/models/dagbag.py", line 344, in parse
    loader.exec_module(new_module)
  File "<frozen importlib._bootstrap_external>", line 940, in exec_module
  File "<frozen importlib._bootstrap>", line 241, in _call_with_frames_removed
  File "/opt/airflow/dags/dag.py", line 7, in <module>
    from scripts.transformaciones_general import normalize_source
ModuleNotFoundError: No module named 'scripts.transformaciones_general'
[2026-05-13T06:16:54.711+0000] {processor.py:842} WARNING - No viable dags retrieved from /opt/airflow/dags/dag.py
[2026-05-13T06:16:54.729+0000] {processor.py:183} INFO - Processing /opt/airflow/dags/dag.py took 0.293 seconds
[2026-05-13T06:17:03.563+0000] {processor.py:161} INFO - Started process (PID=252) to work on /opt/airflow/dags/dag.py
[2026-05-13T06:17:03.564+0000] {processor.py:830} INFO - Processing file /opt/airflow/dags/dag.py for tasks to queue
[2026-05-13T06:17:03.565+0000] {logging_mixin.py:188} INFO - [2026-05-13T06:17:03.565+0000] {dagbag.py:538} INFO - Filling up the DagBag from /opt/airflow/dags/dag.py
[2026-05-13T06:17:03.861+0000] {logging_mixin.py:188} INFO - [2026-05-13T06:17:03.851+0000] {dagbag.py:348} ERROR - Failed to import: /opt/airflow/dags/dag.py
Traceback (most recent call last):
  File "/home/airflow/.local/lib/python3.11/site-packages/airflow/models/dagbag.py", line 344, in parse
    loader.exec_module(new_module)
  File "<frozen importlib._bootstrap_external>", line 940, in exec_module
  File "<frozen importlib._bootstrap>", line 241, in _call_with_frames_removed
  File "/opt/airflow/dags/dag.py", line 7, in <module>
    from scripts.transformaciones_general import normalize_source
ModuleNotFoundError: No module named 'scripts.transformaciones_general'
[2026-05-13T06:17:03.863+0000] {processor.py:842} WARNING - No viable dags retrieved from /opt/airflow/dags/dag.py
[2026-05-13T06:17:03.882+0000] {processor.py:183} INFO - Processing /opt/airflow/dags/dag.py took 0.323 seconds
[2026-05-13T06:17:12.996+0000] {processor.py:161} INFO - Started process (PID=258) to work on /opt/airflow/dags/dag.py
[2026-05-13T06:17:12.997+0000] {processor.py:830} INFO - Processing file /opt/airflow/dags/dag.py for tasks to queue
[2026-05-13T06:17:12.998+0000] {logging_mixin.py:188} INFO - [2026-05-13T06:17:12.998+0000] {dagbag.py:538} INFO - Filling up the DagBag from /opt/airflow/dags/dag.py
[2026-05-13T06:17:13.231+0000] {logging_mixin.py:188} INFO - [2026-05-13T06:17:13.226+0000] {dagbag.py:348} ERROR - Failed to import: /opt/airflow/dags/dag.py
Traceback (most recent call last):
  File "/home/airflow/.local/lib/python3.11/site-packages/airflow/models/dagbag.py", line 344, in parse
    loader.exec_module(new_module)
  File "<frozen importlib._bootstrap_external>", line 940, in exec_module
  File "<frozen importlib._bootstrap>", line 241, in _call_with_frames_removed
  File "/opt/airflow/dags/dag.py", line 7, in <module>
    from scripts.transformaciones_general import normalize_source
ModuleNotFoundError: No module named 'scripts.transformaciones_general'
[2026-05-13T06:17:13.232+0000] {processor.py:842} WARNING - No viable dags retrieved from /opt/airflow/dags/dag.py
[2026-05-13T06:17:13.246+0000] {processor.py:183} INFO - Processing /opt/airflow/dags/dag.py took 0.253 seconds
[2026-05-13T06:17:29.244+0000] {processor.py:161} INFO - Started process (PID=264) to work on /opt/airflow/dags/dag.py
[2026-05-13T06:17:29.245+0000] {processor.py:830} INFO - Processing file /opt/airflow/dags/dag.py for tasks to queue
[2026-05-13T06:17:29.246+0000] {logging_mixin.py:188} INFO - [2026-05-13T06:17:29.246+0000] {dagbag.py:538} INFO - Filling up the DagBag from /opt/airflow/dags/dag.py
[2026-05-13T06:17:29.506+0000] {logging_mixin.py:188} INFO - [2026-05-13T06:17:29.497+0000] {dagbag.py:348} ERROR - Failed to import: /opt/airflow/dags/dag.py
Traceback (most recent call last):
  File "/home/airflow/.local/lib/python3.11/site-packages/airflow/models/dagbag.py", line 344, in parse
    loader.exec_module(new_module)
  File "<frozen importlib._bootstrap_external>", line 940, in exec_module
  File "<frozen importlib._bootstrap>", line 241, in _call_with_frames_removed
  File "/opt/airflow/dags/dag.py", line 7, in <module>
    from scripts.transformaciones_general import normalize_source
ModuleNotFoundError: No module named 'scripts.transformaciones_general'
[2026-05-13T06:17:29.508+0000] {processor.py:842} WARNING - No viable dags retrieved from /opt/airflow/dags/dag.py
[2026-05-13T06:17:29.524+0000] {processor.py:183} INFO - Processing /opt/airflow/dags/dag.py took 0.284 seconds
[2026-05-13T06:17:33.501+0000] {processor.py:161} INFO - Started process (PID=270) to work on /opt/airflow/dags/dag.py
[2026-05-13T06:17:33.502+0000] {processor.py:830} INFO - Processing file /opt/airflow/dags/dag.py for tasks to queue
[2026-05-13T06:17:33.503+0000] {logging_mixin.py:188} INFO - [2026-05-13T06:17:33.503+0000] {dagbag.py:538} INFO - Filling up the DagBag from /opt/airflow/dags/dag.py
[2026-05-13T06:17:33.795+0000] {logging_mixin.py:188} INFO - [2026-05-13T06:17:33.783+0000] {dagbag.py:348} ERROR - Failed to import: /opt/airflow/dags/dag.py
Traceback (most recent call last):
  File "/home/airflow/.local/lib/python3.11/site-packages/airflow/models/dagbag.py", line 344, in parse
    loader.exec_module(new_module)
  File "<frozen importlib._bootstrap_external>", line 940, in exec_module
  File "<frozen importlib._bootstrap>", line 241, in _call_with_frames_removed
  File "/opt/airflow/dags/dag.py", line 7, in <module>
    from scripts.transformaciones_general import normalize_source
ModuleNotFoundError: No module named 'scripts.transformaciones_general'
[2026-05-13T06:17:33.799+0000] {processor.py:842} WARNING - No viable dags retrieved from /opt/airflow/dags/dag.py
[2026-05-13T06:17:33.817+0000] {processor.py:183} INFO - Processing /opt/airflow/dags/dag.py took 0.319 seconds
[2026-05-13T06:17:48.792+0000] {processor.py:161} INFO - Started process (PID=276) to work on /opt/airflow/dags/dag.py
[2026-05-13T06:17:48.793+0000] {processor.py:830} INFO - Processing file /opt/airflow/dags/dag.py for tasks to queue
[2026-05-13T06:17:48.794+0000] {logging_mixin.py:188} INFO - [2026-05-13T06:17:48.794+0000] {dagbag.py:538} INFO - Filling up the DagBag from /opt/airflow/dags/dag.py
[2026-05-13T06:17:49.077+0000] {logging_mixin.py:188} INFO - [2026-05-13T06:17:49.065+0000] {dagbag.py:348} ERROR - Failed to import: /opt/airflow/dags/dag.py
Traceback (most recent call last):
  File "/home/airflow/.local/lib/python3.11/site-packages/airflow/models/dagbag.py", line 344, in parse
    loader.exec_module(new_module)
  File "<frozen importlib._bootstrap_external>", line 940, in exec_module
  File "<frozen importlib._bootstrap>", line 241, in _call_with_frames_removed
  File "/opt/airflow/dags/dag.py", line 7, in <module>
    from scripts.transformaciones_general import normalize_source
ModuleNotFoundError: No module named 'scripts.transformaciones_general'
[2026-05-13T06:17:49.081+0000] {processor.py:842} WARNING - No viable dags retrieved from /opt/airflow/dags/dag.py
[2026-05-13T06:17:49.099+0000] {processor.py:183} INFO - Processing /opt/airflow/dags/dag.py took 0.309 seconds
[2026-05-13T06:17:50.032+0000] {processor.py:161} INFO - Started process (PID=282) to work on /opt/airflow/dags/dag.py
[2026-05-13T06:17:50.033+0000] {processor.py:830} INFO - Processing file /opt/airflow/dags/dag.py for tasks to queue
[2026-05-13T06:17:50.035+0000] {logging_mixin.py:188} INFO - [2026-05-13T06:17:50.034+0000] {dagbag.py:538} INFO - Filling up the DagBag from /opt/airflow/dags/dag.py
[2026-05-13T06:17:50.327+0000] {logging_mixin.py:188} INFO - [2026-05-13T06:17:50.316+0000] {dagbag.py:348} ERROR - Failed to import: /opt/airflow/dags/dag.py
Traceback (most recent call last):
  File "/home/airflow/.local/lib/python3.11/site-packages/airflow/models/dagbag.py", line 344, in parse
    loader.exec_module(new_module)
  File "<frozen importlib._bootstrap_external>", line 940, in exec_module
  File "<frozen importlib._bootstrap>", line 241, in _call_with_frames_removed
  File "/opt/airflow/dags/dag.py", line 7, in <module>
    from scripts.transformaciones_general import normalize_source
ModuleNotFoundError: No module named 'scripts.transformaciones_general'
[2026-05-13T06:17:50.328+0000] {processor.py:842} WARNING - No viable dags retrieved from /opt/airflow/dags/dag.py
[2026-05-13T06:17:50.344+0000] {processor.py:183} INFO - Processing /opt/airflow/dags/dag.py took 0.315 seconds
[2026-05-13T06:17:51.197+0000] {processor.py:161} INFO - Started process (PID=288) to work on /opt/airflow/dags/dag.py
[2026-05-13T06:17:51.200+0000] {processor.py:830} INFO - Processing file /opt/airflow/dags/dag.py for tasks to queue
[2026-05-13T06:17:51.201+0000] {logging_mixin.py:188} INFO - [2026-05-13T06:17:51.201+0000] {dagbag.py:538} INFO - Filling up the DagBag from /opt/airflow/dags/dag.py
[2026-05-13T06:17:51.485+0000] {logging_mixin.py:188} INFO - [2026-05-13T06:17:51.478+0000] {dagbag.py:348} ERROR - Failed to import: /opt/airflow/dags/dag.py
Traceback (most recent call last):
  File "/home/airflow/.local/lib/python3.11/site-packages/airflow/models/dagbag.py", line 344, in parse
    loader.exec_module(new_module)
  File "<frozen importlib._bootstrap_external>", line 940, in exec_module
  File "<frozen importlib._bootstrap>", line 241, in _call_with_frames_removed
  File "/opt/airflow/dags/dag.py", line 7, in <module>
    from scripts.transformaciones_general import normalize_source
ModuleNotFoundError: No module named 'scripts.transformaciones_general'
[2026-05-13T06:17:51.486+0000] {processor.py:842} WARNING - No viable dags retrieved from /opt/airflow/dags/dag.py
[2026-05-13T06:17:51.502+0000] {processor.py:183} INFO - Processing /opt/airflow/dags/dag.py took 0.308 seconds
[2026-05-13T06:18:02.544+0000] {processor.py:161} INFO - Started process (PID=294) to work on /opt/airflow/dags/dag.py
[2026-05-13T06:18:02.546+0000] {processor.py:830} INFO - Processing file /opt/airflow/dags/dag.py for tasks to queue
[2026-05-13T06:18:02.547+0000] {logging_mixin.py:188} INFO - [2026-05-13T06:18:02.547+0000] {dagbag.py:538} INFO - Filling up the DagBag from /opt/airflow/dags/dag.py
[2026-05-13T06:18:02.824+0000] {logging_mixin.py:188} INFO - [2026-05-13T06:18:02.818+0000] {dagbag.py:348} ERROR - Failed to import: /opt/airflow/dags/dag.py
Traceback (most recent call last):
  File "/home/airflow/.local/lib/python3.11/site-packages/airflow/models/dagbag.py", line 344, in parse
    loader.exec_module(new_module)
  File "<frozen importlib._bootstrap_external>", line 940, in exec_module
  File "<frozen importlib._bootstrap>", line 241, in _call_with_frames_removed
  File "/opt/airflow/dags/dag.py", line 7, in <module>
    from scripts.transformaciones_general import normalize_source
ModuleNotFoundError: No module named 'scripts.transformaciones_general'
[2026-05-13T06:18:02.825+0000] {processor.py:842} WARNING - No viable dags retrieved from /opt/airflow/dags/dag.py
[2026-05-13T06:18:02.843+0000] {processor.py:183} INFO - Processing /opt/airflow/dags/dag.py took 0.301 seconds
[2026-05-13T06:18:07.718+0000] {processor.py:161} INFO - Started process (PID=300) to work on /opt/airflow/dags/dag.py
[2026-05-13T06:18:07.719+0000] {processor.py:830} INFO - Processing file /opt/airflow/dags/dag.py for tasks to queue
[2026-05-13T06:18:07.720+0000] {logging_mixin.py:188} INFO - [2026-05-13T06:18:07.720+0000] {dagbag.py:538} INFO - Filling up the DagBag from /opt/airflow/dags/dag.py
[2026-05-13T06:18:07.984+0000] {logging_mixin.py:188} INFO - [2026-05-13T06:18:07.972+0000] {dagbag.py:348} ERROR - Failed to import: /opt/airflow/dags/dag.py
Traceback (most recent call last):
  File "/home/airflow/.local/lib/python3.11/site-packages/airflow/models/dagbag.py", line 344, in parse
    loader.exec_module(new_module)
  File "<frozen importlib._bootstrap_external>", line 940, in exec_module
  File "<frozen importlib._bootstrap>", line 241, in _call_with_frames_removed
  File "/opt/airflow/dags/dag.py", line 7, in <module>
    from scripts.transformaciones_general import normalize_source
ModuleNotFoundError: No module named 'scripts.transformaciones_general'
[2026-05-13T06:18:07.987+0000] {processor.py:842} WARNING - No viable dags retrieved from /opt/airflow/dags/dag.py
[2026-05-13T06:18:08.007+0000] {processor.py:183} INFO - Processing /opt/airflow/dags/dag.py took 0.293 seconds
[2026-05-13T06:18:08.975+0000] {processor.py:161} INFO - Started process (PID=306) to work on /opt/airflow/dags/dag.py
[2026-05-13T06:18:08.976+0000] {processor.py:830} INFO - Processing file /opt/airflow/dags/dag.py for tasks to queue
[2026-05-13T06:18:08.977+0000] {logging_mixin.py:188} INFO - [2026-05-13T06:18:08.977+0000] {dagbag.py:538} INFO - Filling up the DagBag from /opt/airflow/dags/dag.py
[2026-05-13T06:18:09.228+0000] {logging_mixin.py:188} INFO - [2026-05-13T06:18:09.219+0000] {dagbag.py:348} ERROR - Failed to import: /opt/airflow/dags/dag.py
Traceback (most recent call last):
  File "/home/airflow/.local/lib/python3.11/site-packages/airflow/models/dagbag.py", line 344, in parse
    loader.exec_module(new_module)
  File "<frozen importlib._bootstrap_external>", line 940, in exec_module
  File "<frozen importlib._bootstrap>", line 241, in _call_with_frames_removed
  File "/opt/airflow/dags/dag.py", line 7, in <module>
    from scripts.transformaciones_general import normalize_source
ModuleNotFoundError: No module named 'scripts.transformaciones_general'
[2026-05-13T06:18:09.229+0000] {processor.py:842} WARNING - No viable dags retrieved from /opt/airflow/dags/dag.py
[2026-05-13T06:18:09.244+0000] {processor.py:183} INFO - Processing /opt/airflow/dags/dag.py took 0.271 seconds
[2026-05-13T06:18:37.359+0000] {processor.py:161} INFO - Started process (PID=312) to work on /opt/airflow/dags/dag.py
[2026-05-13T06:18:37.361+0000] {processor.py:830} INFO - Processing file /opt/airflow/dags/dag.py for tasks to queue
[2026-05-13T06:18:37.362+0000] {logging_mixin.py:188} INFO - [2026-05-13T06:18:37.362+0000] {dagbag.py:538} INFO - Filling up the DagBag from /opt/airflow/dags/dag.py
[2026-05-13T06:18:37.706+0000] {logging_mixin.py:188} INFO - [2026-05-13T06:18:37.697+0000] {dagbag.py:348} ERROR - Failed to import: /opt/airflow/dags/dag.py
Traceback (most recent call last):
  File "/home/airflow/.local/lib/python3.11/site-packages/airflow/models/dagbag.py", line 344, in parse
    loader.exec_module(new_module)
  File "<frozen importlib._bootstrap_external>", line 940, in exec_module
  File "<frozen importlib._bootstrap>", line 241, in _call_with_frames_removed
  File "/opt/airflow/dags/dag.py", line 7, in <module>
    from scripts.transformaciones_general import normalize_source
ModuleNotFoundError: No module named 'scripts.transformaciones_general'
[2026-05-13T06:18:37.709+0000] {processor.py:842} WARNING - No viable dags retrieved from /opt/airflow/dags/dag.py
[2026-05-13T06:18:37.725+0000] {processor.py:183} INFO - Processing /opt/airflow/dags/dag.py took 0.370 seconds
[2026-05-13T06:18:39.576+0000] {processor.py:161} INFO - Started process (PID=318) to work on /opt/airflow/dags/dag.py
[2026-05-13T06:18:39.577+0000] {processor.py:830} INFO - Processing file /opt/airflow/dags/dag.py for tasks to queue
[2026-05-13T06:18:39.578+0000] {logging_mixin.py:188} INFO - [2026-05-13T06:18:39.577+0000] {dagbag.py:538} INFO - Filling up the DagBag from /opt/airflow/dags/dag.py
[2026-05-13T06:18:39.848+0000] {logging_mixin.py:188} INFO - [2026-05-13T06:18:39.836+0000] {dagbag.py:348} ERROR - Failed to import: /opt/airflow/dags/dag.py
Traceback (most recent call last):
  File "/home/airflow/.local/lib/python3.11/site-packages/airflow/models/dagbag.py", line 344, in parse
    loader.exec_module(new_module)
  File "<frozen importlib._bootstrap_external>", line 940, in exec_module
  File "<frozen importlib._bootstrap>", line 241, in _call_with_frames_removed
  File "/opt/airflow/dags/dag.py", line 7, in <module>
    from scripts.transformaciones_general import normalize_source
ModuleNotFoundError: No module named 'scripts.transformaciones_general'
[2026-05-13T06:18:39.851+0000] {processor.py:842} WARNING - No viable dags retrieved from /opt/airflow/dags/dag.py
[2026-05-13T06:18:39.875+0000] {processor.py:183} INFO - Processing /opt/airflow/dags/dag.py took 0.303 seconds
[2026-05-13T06:18:47.912+0000] {processor.py:161} INFO - Started process (PID=324) to work on /opt/airflow/dags/dag.py
[2026-05-13T06:18:47.914+0000] {processor.py:830} INFO - Processing file /opt/airflow/dags/dag.py for tasks to queue
[2026-05-13T06:18:47.915+0000] {logging_mixin.py:188} INFO - [2026-05-13T06:18:47.915+0000] {dagbag.py:538} INFO - Filling up the DagBag from /opt/airflow/dags/dag.py
[2026-05-13T06:18:48.206+0000] {logging_mixin.py:188} INFO - [2026-05-13T06:18:48.201+0000] {dagbag.py:348} ERROR - Failed to import: /opt/airflow/dags/dag.py
Traceback (most recent call last):
  File "/home/airflow/.local/lib/python3.11/site-packages/airflow/models/dagbag.py", line 344, in parse
    loader.exec_module(new_module)
  File "<frozen importlib._bootstrap_external>", line 940, in exec_module
  File "<frozen importlib._bootstrap>", line 241, in _call_with_frames_removed
  File "/opt/airflow/dags/dag.py", line 7, in <module>
    from scripts.transformaciones_general import normalize_source
ModuleNotFoundError: No module named 'scripts.transformaciones_general'
[2026-05-13T06:18:48.207+0000] {processor.py:842} WARNING - No viable dags retrieved from /opt/airflow/dags/dag.py
[2026-05-13T06:18:48.223+0000] {processor.py:183} INFO - Processing /opt/airflow/dags/dag.py took 0.314 seconds
[2026-05-13T06:18:56.135+0000] {processor.py:161} INFO - Started process (PID=330) to work on /opt/airflow/dags/dag.py
[2026-05-13T06:18:56.137+0000] {processor.py:830} INFO - Processing file /opt/airflow/dags/dag.py for tasks to queue
[2026-05-13T06:18:56.139+0000] {logging_mixin.py:188} INFO - [2026-05-13T06:18:56.138+0000] {dagbag.py:538} INFO - Filling up the DagBag from /opt/airflow/dags/dag.py
[2026-05-13T06:18:56.429+0000] {logging_mixin.py:188} INFO - [2026-05-13T06:18:56.421+0000] {dagbag.py:348} ERROR - Failed to import: /opt/airflow/dags/dag.py
Traceback (most recent call last):
  File "/home/airflow/.local/lib/python3.11/site-packages/airflow/models/dagbag.py", line 344, in parse
    loader.exec_module(new_module)
  File "<frozen importlib._bootstrap_external>", line 940, in exec_module
  File "<frozen importlib._bootstrap>", line 241, in _call_with_frames_removed
  File "/opt/airflow/dags/dag.py", line 7, in <module>
    from scripts.transformaciones_general import normalize_source
ModuleNotFoundError: No module named 'scripts.transformaciones_general'
[2026-05-13T06:18:56.430+0000] {processor.py:842} WARNING - No viable dags retrieved from /opt/airflow/dags/dag.py
[2026-05-13T06:18:56.446+0000] {processor.py:183} INFO - Processing /opt/airflow/dags/dag.py took 0.317 seconds
[2026-05-13T06:18:59.413+0000] {processor.py:161} INFO - Started process (PID=336) to work on /opt/airflow/dags/dag.py
[2026-05-13T06:18:59.414+0000] {processor.py:830} INFO - Processing file /opt/airflow/dags/dag.py for tasks to queue
[2026-05-13T06:18:59.415+0000] {logging_mixin.py:188} INFO - [2026-05-13T06:18:59.415+0000] {dagbag.py:538} INFO - Filling up the DagBag from /opt/airflow/dags/dag.py
[2026-05-13T06:18:59.680+0000] {logging_mixin.py:188} INFO - [2026-05-13T06:18:59.671+0000] {dagbag.py:348} ERROR - Failed to import: /opt/airflow/dags/dag.py
Traceback (most recent call last):
  File "/home/airflow/.local/lib/python3.11/site-packages/airflow/models/dagbag.py", line 344, in parse
    loader.exec_module(new_module)
  File "<frozen importlib._bootstrap_external>", line 940, in exec_module
  File "<frozen importlib._bootstrap>", line 241, in _call_with_frames_removed
  File "/opt/airflow/dags/dag.py", line 7, in <module>
    from scripts.transformaciones_general import normalize_source
ModuleNotFoundError: No module named 'scripts.transformaciones_general'
[2026-05-13T06:18:59.682+0000] {processor.py:842} WARNING - No viable dags retrieved from /opt/airflow/dags/dag.py
[2026-05-13T06:18:59.698+0000] {processor.py:183} INFO - Processing /opt/airflow/dags/dag.py took 0.289 seconds
[2026-05-13T06:19:04.850+0000] {processor.py:161} INFO - Started process (PID=342) to work on /opt/airflow/dags/dag.py
[2026-05-13T06:19:04.852+0000] {processor.py:830} INFO - Processing file /opt/airflow/dags/dag.py for tasks to queue
[2026-05-13T06:19:04.853+0000] {logging_mixin.py:188} INFO - [2026-05-13T06:19:04.852+0000] {dagbag.py:538} INFO - Filling up the DagBag from /opt/airflow/dags/dag.py
[2026-05-13T06:19:05.147+0000] {logging_mixin.py:188} INFO - [2026-05-13T06:19:05.135+0000] {dagbag.py:348} ERROR - Failed to import: /opt/airflow/dags/dag.py
Traceback (most recent call last):
  File "/home/airflow/.local/lib/python3.11/site-packages/airflow/models/dagbag.py", line 344, in parse
    loader.exec_module(new_module)
  File "<frozen importlib._bootstrap_external>", line 940, in exec_module
  File "<frozen importlib._bootstrap>", line 241, in _call_with_frames_removed
  File "/opt/airflow/dags/dag.py", line 7, in <module>
    from scripts.transformaciones_general import normalize_source
ModuleNotFoundError: No module named 'scripts.transformaciones_general'
[2026-05-13T06:19:05.149+0000] {processor.py:842} WARNING - No viable dags retrieved from /opt/airflow/dags/dag.py
[2026-05-13T06:19:05.167+0000] {processor.py:183} INFO - Processing /opt/airflow/dags/dag.py took 0.320 seconds
[2026-05-13T06:19:13.955+0000] {processor.py:161} INFO - Started process (PID=348) to work on /opt/airflow/dags/dag.py
[2026-05-13T06:19:13.956+0000] {processor.py:830} INFO - Processing file /opt/airflow/dags/dag.py for tasks to queue
[2026-05-13T06:19:13.957+0000] {logging_mixin.py:188} INFO - [2026-05-13T06:19:13.957+0000] {dagbag.py:538} INFO - Filling up the DagBag from /opt/airflow/dags/dag.py
[2026-05-13T06:19:14.228+0000] {logging_mixin.py:188} INFO - [2026-05-13T06:19:14.218+0000] {dagbag.py:348} ERROR - Failed to import: /opt/airflow/dags/dag.py
Traceback (most recent call last):
  File "/home/airflow/.local/lib/python3.11/site-packages/airflow/models/dagbag.py", line 344, in parse
    loader.exec_module(new_module)
  File "<frozen importlib._bootstrap_external>", line 940, in exec_module
  File "<frozen importlib._bootstrap>", line 241, in _call_with_frames_removed
  File "/opt/airflow/dags/dag.py", line 7, in <module>
    from scripts.transformaciones_general import normalize_source
ModuleNotFoundError: No module named 'scripts.transformaciones_general'
[2026-05-13T06:19:14.232+0000] {processor.py:842} WARNING - No viable dags retrieved from /opt/airflow/dags/dag.py
[2026-05-13T06:19:14.257+0000] {processor.py:183} INFO - Processing /opt/airflow/dags/dag.py took 0.306 seconds
[2026-05-13T06:19:17.344+0000] {processor.py:161} INFO - Started process (PID=354) to work on /opt/airflow/dags/dag.py
[2026-05-13T06:19:17.345+0000] {processor.py:830} INFO - Processing file /opt/airflow/dags/dag.py for tasks to queue
[2026-05-13T06:19:17.346+0000] {logging_mixin.py:188} INFO - [2026-05-13T06:19:17.346+0000] {dagbag.py:538} INFO - Filling up the DagBag from /opt/airflow/dags/dag.py
[2026-05-13T06:19:17.586+0000] {logging_mixin.py:188} INFO - [2026-05-13T06:19:17.578+0000] {dagbag.py:348} ERROR - Failed to import: /opt/airflow/dags/dag.py
Traceback (most recent call last):
  File "/home/airflow/.local/lib/python3.11/site-packages/airflow/models/dagbag.py", line 344, in parse
    loader.exec_module(new_module)
  File "<frozen importlib._bootstrap_external>", line 940, in exec_module
  File "<frozen importlib._bootstrap>", line 241, in _call_with_frames_removed
  File "/opt/airflow/dags/dag.py", line 7, in <module>
    from scripts.transformaciones_general import normalize_source
ModuleNotFoundError: No module named 'scripts.transformaciones_general'
[2026-05-13T06:19:17.587+0000] {processor.py:842} WARNING - No viable dags retrieved from /opt/airflow/dags/dag.py
[2026-05-13T06:19:17.602+0000] {processor.py:183} INFO - Processing /opt/airflow/dags/dag.py took 0.260 seconds
[2026-05-13T06:19:18.414+0000] {processor.py:161} INFO - Started process (PID=360) to work on /opt/airflow/dags/dag.py
[2026-05-13T06:19:18.415+0000] {processor.py:830} INFO - Processing file /opt/airflow/dags/dag.py for tasks to queue
[2026-05-13T06:19:18.417+0000] {logging_mixin.py:188} INFO - [2026-05-13T06:19:18.416+0000] {dagbag.py:538} INFO - Filling up the DagBag from /opt/airflow/dags/dag.py
[2026-05-13T06:19:18.661+0000] {logging_mixin.py:188} INFO - [2026-05-13T06:19:18.652+0000] {dagbag.py:348} ERROR - Failed to import: /opt/airflow/dags/dag.py
Traceback (most recent call last):
  File "/home/airflow/.local/lib/python3.11/site-packages/airflow/models/dagbag.py", line 344, in parse
    loader.exec_module(new_module)
  File "<frozen importlib._bootstrap_external>", line 940, in exec_module
  File "<frozen importlib._bootstrap>", line 241, in _call_with_frames_removed
  File "/opt/airflow/dags/dag.py", line 7, in <module>
    from scripts.transformaciones_general import normalize_source
ModuleNotFoundError: No module named 'scripts.transformaciones_general'
[2026-05-13T06:19:18.663+0000] {processor.py:842} WARNING - No viable dags retrieved from /opt/airflow/dags/dag.py
[2026-05-13T06:19:18.688+0000] {processor.py:183} INFO - Processing /opt/airflow/dags/dag.py took 0.277 seconds
[2026-05-13T06:19:22.741+0000] {processor.py:161} INFO - Started process (PID=366) to work on /opt/airflow/dags/dag.py
[2026-05-13T06:19:22.743+0000] {processor.py:830} INFO - Processing file /opt/airflow/dags/dag.py for tasks to queue
[2026-05-13T06:19:22.744+0000] {logging_mixin.py:188} INFO - [2026-05-13T06:19:22.744+0000] {dagbag.py:538} INFO - Filling up the DagBag from /opt/airflow/dags/dag.py
[2026-05-13T06:19:23.052+0000] {logging_mixin.py:188} INFO - [2026-05-13T06:19:23.044+0000] {dagbag.py:348} ERROR - Failed to import: /opt/airflow/dags/dag.py
Traceback (most recent call last):
  File "/home/airflow/.local/lib/python3.11/site-packages/airflow/models/dagbag.py", line 344, in parse
    loader.exec_module(new_module)
  File "<frozen importlib._bootstrap_external>", line 940, in exec_module
  File "<frozen importlib._bootstrap>", line 241, in _call_with_frames_removed
  File "/opt/airflow/dags/dag.py", line 7, in <module>
    from scripts.transformaciones_general import normalize_source
ModuleNotFoundError: No module named 'scripts.transformaciones_general'
[2026-05-13T06:19:23.054+0000] {processor.py:842} WARNING - No viable dags retrieved from /opt/airflow/dags/dag.py
[2026-05-13T06:19:23.071+0000] {processor.py:183} INFO - Processing /opt/airflow/dags/dag.py took 0.334 seconds
[2026-05-13T06:19:24.157+0000] {processor.py:161} INFO - Started process (PID=372) to work on /opt/airflow/dags/dag.py
[2026-05-13T06:19:24.158+0000] {processor.py:830} INFO - Processing file /opt/airflow/dags/dag.py for tasks to queue
[2026-05-13T06:19:24.159+0000] {logging_mixin.py:188} INFO - [2026-05-13T06:19:24.159+0000] {dagbag.py:538} INFO - Filling up the DagBag from /opt/airflow/dags/dag.py
[2026-05-13T06:19:24.412+0000] {logging_mixin.py:188} INFO - [2026-05-13T06:19:24.401+0000] {dagbag.py:348} ERROR - Failed to import: /opt/airflow/dags/dag.py
Traceback (most recent call last):
  File "/home/airflow/.local/lib/python3.11/site-packages/airflow/models/dagbag.py", line 344, in parse
    loader.exec_module(new_module)
  File "<frozen importlib._bootstrap_external>", line 940, in exec_module
  File "<frozen importlib._bootstrap>", line 241, in _call_with_frames_removed
  File "/opt/airflow/dags/dag.py", line 7, in <module>
    from scripts.transformaciones_general import normalize_source
ModuleNotFoundError: No module named 'scripts.transformaciones_general'
[2026-05-13T06:19:24.413+0000] {processor.py:842} WARNING - No viable dags retrieved from /opt/airflow/dags/dag.py
[2026-05-13T06:19:24.432+0000] {processor.py:183} INFO - Processing /opt/airflow/dags/dag.py took 0.279 seconds
[2026-05-13T06:19:30.276+0000] {processor.py:161} INFO - Started process (PID=378) to work on /opt/airflow/dags/dag.py
[2026-05-13T06:19:30.278+0000] {processor.py:830} INFO - Processing file /opt/airflow/dags/dag.py for tasks to queue
[2026-05-13T06:19:30.279+0000] {logging_mixin.py:188} INFO - [2026-05-13T06:19:30.279+0000] {dagbag.py:538} INFO - Filling up the DagBag from /opt/airflow/dags/dag.py
[2026-05-13T06:19:30.530+0000] {logging_mixin.py:188} INFO - [2026-05-13T06:19:30.524+0000] {dagbag.py:348} ERROR - Failed to import: /opt/airflow/dags/dag.py
Traceback (most recent call last):
  File "/home/airflow/.local/lib/python3.11/site-packages/airflow/models/dagbag.py", line 344, in parse
    loader.exec_module(new_module)
  File "<frozen importlib._bootstrap_external>", line 940, in exec_module
  File "<frozen importlib._bootstrap>", line 241, in _call_with_frames_removed
  File "/opt/airflow/dags/dag.py", line 7, in <module>
    from scripts.transformaciones_general import normalize_source
ModuleNotFoundError: No module named 'scripts.transformaciones_general'
[2026-05-13T06:19:30.531+0000] {processor.py:842} WARNING - No viable dags retrieved from /opt/airflow/dags/dag.py
[2026-05-13T06:19:30.546+0000] {processor.py:183} INFO - Processing /opt/airflow/dags/dag.py took 0.273 seconds
[2026-05-13T06:19:32.602+0000] {processor.py:161} INFO - Started process (PID=384) to work on /opt/airflow/dags/dag.py
[2026-05-13T06:19:32.603+0000] {processor.py:830} INFO - Processing file /opt/airflow/dags/dag.py for tasks to queue
[2026-05-13T06:19:32.603+0000] {logging_mixin.py:188} INFO - [2026-05-13T06:19:32.603+0000] {dagbag.py:538} INFO - Filling up the DagBag from /opt/airflow/dags/dag.py
[2026-05-13T06:19:32.862+0000] {logging_mixin.py:188} INFO - [2026-05-13T06:19:32.857+0000] {dagbag.py:348} ERROR - Failed to import: /opt/airflow/dags/dag.py
Traceback (most recent call last):
  File "/home/airflow/.local/lib/python3.11/site-packages/airflow/models/dagbag.py", line 344, in parse
    loader.exec_module(new_module)
  File "<frozen importlib._bootstrap_external>", line 940, in exec_module
  File "<frozen importlib._bootstrap>", line 241, in _call_with_frames_removed
  File "/opt/airflow/dags/dag.py", line 7, in <module>
    from scripts.transformaciones_general import normalize_source
ModuleNotFoundError: No module named 'scripts.transformaciones_general'
[2026-05-13T06:19:32.864+0000] {processor.py:842} WARNING - No viable dags retrieved from /opt/airflow/dags/dag.py
[2026-05-13T06:19:32.880+0000] {processor.py:183} INFO - Processing /opt/airflow/dags/dag.py took 0.281 seconds
[2026-05-13T06:19:34.686+0000] {processor.py:161} INFO - Started process (PID=390) to work on /opt/airflow/dags/dag.py
[2026-05-13T06:19:34.688+0000] {processor.py:830} INFO - Processing file /opt/airflow/dags/dag.py for tasks to queue
[2026-05-13T06:19:34.689+0000] {logging_mixin.py:188} INFO - [2026-05-13T06:19:34.689+0000] {dagbag.py:538} INFO - Filling up the DagBag from /opt/airflow/dags/dag.py
[2026-05-13T06:19:34.957+0000] {logging_mixin.py:188} INFO - [2026-05-13T06:19:34.949+0000] {dagbag.py:348} ERROR - Failed to import: /opt/airflow/dags/dag.py
Traceback (most recent call last):
  File "/home/airflow/.local/lib/python3.11/site-packages/airflow/models/dagbag.py", line 344, in parse
    loader.exec_module(new_module)
  File "<frozen importlib._bootstrap_external>", line 940, in exec_module
  File "<frozen importlib._bootstrap>", line 241, in _call_with_frames_removed
  File "/opt/airflow/dags/dag.py", line 7, in <module>
    from scripts.transformaciones_general import normalize_source
ModuleNotFoundError: No module named 'scripts.transformaciones_general'
[2026-05-13T06:19:34.958+0000] {processor.py:842} WARNING - No viable dags retrieved from /opt/airflow/dags/dag.py
[2026-05-13T06:19:34.972+0000] {processor.py:183} INFO - Processing /opt/airflow/dags/dag.py took 0.291 seconds
[2026-05-13T06:19:36.999+0000] {processor.py:161} INFO - Started process (PID=396) to work on /opt/airflow/dags/dag.py
[2026-05-13T06:19:37.000+0000] {processor.py:830} INFO - Processing file /opt/airflow/dags/dag.py for tasks to queue
[2026-05-13T06:19:37.001+0000] {logging_mixin.py:188} INFO - [2026-05-13T06:19:37.001+0000] {dagbag.py:538} INFO - Filling up the DagBag from /opt/airflow/dags/dag.py
[2026-05-13T06:19:37.264+0000] {logging_mixin.py:188} INFO - [2026-05-13T06:19:37.256+0000] {dagbag.py:348} ERROR - Failed to import: /opt/airflow/dags/dag.py
Traceback (most recent call last):
  File "/home/airflow/.local/lib/python3.11/site-packages/airflow/models/dagbag.py", line 344, in parse
    loader.exec_module(new_module)
  File "<frozen importlib._bootstrap_external>", line 940, in exec_module
  File "<frozen importlib._bootstrap>", line 241, in _call_with_frames_removed
  File "/opt/airflow/dags/dag.py", line 7, in <module>
    from scripts.transformaciones_general import normalize_source
ModuleNotFoundError: No module named 'scripts.transformaciones_general'
[2026-05-13T06:19:37.266+0000] {processor.py:842} WARNING - No viable dags retrieved from /opt/airflow/dags/dag.py
[2026-05-13T06:19:37.285+0000] {processor.py:183} INFO - Processing /opt/airflow/dags/dag.py took 0.289 seconds
[2026-05-13T06:20:07.582+0000] {processor.py:161} INFO - Started process (PID=402) to work on /opt/airflow/dags/dag.py
[2026-05-13T06:20:07.584+0000] {processor.py:830} INFO - Processing file /opt/airflow/dags/dag.py for tasks to queue
[2026-05-13T06:20:07.585+0000] {logging_mixin.py:188} INFO - [2026-05-13T06:20:07.585+0000] {dagbag.py:538} INFO - Filling up the DagBag from /opt/airflow/dags/dag.py
[2026-05-13T06:20:07.842+0000] {logging_mixin.py:188} INFO - [2026-05-13T06:20:07.834+0000] {dagbag.py:348} ERROR - Failed to import: /opt/airflow/dags/dag.py
Traceback (most recent call last):
  File "/home/airflow/.local/lib/python3.11/site-packages/airflow/models/dagbag.py", line 344, in parse
    loader.exec_module(new_module)
  File "<frozen importlib._bootstrap_external>", line 940, in exec_module
  File "<frozen importlib._bootstrap>", line 241, in _call_with_frames_removed
  File "/opt/airflow/dags/dag.py", line 7, in <module>
    from scripts.transformaciones_general import normalize_source
ModuleNotFoundError: No module named 'scripts.transformaciones_general'
[2026-05-13T06:20:07.844+0000] {processor.py:842} WARNING - No viable dags retrieved from /opt/airflow/dags/dag.py
[2026-05-13T06:20:07.867+0000] {processor.py:183} INFO - Processing /opt/airflow/dags/dag.py took 0.288 seconds
[2026-05-13T06:20:38.160+0000] {processor.py:161} INFO - Started process (PID=408) to work on /opt/airflow/dags/dag.py
[2026-05-13T06:20:38.161+0000] {processor.py:830} INFO - Processing file /opt/airflow/dags/dag.py for tasks to queue
[2026-05-13T06:20:38.162+0000] {logging_mixin.py:188} INFO - [2026-05-13T06:20:38.162+0000] {dagbag.py:538} INFO - Filling up the DagBag from /opt/airflow/dags/dag.py
[2026-05-13T06:20:38.396+0000] {logging_mixin.py:188} INFO - [2026-05-13T06:20:38.391+0000] {dagbag.py:348} ERROR - Failed to import: /opt/airflow/dags/dag.py
Traceback (most recent call last):
  File "/home/airflow/.local/lib/python3.11/site-packages/airflow/models/dagbag.py", line 344, in parse
    loader.exec_module(new_module)
  File "<frozen importlib._bootstrap_external>", line 940, in exec_module
  File "<frozen importlib._bootstrap>", line 241, in _call_with_frames_removed
  File "/opt/airflow/dags/dag.py", line 7, in <module>
    from scripts.transformaciones_general import normalize_source
ModuleNotFoundError: No module named 'scripts.transformaciones_general'
[2026-05-13T06:20:38.397+0000] {processor.py:842} WARNING - No viable dags retrieved from /opt/airflow/dags/dag.py
[2026-05-13T06:20:38.413+0000] {processor.py:183} INFO - Processing /opt/airflow/dags/dag.py took 0.256 seconds
[2026-05-13T06:21:08.699+0000] {processor.py:161} INFO - Started process (PID=414) to work on /opt/airflow/dags/dag.py
[2026-05-13T06:21:08.700+0000] {processor.py:830} INFO - Processing file /opt/airflow/dags/dag.py for tasks to queue
[2026-05-13T06:21:08.701+0000] {logging_mixin.py:188} INFO - [2026-05-13T06:21:08.701+0000] {dagbag.py:538} INFO - Filling up the DagBag from /opt/airflow/dags/dag.py
[2026-05-13T06:21:08.937+0000] {logging_mixin.py:188} INFO - [2026-05-13T06:21:08.931+0000] {dagbag.py:348} ERROR - Failed to import: /opt/airflow/dags/dag.py
Traceback (most recent call last):
  File "/home/airflow/.local/lib/python3.11/site-packages/airflow/models/dagbag.py", line 344, in parse
    loader.exec_module(new_module)
  File "<frozen importlib._bootstrap_external>", line 940, in exec_module
  File "<frozen importlib._bootstrap>", line 241, in _call_with_frames_removed
  File "/opt/airflow/dags/dag.py", line 7, in <module>
    from scripts.transformaciones_general import normalize_source
ModuleNotFoundError: No module named 'scripts.transformaciones_general'
[2026-05-13T06:21:08.938+0000] {processor.py:842} WARNING - No viable dags retrieved from /opt/airflow/dags/dag.py
[2026-05-13T06:21:08.955+0000] {processor.py:183} INFO - Processing /opt/airflow/dags/dag.py took 0.259 seconds
[2026-05-13T06:21:39.251+0000] {processor.py:161} INFO - Started process (PID=420) to work on /opt/airflow/dags/dag.py
[2026-05-13T06:21:39.253+0000] {processor.py:830} INFO - Processing file /opt/airflow/dags/dag.py for tasks to queue
[2026-05-13T06:21:39.253+0000] {logging_mixin.py:188} INFO - [2026-05-13T06:21:39.253+0000] {dagbag.py:538} INFO - Filling up the DagBag from /opt/airflow/dags/dag.py
[2026-05-13T06:21:39.478+0000] {logging_mixin.py:188} INFO - [2026-05-13T06:21:39.471+0000] {dagbag.py:348} ERROR - Failed to import: /opt/airflow/dags/dag.py
Traceback (most recent call last):
  File "/home/airflow/.local/lib/python3.11/site-packages/airflow/models/dagbag.py", line 344, in parse
    loader.exec_module(new_module)
  File "<frozen importlib._bootstrap_external>", line 940, in exec_module
  File "<frozen importlib._bootstrap>", line 241, in _call_with_frames_removed
  File "/opt/airflow/dags/dag.py", line 7, in <module>
    from scripts.transformaciones_general import normalize_source
ModuleNotFoundError: No module named 'scripts.transformaciones_general'
[2026-05-13T06:21:39.480+0000] {processor.py:842} WARNING - No viable dags retrieved from /opt/airflow/dags/dag.py
[2026-05-13T06:21:39.497+0000] {processor.py:183} INFO - Processing /opt/airflow/dags/dag.py took 0.249 seconds
[2026-05-13T06:22:09.775+0000] {processor.py:161} INFO - Started process (PID=426) to work on /opt/airflow/dags/dag.py
[2026-05-13T06:22:09.776+0000] {processor.py:830} INFO - Processing file /opt/airflow/dags/dag.py for tasks to queue
[2026-05-13T06:22:09.777+0000] {logging_mixin.py:188} INFO - [2026-05-13T06:22:09.776+0000] {dagbag.py:538} INFO - Filling up the DagBag from /opt/airflow/dags/dag.py
[2026-05-13T06:22:10.023+0000] {logging_mixin.py:188} INFO - [2026-05-13T06:22:10.009+0000] {dagbag.py:348} ERROR - Failed to import: /opt/airflow/dags/dag.py
Traceback (most recent call last):
  File "/home/airflow/.local/lib/python3.11/site-packages/airflow/models/dagbag.py", line 344, in parse
    loader.exec_module(new_module)
  File "<frozen importlib._bootstrap_external>", line 940, in exec_module
  File "<frozen importlib._bootstrap>", line 241, in _call_with_frames_removed
  File "/opt/airflow/dags/dag.py", line 7, in <module>
    from scripts.transformaciones_general import normalize_source
ModuleNotFoundError: No module named 'scripts.transformaciones_general'
[2026-05-13T06:22:10.026+0000] {processor.py:842} WARNING - No viable dags retrieved from /opt/airflow/dags/dag.py
[2026-05-13T06:22:10.045+0000] {processor.py:183} INFO - Processing /opt/airflow/dags/dag.py took 0.273 seconds
[2026-05-13T06:22:40.087+0000] {processor.py:161} INFO - Started process (PID=432) to work on /opt/airflow/dags/dag.py
[2026-05-13T06:22:40.088+0000] {processor.py:830} INFO - Processing file /opt/airflow/dags/dag.py for tasks to queue
[2026-05-13T06:22:40.089+0000] {logging_mixin.py:188} INFO - [2026-05-13T06:22:40.089+0000] {dagbag.py:538} INFO - Filling up the DagBag from /opt/airflow/dags/dag.py
[2026-05-13T06:22:40.313+0000] {logging_mixin.py:188} INFO - [2026-05-13T06:22:40.307+0000] {dagbag.py:348} ERROR - Failed to import: /opt/airflow/dags/dag.py
Traceback (most recent call last):
  File "/home/airflow/.local/lib/python3.11/site-packages/airflow/models/dagbag.py", line 344, in parse
    loader.exec_module(new_module)
  File "<frozen importlib._bootstrap_external>", line 940, in exec_module
  File "<frozen importlib._bootstrap>", line 241, in _call_with_frames_removed
  File "/opt/airflow/dags/dag.py", line 7, in <module>
    from scripts.transformaciones_general import normalize_source
ModuleNotFoundError: No module named 'scripts.transformaciones_general'
[2026-05-13T06:22:40.314+0000] {processor.py:842} WARNING - No viable dags retrieved from /opt/airflow/dags/dag.py
[2026-05-13T06:22:40.338+0000] {processor.py:183} INFO - Processing /opt/airflow/dags/dag.py took 0.254 seconds
[2026-05-13T06:23:10.649+0000] {processor.py:161} INFO - Started process (PID=438) to work on /opt/airflow/dags/dag.py
[2026-05-13T06:23:10.650+0000] {processor.py:830} INFO - Processing file /opt/airflow/dags/dag.py for tasks to queue
[2026-05-13T06:23:10.651+0000] {logging_mixin.py:188} INFO - [2026-05-13T06:23:10.650+0000] {dagbag.py:538} INFO - Filling up the DagBag from /opt/airflow/dags/dag.py
[2026-05-13T06:23:10.897+0000] {logging_mixin.py:188} INFO - [2026-05-13T06:23:10.889+0000] {dagbag.py:348} ERROR - Failed to import: /opt/airflow/dags/dag.py
Traceback (most recent call last):
  File "/home/airflow/.local/lib/python3.11/site-packages/airflow/models/dagbag.py", line 344, in parse
    loader.exec_module(new_module)
  File "<frozen importlib._bootstrap_external>", line 940, in exec_module
  File "<frozen importlib._bootstrap>", line 241, in _call_with_frames_removed
  File "/opt/airflow/dags/dag.py", line 7, in <module>
    from scripts.transformaciones_general import normalize_source
ModuleNotFoundError: No module named 'scripts.transformaciones_general'
[2026-05-13T06:23:10.899+0000] {processor.py:842} WARNING - No viable dags retrieved from /opt/airflow/dags/dag.py
[2026-05-13T06:23:10.916+0000] {processor.py:183} INFO - Processing /opt/airflow/dags/dag.py took 0.271 seconds
[2026-05-13T06:23:41.251+0000] {processor.py:161} INFO - Started process (PID=444) to work on /opt/airflow/dags/dag.py
[2026-05-13T06:23:41.253+0000] {processor.py:830} INFO - Processing file /opt/airflow/dags/dag.py for tasks to queue
[2026-05-13T06:23:41.254+0000] {logging_mixin.py:188} INFO - [2026-05-13T06:23:41.254+0000] {dagbag.py:538} INFO - Filling up the DagBag from /opt/airflow/dags/dag.py
[2026-05-13T06:23:41.515+0000] {logging_mixin.py:188} INFO - [2026-05-13T06:23:41.507+0000] {dagbag.py:348} ERROR - Failed to import: /opt/airflow/dags/dag.py
Traceback (most recent call last):
  File "/home/airflow/.local/lib/python3.11/site-packages/airflow/models/dagbag.py", line 344, in parse
    loader.exec_module(new_module)
  File "<frozen importlib._bootstrap_external>", line 940, in exec_module
  File "<frozen importlib._bootstrap>", line 241, in _call_with_frames_removed
  File "/opt/airflow/dags/dag.py", line 7, in <module>
    from scripts.transformaciones_general import normalize_source
ModuleNotFoundError: No module named 'scripts.transformaciones_general'
[2026-05-13T06:23:41.517+0000] {processor.py:842} WARNING - No viable dags retrieved from /opt/airflow/dags/dag.py
[2026-05-13T06:23:41.539+0000] {processor.py:183} INFO - Processing /opt/airflow/dags/dag.py took 0.292 seconds
[2026-05-13T06:24:11.838+0000] {processor.py:161} INFO - Started process (PID=450) to work on /opt/airflow/dags/dag.py
[2026-05-13T06:24:11.839+0000] {processor.py:830} INFO - Processing file /opt/airflow/dags/dag.py for tasks to queue
[2026-05-13T06:24:11.840+0000] {logging_mixin.py:188} INFO - [2026-05-13T06:24:11.839+0000] {dagbag.py:538} INFO - Filling up the DagBag from /opt/airflow/dags/dag.py
[2026-05-13T06:24:12.110+0000] {logging_mixin.py:188} INFO - [2026-05-13T06:24:12.104+0000] {dagbag.py:348} ERROR - Failed to import: /opt/airflow/dags/dag.py
Traceback (most recent call last):
  File "/home/airflow/.local/lib/python3.11/site-packages/airflow/models/dagbag.py", line 344, in parse
    loader.exec_module(new_module)
  File "<frozen importlib._bootstrap_external>", line 940, in exec_module
  File "<frozen importlib._bootstrap>", line 241, in _call_with_frames_removed
  File "/opt/airflow/dags/dag.py", line 7, in <module>
    from scripts.transformaciones_general import normalize_source
ModuleNotFoundError: No module named 'scripts.transformaciones_general'
[2026-05-13T06:24:12.111+0000] {processor.py:842} WARNING - No viable dags retrieved from /opt/airflow/dags/dag.py
[2026-05-13T06:24:12.128+0000] {processor.py:183} INFO - Processing /opt/airflow/dags/dag.py took 0.293 seconds
[2026-05-13T06:24:42.451+0000] {processor.py:161} INFO - Started process (PID=456) to work on /opt/airflow/dags/dag.py
[2026-05-13T06:24:42.452+0000] {processor.py:830} INFO - Processing file /opt/airflow/dags/dag.py for tasks to queue
[2026-05-13T06:24:42.453+0000] {logging_mixin.py:188} INFO - [2026-05-13T06:24:42.452+0000] {dagbag.py:538} INFO - Filling up the DagBag from /opt/airflow/dags/dag.py
[2026-05-13T06:24:42.693+0000] {logging_mixin.py:188} INFO - [2026-05-13T06:24:42.686+0000] {dagbag.py:348} ERROR - Failed to import: /opt/airflow/dags/dag.py
Traceback (most recent call last):
  File "/home/airflow/.local/lib/python3.11/site-packages/airflow/models/dagbag.py", line 344, in parse
    loader.exec_module(new_module)
  File "<frozen importlib._bootstrap_external>", line 940, in exec_module
  File "<frozen importlib._bootstrap>", line 241, in _call_with_frames_removed
  File "/opt/airflow/dags/dag.py", line 7, in <module>
    from scripts.transformaciones_general import normalize_source
ModuleNotFoundError: No module named 'scripts.transformaciones_general'
[2026-05-13T06:24:42.694+0000] {processor.py:842} WARNING - No viable dags retrieved from /opt/airflow/dags/dag.py
[2026-05-13T06:24:42.710+0000] {processor.py:183} INFO - Processing /opt/airflow/dags/dag.py took 0.262 seconds
[2026-05-13T06:25:12.963+0000] {processor.py:161} INFO - Started process (PID=462) to work on /opt/airflow/dags/dag.py
[2026-05-13T06:25:12.965+0000] {processor.py:830} INFO - Processing file /opt/airflow/dags/dag.py for tasks to queue
[2026-05-13T06:25:12.965+0000] {logging_mixin.py:188} INFO - [2026-05-13T06:25:12.965+0000] {dagbag.py:538} INFO - Filling up the DagBag from /opt/airflow/dags/dag.py
[2026-05-13T06:25:13.229+0000] {logging_mixin.py:188} INFO - [2026-05-13T06:25:13.219+0000] {dagbag.py:348} ERROR - Failed to import: /opt/airflow/dags/dag.py
Traceback (most recent call last):
  File "/home/airflow/.local/lib/python3.11/site-packages/airflow/models/dagbag.py", line 344, in parse
    loader.exec_module(new_module)
  File "<frozen importlib._bootstrap_external>", line 940, in exec_module
  File "<frozen importlib._bootstrap>", line 241, in _call_with_frames_removed
  File "/opt/airflow/dags/dag.py", line 7, in <module>
    from scripts.transformaciones_general import normalize_source
ModuleNotFoundError: No module named 'scripts.transformaciones_general'
[2026-05-13T06:25:13.231+0000] {processor.py:842} WARNING - No viable dags retrieved from /opt/airflow/dags/dag.py
[2026-05-13T06:25:13.253+0000] {processor.py:183} INFO - Processing /opt/airflow/dags/dag.py took 0.292 seconds
[2026-05-13T06:25:43.549+0000] {processor.py:161} INFO - Started process (PID=468) to work on /opt/airflow/dags/dag.py
[2026-05-13T06:25:43.550+0000] {processor.py:830} INFO - Processing file /opt/airflow/dags/dag.py for tasks to queue
[2026-05-13T06:25:43.551+0000] {logging_mixin.py:188} INFO - [2026-05-13T06:25:43.550+0000] {dagbag.py:538} INFO - Filling up the DagBag from /opt/airflow/dags/dag.py
[2026-05-13T06:25:43.778+0000] {logging_mixin.py:188} INFO - [2026-05-13T06:25:43.768+0000] {dagbag.py:348} ERROR - Failed to import: /opt/airflow/dags/dag.py
Traceback (most recent call last):
  File "/home/airflow/.local/lib/python3.11/site-packages/airflow/models/dagbag.py", line 344, in parse
    loader.exec_module(new_module)
  File "<frozen importlib._bootstrap_external>", line 940, in exec_module
  File "<frozen importlib._bootstrap>", line 241, in _call_with_frames_removed
  File "/opt/airflow/dags/dag.py", line 7, in <module>
    from scripts.transformaciones_general import normalize_source
ModuleNotFoundError: No module named 'scripts.transformaciones_general'
[2026-05-13T06:25:43.779+0000] {processor.py:842} WARNING - No viable dags retrieved from /opt/airflow/dags/dag.py
[2026-05-13T06:25:43.795+0000] {processor.py:183} INFO - Processing /opt/airflow/dags/dag.py took 0.249 seconds
[2026-05-13T06:26:13.895+0000] {processor.py:161} INFO - Started process (PID=474) to work on /opt/airflow/dags/dag.py
[2026-05-13T06:26:13.897+0000] {processor.py:830} INFO - Processing file /opt/airflow/dags/dag.py for tasks to queue
[2026-05-13T06:26:13.899+0000] {logging_mixin.py:188} INFO - [2026-05-13T06:26:13.898+0000] {dagbag.py:538} INFO - Filling up the DagBag from /opt/airflow/dags/dag.py
[2026-05-13T06:26:14.158+0000] {logging_mixin.py:188} INFO - [2026-05-13T06:26:14.147+0000] {dagbag.py:348} ERROR - Failed to import: /opt/airflow/dags/dag.py
Traceback (most recent call last):
  File "/home/airflow/.local/lib/python3.11/site-packages/airflow/models/dagbag.py", line 344, in parse
    loader.exec_module(new_module)
  File "<frozen importlib._bootstrap_external>", line 940, in exec_module
  File "<frozen importlib._bootstrap>", line 241, in _call_with_frames_removed
  File "/opt/airflow/dags/dag.py", line 7, in <module>
    from scripts.transformaciones_general import normalize_source
ModuleNotFoundError: No module named 'scripts.transformaciones_general'
[2026-05-13T06:26:14.161+0000] {processor.py:842} WARNING - No viable dags retrieved from /opt/airflow/dags/dag.py
[2026-05-13T06:26:14.178+0000] {processor.py:183} INFO - Processing /opt/airflow/dags/dag.py took 0.288 seconds
[2026-05-13T06:26:44.413+0000] {processor.py:161} INFO - Started process (PID=480) to work on /opt/airflow/dags/dag.py
[2026-05-13T06:26:44.414+0000] {processor.py:830} INFO - Processing file /opt/airflow/dags/dag.py for tasks to queue
[2026-05-13T06:26:44.415+0000] {logging_mixin.py:188} INFO - [2026-05-13T06:26:44.415+0000] {dagbag.py:538} INFO - Filling up the DagBag from /opt/airflow/dags/dag.py
[2026-05-13T06:26:44.673+0000] {logging_mixin.py:188} INFO - [2026-05-13T06:26:44.666+0000] {dagbag.py:348} ERROR - Failed to import: /opt/airflow/dags/dag.py
Traceback (most recent call last):
  File "/home/airflow/.local/lib/python3.11/site-packages/airflow/models/dagbag.py", line 344, in parse
    loader.exec_module(new_module)
  File "<frozen importlib._bootstrap_external>", line 940, in exec_module
  File "<frozen importlib._bootstrap>", line 241, in _call_with_frames_removed
  File "/opt/airflow/dags/dag.py", line 7, in <module>
    from scripts.transformaciones_general import normalize_source
ModuleNotFoundError: No module named 'scripts.transformaciones_general'
[2026-05-13T06:26:44.674+0000] {processor.py:842} WARNING - No viable dags retrieved from /opt/airflow/dags/dag.py
[2026-05-13T06:26:44.693+0000] {processor.py:183} INFO - Processing /opt/airflow/dags/dag.py took 0.283 seconds
[2026-05-13T06:27:14.782+0000] {processor.py:161} INFO - Started process (PID=486) to work on /opt/airflow/dags/dag.py
[2026-05-13T06:27:14.783+0000] {processor.py:830} INFO - Processing file /opt/airflow/dags/dag.py for tasks to queue
[2026-05-13T06:27:14.785+0000] {logging_mixin.py:188} INFO - [2026-05-13T06:27:14.784+0000] {dagbag.py:538} INFO - Filling up the DagBag from /opt/airflow/dags/dag.py
[2026-05-13T06:27:15.048+0000] {logging_mixin.py:188} INFO - [2026-05-13T06:27:15.042+0000] {dagbag.py:348} ERROR - Failed to import: /opt/airflow/dags/dag.py
Traceback (most recent call last):
  File "/home/airflow/.local/lib/python3.11/site-packages/airflow/models/dagbag.py", line 344, in parse
    loader.exec_module(new_module)
  File "<frozen importlib._bootstrap_external>", line 940, in exec_module
  File "<frozen importlib._bootstrap>", line 241, in _call_with_frames_removed
  File "/opt/airflow/dags/dag.py", line 7, in <module>
    from scripts.transformaciones_general import normalize_source
ModuleNotFoundError: No module named 'scripts.transformaciones_general'
[2026-05-13T06:27:15.049+0000] {processor.py:842} WARNING - No viable dags retrieved from /opt/airflow/dags/dag.py
[2026-05-13T06:27:15.065+0000] {processor.py:183} INFO - Processing /opt/airflow/dags/dag.py took 0.287 seconds
[2026-05-13T06:28:08.690+0000] {processor.py:161} INFO - Started process (PID=168) to work on /opt/airflow/dags/dag.py
[2026-05-13T06:28:08.692+0000] {processor.py:830} INFO - Processing file /opt/airflow/dags/dag.py for tasks to queue
[2026-05-13T06:28:08.694+0000] {logging_mixin.py:188} INFO - [2026-05-13T06:28:08.693+0000] {dagbag.py:538} INFO - Filling up the DagBag from /opt/airflow/dags/dag.py
[2026-05-13T06:28:09.722+0000] {logging_mixin.py:188} INFO - [2026-05-13T06:28:09.714+0000] {dagbag.py:348} ERROR - Failed to import: /opt/airflow/dags/dag.py
Traceback (most recent call last):
  File "/home/airflow/.local/lib/python3.11/site-packages/airflow/models/dagbag.py", line 344, in parse
    loader.exec_module(new_module)
  File "<frozen importlib._bootstrap_external>", line 940, in exec_module
  File "<frozen importlib._bootstrap>", line 241, in _call_with_frames_removed
  File "/opt/airflow/dags/dag.py", line 7, in <module>
    from scripts.transformaciones_general import normalize_source
ModuleNotFoundError: No module named 'scripts.transformaciones_general'
[2026-05-13T06:28:09.724+0000] {processor.py:842} WARNING - No viable dags retrieved from /opt/airflow/dags/dag.py
[2026-05-13T06:28:09.745+0000] {processor.py:183} INFO - Processing /opt/airflow/dags/dag.py took 1.060 seconds
[2026-05-13T06:28:40.074+0000] {processor.py:161} INFO - Started process (PID=174) to work on /opt/airflow/dags/dag.py
[2026-05-13T06:28:40.075+0000] {processor.py:830} INFO - Processing file /opt/airflow/dags/dag.py for tasks to queue
[2026-05-13T06:28:40.077+0000] {logging_mixin.py:188} INFO - [2026-05-13T06:28:40.076+0000] {dagbag.py:538} INFO - Filling up the DagBag from /opt/airflow/dags/dag.py
[2026-05-13T06:28:40.355+0000] {logging_mixin.py:188} INFO - [2026-05-13T06:28:40.350+0000] {dagbag.py:348} ERROR - Failed to import: /opt/airflow/dags/dag.py
Traceback (most recent call last):
  File "/home/airflow/.local/lib/python3.11/site-packages/airflow/models/dagbag.py", line 344, in parse
    loader.exec_module(new_module)
  File "<frozen importlib._bootstrap_external>", line 940, in exec_module
  File "<frozen importlib._bootstrap>", line 241, in _call_with_frames_removed
  File "/opt/airflow/dags/dag.py", line 7, in <module>
    from scripts.transformaciones_general import normalize_source
ModuleNotFoundError: No module named 'scripts.transformaciones_general'
[2026-05-13T06:28:40.358+0000] {processor.py:842} WARNING - No viable dags retrieved from /opt/airflow/dags/dag.py
[2026-05-13T06:28:40.376+0000] {processor.py:183} INFO - Processing /opt/airflow/dags/dag.py took 0.307 seconds
[2026-05-13T06:29:10.733+0000] {processor.py:161} INFO - Started process (PID=180) to work on /opt/airflow/dags/dag.py
[2026-05-13T06:29:10.735+0000] {processor.py:830} INFO - Processing file /opt/airflow/dags/dag.py for tasks to queue
[2026-05-13T06:29:10.736+0000] {logging_mixin.py:188} INFO - [2026-05-13T06:29:10.736+0000] {dagbag.py:538} INFO - Filling up the DagBag from /opt/airflow/dags/dag.py
[2026-05-13T06:29:10.999+0000] {logging_mixin.py:188} INFO - [2026-05-13T06:29:10.990+0000] {dagbag.py:348} ERROR - Failed to import: /opt/airflow/dags/dag.py
Traceback (most recent call last):
  File "/home/airflow/.local/lib/python3.11/site-packages/airflow/models/dagbag.py", line 344, in parse
    loader.exec_module(new_module)
  File "<frozen importlib._bootstrap_external>", line 940, in exec_module
  File "<frozen importlib._bootstrap>", line 241, in _call_with_frames_removed
  File "/opt/airflow/dags/dag.py", line 7, in <module>
    from scripts.transformaciones_general import normalize_source
ModuleNotFoundError: No module named 'scripts.transformaciones_general'
[2026-05-13T06:29:11.002+0000] {processor.py:842} WARNING - No viable dags retrieved from /opt/airflow/dags/dag.py
[2026-05-13T06:29:11.021+0000] {processor.py:183} INFO - Processing /opt/airflow/dags/dag.py took 0.292 seconds
[2026-05-13T06:29:41.327+0000] {processor.py:161} INFO - Started process (PID=186) to work on /opt/airflow/dags/dag.py
[2026-05-13T06:29:41.329+0000] {processor.py:830} INFO - Processing file /opt/airflow/dags/dag.py for tasks to queue
[2026-05-13T06:29:41.330+0000] {logging_mixin.py:188} INFO - [2026-05-13T06:29:41.329+0000] {dagbag.py:538} INFO - Filling up the DagBag from /opt/airflow/dags/dag.py
[2026-05-13T06:29:41.575+0000] {logging_mixin.py:188} INFO - [2026-05-13T06:29:41.565+0000] {dagbag.py:348} ERROR - Failed to import: /opt/airflow/dags/dag.py
Traceback (most recent call last):
  File "/home/airflow/.local/lib/python3.11/site-packages/airflow/models/dagbag.py", line 344, in parse
    loader.exec_module(new_module)
  File "<frozen importlib._bootstrap_external>", line 940, in exec_module
  File "<frozen importlib._bootstrap>", line 241, in _call_with_frames_removed
  File "/opt/airflow/dags/dag.py", line 7, in <module>
    from scripts.transformaciones_general import normalize_source
ModuleNotFoundError: No module named 'scripts.transformaciones_general'
[2026-05-13T06:29:41.578+0000] {processor.py:842} WARNING - No viable dags retrieved from /opt/airflow/dags/dag.py
[2026-05-13T06:29:41.599+0000] {processor.py:183} INFO - Processing /opt/airflow/dags/dag.py took 0.275 seconds
[2026-05-13T06:29:58.800+0000] {processor.py:161} INFO - Started process (PID=192) to work on /opt/airflow/dags/dag.py
[2026-05-13T06:29:58.801+0000] {processor.py:830} INFO - Processing file /opt/airflow/dags/dag.py for tasks to queue
[2026-05-13T06:29:58.803+0000] {logging_mixin.py:188} INFO - [2026-05-13T06:29:58.803+0000] {dagbag.py:538} INFO - Filling up the DagBag from /opt/airflow/dags/dag.py
[2026-05-13T06:29:59.157+0000] {processor.py:840} INFO - DAG(s) 'workshop_etl_3' retrieved from /opt/airflow/dags/dag.py
[2026-05-13T06:29:59.309+0000] {logging_mixin.py:188} INFO - [2026-05-13T06:29:59.308+0000] {dag.py:3036} INFO - Sync 1 DAGs
[2026-05-13T06:29:59.317+0000] {logging_mixin.py:188} INFO - [2026-05-13T06:29:59.317+0000] {dag.py:3823} INFO - Setting next_dagrun for workshop_etl_3 to None, run_after=None
[2026-05-13T06:29:59.346+0000] {processor.py:183} INFO - Processing /opt/airflow/dags/dag.py took 0.549 seconds
[2026-05-13T06:30:29.662+0000] {processor.py:161} INFO - Started process (PID=305) to work on /opt/airflow/dags/dag.py
[2026-05-13T06:30:29.664+0000] {processor.py:830} INFO - Processing file /opt/airflow/dags/dag.py for tasks to queue
[2026-05-13T06:30:29.665+0000] {logging_mixin.py:188} INFO - [2026-05-13T06:30:29.664+0000] {dagbag.py:538} INFO - Filling up the DagBag from /opt/airflow/dags/dag.py
[2026-05-13T06:30:29.906+0000] {processor.py:840} INFO - DAG(s) 'workshop_etl_3' retrieved from /opt/airflow/dags/dag.py
[2026-05-13T06:30:29.925+0000] {logging_mixin.py:188} INFO - [2026-05-13T06:30:29.925+0000] {dag.py:3036} INFO - Sync 1 DAGs
[2026-05-13T06:30:29.936+0000] {logging_mixin.py:188} INFO - [2026-05-13T06:30:29.936+0000] {dag.py:3823} INFO - Setting next_dagrun for workshop_etl_3 to None, run_after=None
[2026-05-13T06:30:29.955+0000] {processor.py:183} INFO - Processing /opt/airflow/dags/dag.py took 0.296 seconds
[2026-05-13T06:31:00.234+0000] {processor.py:161} INFO - Started process (PID=311) to work on /opt/airflow/dags/dag.py
[2026-05-13T06:31:00.235+0000] {processor.py:830} INFO - Processing file /opt/airflow/dags/dag.py for tasks to queue
[2026-05-13T06:31:00.237+0000] {logging_mixin.py:188} INFO - [2026-05-13T06:31:00.236+0000] {dagbag.py:538} INFO - Filling up the DagBag from /opt/airflow/dags/dag.py
[2026-05-13T06:31:00.484+0000] {processor.py:840} INFO - DAG(s) 'workshop_etl_3' retrieved from /opt/airflow/dags/dag.py
[2026-05-13T06:31:00.503+0000] {logging_mixin.py:188} INFO - [2026-05-13T06:31:00.503+0000] {dag.py:3036} INFO - Sync 1 DAGs
[2026-05-13T06:31:00.514+0000] {logging_mixin.py:188} INFO - [2026-05-13T06:31:00.513+0000] {dag.py:3823} INFO - Setting next_dagrun for workshop_etl_3 to None, run_after=None
[2026-05-13T06:31:00.539+0000] {processor.py:183} INFO - Processing /opt/airflow/dags/dag.py took 0.309 seconds
[2026-05-13T06:31:30.868+0000] {processor.py:161} INFO - Started process (PID=317) to work on /opt/airflow/dags/dag.py
[2026-05-13T06:31:30.869+0000] {processor.py:830} INFO - Processing file /opt/airflow/dags/dag.py for tasks to queue
[2026-05-13T06:31:30.870+0000] {logging_mixin.py:188} INFO - [2026-05-13T06:31:30.869+0000] {dagbag.py:538} INFO - Filling up the DagBag from /opt/airflow/dags/dag.py
[2026-05-13T06:31:31.100+0000] {processor.py:840} INFO - DAG(s) 'workshop_etl_3' retrieved from /opt/airflow/dags/dag.py
[2026-05-13T06:31:31.118+0000] {logging_mixin.py:188} INFO - [2026-05-13T06:31:31.118+0000] {dag.py:3036} INFO - Sync 1 DAGs
[2026-05-13T06:31:31.127+0000] {logging_mixin.py:188} INFO - [2026-05-13T06:31:31.126+0000] {dag.py:3823} INFO - Setting next_dagrun for workshop_etl_3 to None, run_after=None
[2026-05-13T06:31:31.150+0000] {processor.py:183} INFO - Processing /opt/airflow/dags/dag.py took 0.285 seconds
[2026-05-13T06:32:01.521+0000] {processor.py:161} INFO - Started process (PID=323) to work on /opt/airflow/dags/dag.py
[2026-05-13T06:32:01.522+0000] {processor.py:830} INFO - Processing file /opt/airflow/dags/dag.py for tasks to queue
[2026-05-13T06:32:01.523+0000] {logging_mixin.py:188} INFO - [2026-05-13T06:32:01.523+0000] {dagbag.py:538} INFO - Filling up the DagBag from /opt/airflow/dags/dag.py
[2026-05-13T06:32:01.792+0000] {processor.py:840} INFO - DAG(s) 'workshop_etl_3' retrieved from /opt/airflow/dags/dag.py
[2026-05-13T06:32:01.811+0000] {logging_mixin.py:188} INFO - [2026-05-13T06:32:01.811+0000] {dag.py:3036} INFO - Sync 1 DAGs
[2026-05-13T06:32:01.820+0000] {logging_mixin.py:188} INFO - [2026-05-13T06:32:01.820+0000] {dag.py:3823} INFO - Setting next_dagrun for workshop_etl_3 to None, run_after=None
[2026-05-13T06:32:01.840+0000] {processor.py:183} INFO - Processing /opt/airflow/dags/dag.py took 0.323 seconds
[2026-05-13T06:32:32.158+0000] {processor.py:161} INFO - Started process (PID=329) to work on /opt/airflow/dags/dag.py
[2026-05-13T06:32:32.159+0000] {processor.py:830} INFO - Processing file /opt/airflow/dags/dag.py for tasks to queue
[2026-05-13T06:32:32.160+0000] {logging_mixin.py:188} INFO - [2026-05-13T06:32:32.160+0000] {dagbag.py:538} INFO - Filling up the DagBag from /opt/airflow/dags/dag.py
[2026-05-13T06:32:32.377+0000] {processor.py:840} INFO - DAG(s) 'workshop_etl_3' retrieved from /opt/airflow/dags/dag.py
[2026-05-13T06:32:32.395+0000] {logging_mixin.py:188} INFO - [2026-05-13T06:32:32.395+0000] {dag.py:3036} INFO - Sync 1 DAGs
[2026-05-13T06:32:32.403+0000] {logging_mixin.py:188} INFO - [2026-05-13T06:32:32.403+0000] {dag.py:3823} INFO - Setting next_dagrun for workshop_etl_3 to None, run_after=None
[2026-05-13T06:32:32.423+0000] {processor.py:183} INFO - Processing /opt/airflow/dags/dag.py took 0.268 seconds
[2026-05-13T06:33:02.777+0000] {processor.py:161} INFO - Started process (PID=335) to work on /opt/airflow/dags/dag.py
[2026-05-13T06:33:02.779+0000] {processor.py:830} INFO - Processing file /opt/airflow/dags/dag.py for tasks to queue
[2026-05-13T06:33:02.781+0000] {logging_mixin.py:188} INFO - [2026-05-13T06:33:02.780+0000] {dagbag.py:538} INFO - Filling up the DagBag from /opt/airflow/dags/dag.py
[2026-05-13T06:33:03.018+0000] {processor.py:840} INFO - DAG(s) 'workshop_etl_3' retrieved from /opt/airflow/dags/dag.py
[2026-05-13T06:33:03.035+0000] {logging_mixin.py:188} INFO - [2026-05-13T06:33:03.035+0000] {dag.py:3036} INFO - Sync 1 DAGs
[2026-05-13T06:33:03.044+0000] {logging_mixin.py:188} INFO - [2026-05-13T06:33:03.044+0000] {dag.py:3823} INFO - Setting next_dagrun for workshop_etl_3 to None, run_after=None
[2026-05-13T06:33:03.062+0000] {processor.py:183} INFO - Processing /opt/airflow/dags/dag.py took 0.289 seconds
[2026-05-13T06:33:33.158+0000] {processor.py:161} INFO - Started process (PID=341) to work on /opt/airflow/dags/dag.py
[2026-05-13T06:33:33.159+0000] {processor.py:830} INFO - Processing file /opt/airflow/dags/dag.py for tasks to queue
[2026-05-13T06:33:33.161+0000] {logging_mixin.py:188} INFO - [2026-05-13T06:33:33.160+0000] {dagbag.py:538} INFO - Filling up the DagBag from /opt/airflow/dags/dag.py
[2026-05-13T06:33:33.427+0000] {processor.py:840} INFO - DAG(s) 'workshop_etl_3' retrieved from /opt/airflow/dags/dag.py
[2026-05-13T06:33:33.444+0000] {logging_mixin.py:188} INFO - [2026-05-13T06:33:33.444+0000] {dag.py:3036} INFO - Sync 1 DAGs
[2026-05-13T06:33:33.453+0000] {logging_mixin.py:188} INFO - [2026-05-13T06:33:33.452+0000] {dag.py:3823} INFO - Setting next_dagrun for workshop_etl_3 to None, run_after=None
[2026-05-13T06:33:33.474+0000] {processor.py:183} INFO - Processing /opt/airflow/dags/dag.py took 0.321 seconds
[2026-05-13T06:34:03.689+0000] {processor.py:161} INFO - Started process (PID=347) to work on /opt/airflow/dags/dag.py
[2026-05-13T06:34:03.690+0000] {processor.py:830} INFO - Processing file /opt/airflow/dags/dag.py for tasks to queue
[2026-05-13T06:34:03.691+0000] {logging_mixin.py:188} INFO - [2026-05-13T06:34:03.691+0000] {dagbag.py:538} INFO - Filling up the DagBag from /opt/airflow/dags/dag.py
[2026-05-13T06:34:03.939+0000] {processor.py:840} INFO - DAG(s) 'workshop_etl_3' retrieved from /opt/airflow/dags/dag.py
[2026-05-13T06:34:03.959+0000] {logging_mixin.py:188} INFO - [2026-05-13T06:34:03.958+0000] {dag.py:3036} INFO - Sync 1 DAGs
[2026-05-13T06:34:03.970+0000] {logging_mixin.py:188} INFO - [2026-05-13T06:34:03.969+0000] {dag.py:3823} INFO - Setting next_dagrun for workshop_etl_3 to None, run_after=None
[2026-05-13T06:34:03.989+0000] {processor.py:183} INFO - Processing /opt/airflow/dags/dag.py took 0.303 seconds
[2026-05-13T06:34:34.051+0000] {processor.py:161} INFO - Started process (PID=353) to work on /opt/airflow/dags/dag.py
[2026-05-13T06:34:34.053+0000] {processor.py:830} INFO - Processing file /opt/airflow/dags/dag.py for tasks to queue
[2026-05-13T06:34:34.054+0000] {logging_mixin.py:188} INFO - [2026-05-13T06:34:34.054+0000] {dagbag.py:538} INFO - Filling up the DagBag from /opt/airflow/dags/dag.py
[2026-05-13T06:34:34.339+0000] {processor.py:840} INFO - DAG(s) 'workshop_etl_3' retrieved from /opt/airflow/dags/dag.py
[2026-05-13T06:34:34.358+0000] {logging_mixin.py:188} INFO - [2026-05-13T06:34:34.358+0000] {dag.py:3036} INFO - Sync 1 DAGs
[2026-05-13T06:34:34.367+0000] {logging_mixin.py:188} INFO - [2026-05-13T06:34:34.367+0000] {dag.py:3823} INFO - Setting next_dagrun for workshop_etl_3 to None, run_after=None
[2026-05-13T06:34:34.387+0000] {processor.py:183} INFO - Processing /opt/airflow/dags/dag.py took 0.341 seconds
[2026-05-13T06:35:04.563+0000] {processor.py:161} INFO - Started process (PID=359) to work on /opt/airflow/dags/dag.py
[2026-05-13T06:35:04.564+0000] {processor.py:830} INFO - Processing file /opt/airflow/dags/dag.py for tasks to queue
[2026-05-13T06:35:04.565+0000] {logging_mixin.py:188} INFO - [2026-05-13T06:35:04.565+0000] {dagbag.py:538} INFO - Filling up the DagBag from /opt/airflow/dags/dag.py
[2026-05-13T06:35:04.888+0000] {processor.py:840} INFO - DAG(s) 'workshop_etl_3' retrieved from /opt/airflow/dags/dag.py
[2026-05-13T06:35:04.907+0000] {logging_mixin.py:188} INFO - [2026-05-13T06:35:04.907+0000] {dag.py:3036} INFO - Sync 1 DAGs
[2026-05-13T06:35:04.917+0000] {logging_mixin.py:188} INFO - [2026-05-13T06:35:04.917+0000] {dag.py:3823} INFO - Setting next_dagrun for workshop_etl_3 to None, run_after=None
[2026-05-13T06:35:04.938+0000] {processor.py:183} INFO - Processing /opt/airflow/dags/dag.py took 0.379 seconds
[2026-05-13T06:35:35.249+0000] {processor.py:161} INFO - Started process (PID=365) to work on /opt/airflow/dags/dag.py
[2026-05-13T06:35:35.250+0000] {processor.py:830} INFO - Processing file /opt/airflow/dags/dag.py for tasks to queue
[2026-05-13T06:35:35.252+0000] {logging_mixin.py:188} INFO - [2026-05-13T06:35:35.252+0000] {dagbag.py:538} INFO - Filling up the DagBag from /opt/airflow/dags/dag.py
[2026-05-13T06:35:35.538+0000] {processor.py:840} INFO - DAG(s) 'workshop_etl_3' retrieved from /opt/airflow/dags/dag.py
[2026-05-13T06:35:35.559+0000] {logging_mixin.py:188} INFO - [2026-05-13T06:35:35.558+0000] {dag.py:3036} INFO - Sync 1 DAGs
[2026-05-13T06:35:35.568+0000] {logging_mixin.py:188} INFO - [2026-05-13T06:35:35.568+0000] {dag.py:3823} INFO - Setting next_dagrun for workshop_etl_3 to None, run_after=None
[2026-05-13T06:35:35.591+0000] {processor.py:183} INFO - Processing /opt/airflow/dags/dag.py took 0.346 seconds
[2026-05-13T06:36:05.864+0000] {processor.py:161} INFO - Started process (PID=371) to work on /opt/airflow/dags/dag.py
[2026-05-13T06:36:05.865+0000] {processor.py:830} INFO - Processing file /opt/airflow/dags/dag.py for tasks to queue
[2026-05-13T06:36:05.866+0000] {logging_mixin.py:188} INFO - [2026-05-13T06:36:05.866+0000] {dagbag.py:538} INFO - Filling up the DagBag from /opt/airflow/dags/dag.py
[2026-05-13T06:36:06.136+0000] {processor.py:840} INFO - DAG(s) 'workshop_etl_3' retrieved from /opt/airflow/dags/dag.py
[2026-05-13T06:36:06.159+0000] {logging_mixin.py:188} INFO - [2026-05-13T06:36:06.158+0000] {dag.py:3036} INFO - Sync 1 DAGs
[2026-05-13T06:36:06.170+0000] {logging_mixin.py:188} INFO - [2026-05-13T06:36:06.169+0000] {dag.py:3823} INFO - Setting next_dagrun for workshop_etl_3 to None, run_after=None
[2026-05-13T06:36:06.191+0000] {processor.py:183} INFO - Processing /opt/airflow/dags/dag.py took 0.331 seconds
[2026-05-13T06:36:36.477+0000] {processor.py:161} INFO - Started process (PID=377) to work on /opt/airflow/dags/dag.py
[2026-05-13T06:36:36.478+0000] {processor.py:830} INFO - Processing file /opt/airflow/dags/dag.py for tasks to queue
[2026-05-13T06:36:36.479+0000] {logging_mixin.py:188} INFO - [2026-05-13T06:36:36.479+0000] {dagbag.py:538} INFO - Filling up the DagBag from /opt/airflow/dags/dag.py
[2026-05-13T06:36:36.726+0000] {processor.py:840} INFO - DAG(s) 'workshop_etl_3' retrieved from /opt/airflow/dags/dag.py
[2026-05-13T06:36:36.746+0000] {logging_mixin.py:188} INFO - [2026-05-13T06:36:36.746+0000] {dag.py:3036} INFO - Sync 1 DAGs
[2026-05-13T06:36:36.756+0000] {logging_mixin.py:188} INFO - [2026-05-13T06:36:36.756+0000] {dag.py:3823} INFO - Setting next_dagrun for workshop_etl_3 to None, run_after=None
[2026-05-13T06:36:36.776+0000] {processor.py:183} INFO - Processing /opt/airflow/dags/dag.py took 0.303 seconds
[2026-05-13T06:37:07.088+0000] {processor.py:161} INFO - Started process (PID=383) to work on /opt/airflow/dags/dag.py
[2026-05-13T06:37:07.090+0000] {processor.py:830} INFO - Processing file /opt/airflow/dags/dag.py for tasks to queue
[2026-05-13T06:37:07.093+0000] {logging_mixin.py:188} INFO - [2026-05-13T06:37:07.092+0000] {dagbag.py:538} INFO - Filling up the DagBag from /opt/airflow/dags/dag.py
[2026-05-13T06:37:07.349+0000] {processor.py:840} INFO - DAG(s) 'workshop_etl_3' retrieved from /opt/airflow/dags/dag.py
[2026-05-13T06:37:07.368+0000] {logging_mixin.py:188} INFO - [2026-05-13T06:37:07.368+0000] {dag.py:3036} INFO - Sync 1 DAGs
[2026-05-13T06:37:07.378+0000] {logging_mixin.py:188} INFO - [2026-05-13T06:37:07.378+0000] {dag.py:3823} INFO - Setting next_dagrun for workshop_etl_3 to None, run_after=None
[2026-05-13T06:37:07.399+0000] {processor.py:183} INFO - Processing /opt/airflow/dags/dag.py took 0.317 seconds
[2026-05-13T06:37:37.800+0000] {processor.py:161} INFO - Started process (PID=389) to work on /opt/airflow/dags/dag.py
[2026-05-13T06:37:37.803+0000] {processor.py:830} INFO - Processing file /opt/airflow/dags/dag.py for tasks to queue
[2026-05-13T06:37:37.804+0000] {logging_mixin.py:188} INFO - [2026-05-13T06:37:37.804+0000] {dagbag.py:538} INFO - Filling up the DagBag from /opt/airflow/dags/dag.py
[2026-05-13T06:37:38.139+0000] {processor.py:840} INFO - DAG(s) 'workshop_etl_3' retrieved from /opt/airflow/dags/dag.py
[2026-05-13T06:37:38.160+0000] {logging_mixin.py:188} INFO - [2026-05-13T06:37:38.160+0000] {dag.py:3036} INFO - Sync 1 DAGs
[2026-05-13T06:37:38.171+0000] {logging_mixin.py:188} INFO - [2026-05-13T06:37:38.171+0000] {dag.py:3823} INFO - Setting next_dagrun for workshop_etl_3 to None, run_after=None
[2026-05-13T06:37:38.197+0000] {processor.py:183} INFO - Processing /opt/airflow/dags/dag.py took 0.402 seconds
[2026-05-13T06:38:08.540+0000] {processor.py:161} INFO - Started process (PID=395) to work on /opt/airflow/dags/dag.py
[2026-05-13T06:38:08.542+0000] {processor.py:830} INFO - Processing file /opt/airflow/dags/dag.py for tasks to queue
[2026-05-13T06:38:08.544+0000] {logging_mixin.py:188} INFO - [2026-05-13T06:38:08.543+0000] {dagbag.py:538} INFO - Filling up the DagBag from /opt/airflow/dags/dag.py
[2026-05-13T06:38:08.775+0000] {processor.py:840} INFO - DAG(s) 'workshop_etl_3' retrieved from /opt/airflow/dags/dag.py
[2026-05-13T06:38:08.798+0000] {logging_mixin.py:188} INFO - [2026-05-13T06:38:08.797+0000] {dag.py:3036} INFO - Sync 1 DAGs
[2026-05-13T06:38:08.809+0000] {logging_mixin.py:188} INFO - [2026-05-13T06:38:08.809+0000] {dag.py:3823} INFO - Setting next_dagrun for workshop_etl_3 to None, run_after=None
[2026-05-13T06:38:08.828+0000] {processor.py:183} INFO - Processing /opt/airflow/dags/dag.py took 0.293 seconds
[2026-05-13T06:38:39.183+0000] {processor.py:161} INFO - Started process (PID=401) to work on /opt/airflow/dags/dag.py
[2026-05-13T06:38:39.185+0000] {processor.py:830} INFO - Processing file /opt/airflow/dags/dag.py for tasks to queue
[2026-05-13T06:38:39.185+0000] {logging_mixin.py:188} INFO - [2026-05-13T06:38:39.185+0000] {dagbag.py:538} INFO - Filling up the DagBag from /opt/airflow/dags/dag.py
[2026-05-13T06:38:39.422+0000] {processor.py:840} INFO - DAG(s) 'workshop_etl_3' retrieved from /opt/airflow/dags/dag.py
[2026-05-13T06:38:39.441+0000] {logging_mixin.py:188} INFO - [2026-05-13T06:38:39.441+0000] {dag.py:3036} INFO - Sync 1 DAGs
[2026-05-13T06:38:39.451+0000] {logging_mixin.py:188} INFO - [2026-05-13T06:38:39.451+0000] {dag.py:3823} INFO - Setting next_dagrun for workshop_etl_3 to None, run_after=None
[2026-05-13T06:38:39.473+0000] {processor.py:183} INFO - Processing /opt/airflow/dags/dag.py took 0.292 seconds
[2026-05-13T06:39:09.766+0000] {processor.py:161} INFO - Started process (PID=407) to work on /opt/airflow/dags/dag.py
[2026-05-13T06:39:09.767+0000] {processor.py:830} INFO - Processing file /opt/airflow/dags/dag.py for tasks to queue
[2026-05-13T06:39:09.769+0000] {logging_mixin.py:188} INFO - [2026-05-13T06:39:09.768+0000] {dagbag.py:538} INFO - Filling up the DagBag from /opt/airflow/dags/dag.py
[2026-05-13T06:39:10.006+0000] {processor.py:840} INFO - DAG(s) 'workshop_etl_3' retrieved from /opt/airflow/dags/dag.py
[2026-05-13T06:39:10.026+0000] {logging_mixin.py:188} INFO - [2026-05-13T06:39:10.025+0000] {dag.py:3036} INFO - Sync 1 DAGs
[2026-05-13T06:39:10.035+0000] {logging_mixin.py:188} INFO - [2026-05-13T06:39:10.035+0000] {dag.py:3823} INFO - Setting next_dagrun for workshop_etl_3 to None, run_after=None
[2026-05-13T06:39:10.054+0000] {processor.py:183} INFO - Processing /opt/airflow/dags/dag.py took 0.291 seconds
[2026-05-13T06:39:40.337+0000] {processor.py:161} INFO - Started process (PID=413) to work on /opt/airflow/dags/dag.py
[2026-05-13T06:39:40.339+0000] {processor.py:830} INFO - Processing file /opt/airflow/dags/dag.py for tasks to queue
[2026-05-13T06:39:40.340+0000] {logging_mixin.py:188} INFO - [2026-05-13T06:39:40.340+0000] {dagbag.py:538} INFO - Filling up the DagBag from /opt/airflow/dags/dag.py
[2026-05-13T06:39:40.618+0000] {processor.py:840} INFO - DAG(s) 'workshop_etl_3' retrieved from /opt/airflow/dags/dag.py
[2026-05-13T06:39:40.641+0000] {logging_mixin.py:188} INFO - [2026-05-13T06:39:40.640+0000] {dag.py:3036} INFO - Sync 1 DAGs
[2026-05-13T06:39:40.650+0000] {logging_mixin.py:188} INFO - [2026-05-13T06:39:40.650+0000] {dag.py:3823} INFO - Setting next_dagrun for workshop_etl_3 to None, run_after=None
[2026-05-13T06:39:40.670+0000] {processor.py:183} INFO - Processing /opt/airflow/dags/dag.py took 0.337 seconds
[2026-05-13T06:40:10.938+0000] {processor.py:161} INFO - Started process (PID=419) to work on /opt/airflow/dags/dag.py
[2026-05-13T06:40:10.939+0000] {processor.py:830} INFO - Processing file /opt/airflow/dags/dag.py for tasks to queue
[2026-05-13T06:40:10.940+0000] {logging_mixin.py:188} INFO - [2026-05-13T06:40:10.940+0000] {dagbag.py:538} INFO - Filling up the DagBag from /opt/airflow/dags/dag.py
[2026-05-13T06:40:11.194+0000] {processor.py:840} INFO - DAG(s) 'workshop_etl_3' retrieved from /opt/airflow/dags/dag.py
[2026-05-13T06:40:11.216+0000] {logging_mixin.py:188} INFO - [2026-05-13T06:40:11.216+0000] {dag.py:3036} INFO - Sync 1 DAGs
[2026-05-13T06:40:11.226+0000] {logging_mixin.py:188} INFO - [2026-05-13T06:40:11.226+0000] {dag.py:3823} INFO - Setting next_dagrun for workshop_etl_3 to None, run_after=None
[2026-05-13T06:40:11.245+0000] {processor.py:183} INFO - Processing /opt/airflow/dags/dag.py took 0.310 seconds
[2026-05-13T06:40:41.569+0000] {processor.py:161} INFO - Started process (PID=425) to work on /opt/airflow/dags/dag.py
[2026-05-13T06:40:41.570+0000] {processor.py:830} INFO - Processing file /opt/airflow/dags/dag.py for tasks to queue
[2026-05-13T06:40:41.571+0000] {logging_mixin.py:188} INFO - [2026-05-13T06:40:41.571+0000] {dagbag.py:538} INFO - Filling up the DagBag from /opt/airflow/dags/dag.py
[2026-05-13T06:40:41.805+0000] {processor.py:840} INFO - DAG(s) 'workshop_etl_3' retrieved from /opt/airflow/dags/dag.py
[2026-05-13T06:40:41.825+0000] {logging_mixin.py:188} INFO - [2026-05-13T06:40:41.824+0000] {dag.py:3036} INFO - Sync 1 DAGs
[2026-05-13T06:40:41.835+0000] {logging_mixin.py:188} INFO - [2026-05-13T06:40:41.835+0000] {dag.py:3823} INFO - Setting next_dagrun for workshop_etl_3 to None, run_after=None
[2026-05-13T06:40:41.856+0000] {processor.py:183} INFO - Processing /opt/airflow/dags/dag.py took 0.292 seconds
[2026-05-13T06:41:12.128+0000] {processor.py:161} INFO - Started process (PID=431) to work on /opt/airflow/dags/dag.py
[2026-05-13T06:41:12.129+0000] {processor.py:830} INFO - Processing file /opt/airflow/dags/dag.py for tasks to queue
[2026-05-13T06:41:12.130+0000] {logging_mixin.py:188} INFO - [2026-05-13T06:41:12.130+0000] {dagbag.py:538} INFO - Filling up the DagBag from /opt/airflow/dags/dag.py
[2026-05-13T06:41:12.372+0000] {processor.py:840} INFO - DAG(s) 'workshop_etl_3' retrieved from /opt/airflow/dags/dag.py
[2026-05-13T06:41:12.393+0000] {logging_mixin.py:188} INFO - [2026-05-13T06:41:12.392+0000] {dag.py:3036} INFO - Sync 1 DAGs
[2026-05-13T06:41:12.404+0000] {logging_mixin.py:188} INFO - [2026-05-13T06:41:12.404+0000] {dag.py:3823} INFO - Setting next_dagrun for workshop_etl_3 to None, run_after=None
[2026-05-13T06:41:12.423+0000] {processor.py:183} INFO - Processing /opt/airflow/dags/dag.py took 0.298 seconds
[2026-05-13T06:41:42.680+0000] {processor.py:161} INFO - Started process (PID=437) to work on /opt/airflow/dags/dag.py
[2026-05-13T06:41:42.681+0000] {processor.py:830} INFO - Processing file /opt/airflow/dags/dag.py for tasks to queue
[2026-05-13T06:41:42.683+0000] {logging_mixin.py:188} INFO - [2026-05-13T06:41:42.682+0000] {dagbag.py:538} INFO - Filling up the DagBag from /opt/airflow/dags/dag.py
[2026-05-13T06:41:42.943+0000] {processor.py:840} INFO - DAG(s) 'workshop_etl_3' retrieved from /opt/airflow/dags/dag.py
[2026-05-13T06:41:42.966+0000] {logging_mixin.py:188} INFO - [2026-05-13T06:41:42.966+0000] {dag.py:3036} INFO - Sync 1 DAGs
[2026-05-13T06:41:42.977+0000] {logging_mixin.py:188} INFO - [2026-05-13T06:41:42.976+0000] {dag.py:3823} INFO - Setting next_dagrun for workshop_etl_3 to None, run_after=None
[2026-05-13T06:41:43.000+0000] {processor.py:183} INFO - Processing /opt/airflow/dags/dag.py took 0.323 seconds
[2026-05-13T06:42:13.245+0000] {processor.py:161} INFO - Started process (PID=443) to work on /opt/airflow/dags/dag.py
[2026-05-13T06:42:13.247+0000] {processor.py:830} INFO - Processing file /opt/airflow/dags/dag.py for tasks to queue
[2026-05-13T06:42:13.248+0000] {logging_mixin.py:188} INFO - [2026-05-13T06:42:13.247+0000] {dagbag.py:538} INFO - Filling up the DagBag from /opt/airflow/dags/dag.py
[2026-05-13T06:42:13.504+0000] {processor.py:840} INFO - DAG(s) 'workshop_etl_3' retrieved from /opt/airflow/dags/dag.py
[2026-05-13T06:42:13.528+0000] {logging_mixin.py:188} INFO - [2026-05-13T06:42:13.528+0000] {dag.py:3036} INFO - Sync 1 DAGs
[2026-05-13T06:42:13.538+0000] {logging_mixin.py:188} INFO - [2026-05-13T06:42:13.538+0000] {dag.py:3823} INFO - Setting next_dagrun for workshop_etl_3 to None, run_after=None
[2026-05-13T06:42:13.564+0000] {processor.py:183} INFO - Processing /opt/airflow/dags/dag.py took 0.321 seconds
[2026-05-13T06:42:43.779+0000] {processor.py:161} INFO - Started process (PID=449) to work on /opt/airflow/dags/dag.py
[2026-05-13T06:42:43.780+0000] {processor.py:830} INFO - Processing file /opt/airflow/dags/dag.py for tasks to queue
[2026-05-13T06:42:43.781+0000] {logging_mixin.py:188} INFO - [2026-05-13T06:42:43.780+0000] {dagbag.py:538} INFO - Filling up the DagBag from /opt/airflow/dags/dag.py
[2026-05-13T06:42:44.034+0000] {processor.py:840} INFO - DAG(s) 'workshop_etl_3' retrieved from /opt/airflow/dags/dag.py
[2026-05-13T06:42:44.056+0000] {logging_mixin.py:188} INFO - [2026-05-13T06:42:44.056+0000] {dag.py:3036} INFO - Sync 1 DAGs
[2026-05-13T06:42:44.066+0000] {logging_mixin.py:188} INFO - [2026-05-13T06:42:44.066+0000] {dag.py:3823} INFO - Setting next_dagrun for workshop_etl_3 to None, run_after=None
[2026-05-13T06:42:44.089+0000] {processor.py:183} INFO - Processing /opt/airflow/dags/dag.py took 0.313 seconds
[2026-05-13T06:43:14.422+0000] {processor.py:161} INFO - Started process (PID=455) to work on /opt/airflow/dags/dag.py
[2026-05-13T06:43:14.424+0000] {processor.py:830} INFO - Processing file /opt/airflow/dags/dag.py for tasks to queue
[2026-05-13T06:43:14.425+0000] {logging_mixin.py:188} INFO - [2026-05-13T06:43:14.425+0000] {dagbag.py:538} INFO - Filling up the DagBag from /opt/airflow/dags/dag.py
[2026-05-13T06:43:14.662+0000] {processor.py:840} INFO - DAG(s) 'workshop_etl_3' retrieved from /opt/airflow/dags/dag.py
[2026-05-13T06:43:14.681+0000] {logging_mixin.py:188} INFO - [2026-05-13T06:43:14.681+0000] {dag.py:3036} INFO - Sync 1 DAGs
[2026-05-13T06:43:14.691+0000] {logging_mixin.py:188} INFO - [2026-05-13T06:43:14.690+0000] {dag.py:3823} INFO - Setting next_dagrun for workshop_etl_3 to None, run_after=None
[2026-05-13T06:43:14.712+0000] {processor.py:183} INFO - Processing /opt/airflow/dags/dag.py took 0.294 seconds
[2026-05-13T06:43:45.014+0000] {processor.py:161} INFO - Started process (PID=461) to work on /opt/airflow/dags/dag.py
[2026-05-13T06:43:45.015+0000] {processor.py:830} INFO - Processing file /opt/airflow/dags/dag.py for tasks to queue
[2026-05-13T06:43:45.016+0000] {logging_mixin.py:188} INFO - [2026-05-13T06:43:45.016+0000] {dagbag.py:538} INFO - Filling up the DagBag from /opt/airflow/dags/dag.py
[2026-05-13T06:43:45.367+0000] {processor.py:840} INFO - DAG(s) 'workshop_etl_3' retrieved from /opt/airflow/dags/dag.py
[2026-05-13T06:43:45.390+0000] {logging_mixin.py:188} INFO - [2026-05-13T06:43:45.390+0000] {dag.py:3036} INFO - Sync 1 DAGs
[2026-05-13T06:43:45.400+0000] {logging_mixin.py:188} INFO - [2026-05-13T06:43:45.399+0000] {dag.py:3823} INFO - Setting next_dagrun for workshop_etl_3 to None, run_after=None
[2026-05-13T06:43:45.422+0000] {processor.py:183} INFO - Processing /opt/airflow/dags/dag.py took 0.411 seconds
[2026-05-13T06:44:15.753+0000] {processor.py:161} INFO - Started process (PID=467) to work on /opt/airflow/dags/dag.py
[2026-05-13T06:44:15.754+0000] {processor.py:830} INFO - Processing file /opt/airflow/dags/dag.py for tasks to queue
[2026-05-13T06:44:15.756+0000] {logging_mixin.py:188} INFO - [2026-05-13T06:44:15.755+0000] {dagbag.py:538} INFO - Filling up the DagBag from /opt/airflow/dags/dag.py
[2026-05-13T06:44:16.016+0000] {processor.py:840} INFO - DAG(s) 'workshop_etl_3' retrieved from /opt/airflow/dags/dag.py
[2026-05-13T06:44:16.037+0000] {logging_mixin.py:188} INFO - [2026-05-13T06:44:16.037+0000] {dag.py:3036} INFO - Sync 1 DAGs
[2026-05-13T06:44:16.049+0000] {logging_mixin.py:188} INFO - [2026-05-13T06:44:16.049+0000] {dag.py:3823} INFO - Setting next_dagrun for workshop_etl_3 to None, run_after=None
[2026-05-13T06:44:16.071+0000] {processor.py:183} INFO - Processing /opt/airflow/dags/dag.py took 0.320 seconds
[2026-05-13T06:44:46.345+0000] {processor.py:161} INFO - Started process (PID=473) to work on /opt/airflow/dags/dag.py
[2026-05-13T06:44:46.346+0000] {processor.py:830} INFO - Processing file /opt/airflow/dags/dag.py for tasks to queue
[2026-05-13T06:44:46.347+0000] {logging_mixin.py:188} INFO - [2026-05-13T06:44:46.346+0000] {dagbag.py:538} INFO - Filling up the DagBag from /opt/airflow/dags/dag.py
[2026-05-13T06:44:46.601+0000] {processor.py:840} INFO - DAG(s) 'workshop_etl_3' retrieved from /opt/airflow/dags/dag.py
[2026-05-13T06:44:46.624+0000] {logging_mixin.py:188} INFO - [2026-05-13T06:44:46.624+0000] {dag.py:3036} INFO - Sync 1 DAGs
[2026-05-13T06:44:46.634+0000] {logging_mixin.py:188} INFO - [2026-05-13T06:44:46.633+0000] {dag.py:3823} INFO - Setting next_dagrun for workshop_etl_3 to None, run_after=None
[2026-05-13T06:44:46.651+0000] {processor.py:183} INFO - Processing /opt/airflow/dags/dag.py took 0.310 seconds
[2026-05-13T06:45:16.949+0000] {processor.py:161} INFO - Started process (PID=479) to work on /opt/airflow/dags/dag.py
[2026-05-13T06:45:16.950+0000] {processor.py:830} INFO - Processing file /opt/airflow/dags/dag.py for tasks to queue
[2026-05-13T06:45:16.952+0000] {logging_mixin.py:188} INFO - [2026-05-13T06:45:16.951+0000] {dagbag.py:538} INFO - Filling up the DagBag from /opt/airflow/dags/dag.py
[2026-05-13T06:45:17.186+0000] {processor.py:840} INFO - DAG(s) 'workshop_etl_3' retrieved from /opt/airflow/dags/dag.py
[2026-05-13T06:45:17.206+0000] {logging_mixin.py:188} INFO - [2026-05-13T06:45:17.206+0000] {dag.py:3036} INFO - Sync 1 DAGs
[2026-05-13T06:45:17.214+0000] {logging_mixin.py:188} INFO - [2026-05-13T06:45:17.214+0000] {dag.py:3823} INFO - Setting next_dagrun for workshop_etl_3 to None, run_after=None
[2026-05-13T06:45:17.233+0000] {processor.py:183} INFO - Processing /opt/airflow/dags/dag.py took 0.289 seconds
[2026-05-13T06:45:47.571+0000] {processor.py:161} INFO - Started process (PID=485) to work on /opt/airflow/dags/dag.py
[2026-05-13T06:45:47.573+0000] {processor.py:830} INFO - Processing file /opt/airflow/dags/dag.py for tasks to queue
[2026-05-13T06:45:47.574+0000] {logging_mixin.py:188} INFO - [2026-05-13T06:45:47.573+0000] {dagbag.py:538} INFO - Filling up the DagBag from /opt/airflow/dags/dag.py
[2026-05-13T06:45:47.857+0000] {processor.py:840} INFO - DAG(s) 'workshop_etl_3' retrieved from /opt/airflow/dags/dag.py
[2026-05-13T06:45:47.877+0000] {logging_mixin.py:188} INFO - [2026-05-13T06:45:47.877+0000] {dag.py:3036} INFO - Sync 1 DAGs
[2026-05-13T06:45:47.887+0000] {logging_mixin.py:188} INFO - [2026-05-13T06:45:47.887+0000] {dag.py:3823} INFO - Setting next_dagrun for workshop_etl_3 to None, run_after=None
[2026-05-13T06:45:47.905+0000] {processor.py:183} INFO - Processing /opt/airflow/dags/dag.py took 0.339 seconds
[2026-05-13T06:46:18.233+0000] {processor.py:161} INFO - Started process (PID=491) to work on /opt/airflow/dags/dag.py
[2026-05-13T06:46:18.234+0000] {processor.py:830} INFO - Processing file /opt/airflow/dags/dag.py for tasks to queue
[2026-05-13T06:46:18.236+0000] {logging_mixin.py:188} INFO - [2026-05-13T06:46:18.236+0000] {dagbag.py:538} INFO - Filling up the DagBag from /opt/airflow/dags/dag.py
[2026-05-13T06:46:18.545+0000] {processor.py:840} INFO - DAG(s) 'workshop_etl_3' retrieved from /opt/airflow/dags/dag.py
[2026-05-13T06:46:18.570+0000] {logging_mixin.py:188} INFO - [2026-05-13T06:46:18.570+0000] {dag.py:3036} INFO - Sync 1 DAGs
[2026-05-13T06:46:18.581+0000] {logging_mixin.py:188} INFO - [2026-05-13T06:46:18.581+0000] {dag.py:3823} INFO - Setting next_dagrun for workshop_etl_3 to None, run_after=None
[2026-05-13T06:46:18.607+0000] {processor.py:183} INFO - Processing /opt/airflow/dags/dag.py took 0.378 seconds
[2026-05-13T06:46:48.946+0000] {processor.py:161} INFO - Started process (PID=497) to work on /opt/airflow/dags/dag.py
[2026-05-13T06:46:48.947+0000] {processor.py:830} INFO - Processing file /opt/airflow/dags/dag.py for tasks to queue
[2026-05-13T06:46:48.948+0000] {logging_mixin.py:188} INFO - [2026-05-13T06:46:48.948+0000] {dagbag.py:538} INFO - Filling up the DagBag from /opt/airflow/dags/dag.py
[2026-05-13T06:46:49.190+0000] {processor.py:840} INFO - DAG(s) 'workshop_etl_3' retrieved from /opt/airflow/dags/dag.py
[2026-05-13T06:46:49.210+0000] {logging_mixin.py:188} INFO - [2026-05-13T06:46:49.209+0000] {dag.py:3036} INFO - Sync 1 DAGs
[2026-05-13T06:46:49.221+0000] {logging_mixin.py:188} INFO - [2026-05-13T06:46:49.221+0000] {dag.py:3823} INFO - Setting next_dagrun for workshop_etl_3 to None, run_after=None
[2026-05-13T06:46:49.244+0000] {processor.py:183} INFO - Processing /opt/airflow/dags/dag.py took 0.300 seconds
[2026-05-13T06:47:19.551+0000] {processor.py:161} INFO - Started process (PID=503) to work on /opt/airflow/dags/dag.py
[2026-05-13T06:47:19.552+0000] {processor.py:830} INFO - Processing file /opt/airflow/dags/dag.py for tasks to queue
[2026-05-13T06:47:19.553+0000] {logging_mixin.py:188} INFO - [2026-05-13T06:47:19.553+0000] {dagbag.py:538} INFO - Filling up the DagBag from /opt/airflow/dags/dag.py
[2026-05-13T06:47:19.795+0000] {processor.py:840} INFO - DAG(s) 'workshop_etl_3' retrieved from /opt/airflow/dags/dag.py
[2026-05-13T06:47:19.816+0000] {logging_mixin.py:188} INFO - [2026-05-13T06:47:19.815+0000] {dag.py:3036} INFO - Sync 1 DAGs
[2026-05-13T06:47:19.825+0000] {logging_mixin.py:188} INFO - [2026-05-13T06:47:19.825+0000] {dag.py:3823} INFO - Setting next_dagrun for workshop_etl_3 to None, run_after=None
[2026-05-13T06:47:19.845+0000] {processor.py:183} INFO - Processing /opt/airflow/dags/dag.py took 0.296 seconds
[2026-05-13T06:47:50.180+0000] {processor.py:161} INFO - Started process (PID=509) to work on /opt/airflow/dags/dag.py
[2026-05-13T06:47:50.181+0000] {processor.py:830} INFO - Processing file /opt/airflow/dags/dag.py for tasks to queue
[2026-05-13T06:47:50.182+0000] {logging_mixin.py:188} INFO - [2026-05-13T06:47:50.182+0000] {dagbag.py:538} INFO - Filling up the DagBag from /opt/airflow/dags/dag.py
[2026-05-13T06:47:50.428+0000] {processor.py:840} INFO - DAG(s) 'workshop_etl_3' retrieved from /opt/airflow/dags/dag.py
[2026-05-13T06:47:50.449+0000] {logging_mixin.py:188} INFO - [2026-05-13T06:47:50.448+0000] {dag.py:3036} INFO - Sync 1 DAGs
[2026-05-13T06:47:50.458+0000] {logging_mixin.py:188} INFO - [2026-05-13T06:47:50.458+0000] {dag.py:3823} INFO - Setting next_dagrun for workshop_etl_3 to None, run_after=None
[2026-05-13T06:47:50.479+0000] {processor.py:183} INFO - Processing /opt/airflow/dags/dag.py took 0.303 seconds
[2026-05-13T06:48:20.526+0000] {processor.py:161} INFO - Started process (PID=515) to work on /opt/airflow/dags/dag.py
[2026-05-13T06:48:20.527+0000] {processor.py:830} INFO - Processing file /opt/airflow/dags/dag.py for tasks to queue
[2026-05-13T06:48:20.528+0000] {logging_mixin.py:188} INFO - [2026-05-13T06:48:20.527+0000] {dagbag.py:538} INFO - Filling up the DagBag from /opt/airflow/dags/dag.py
[2026-05-13T06:48:20.762+0000] {processor.py:840} INFO - DAG(s) 'workshop_etl_3' retrieved from /opt/airflow/dags/dag.py
[2026-05-13T06:48:20.781+0000] {logging_mixin.py:188} INFO - [2026-05-13T06:48:20.781+0000] {dag.py:3036} INFO - Sync 1 DAGs
[2026-05-13T06:48:20.790+0000] {logging_mixin.py:188} INFO - [2026-05-13T06:48:20.790+0000] {dag.py:3823} INFO - Setting next_dagrun for workshop_etl_3 to None, run_after=None
[2026-05-13T06:48:20.807+0000] {processor.py:183} INFO - Processing /opt/airflow/dags/dag.py took 0.284 seconds
[2026-05-13T06:48:51.090+0000] {processor.py:161} INFO - Started process (PID=521) to work on /opt/airflow/dags/dag.py
[2026-05-13T06:48:51.091+0000] {processor.py:830} INFO - Processing file /opt/airflow/dags/dag.py for tasks to queue
[2026-05-13T06:48:51.092+0000] {logging_mixin.py:188} INFO - [2026-05-13T06:48:51.092+0000] {dagbag.py:538} INFO - Filling up the DagBag from /opt/airflow/dags/dag.py
[2026-05-13T06:48:51.334+0000] {processor.py:840} INFO - DAG(s) 'workshop_etl_3' retrieved from /opt/airflow/dags/dag.py
[2026-05-13T06:48:51.353+0000] {logging_mixin.py:188} INFO - [2026-05-13T06:48:51.353+0000] {dag.py:3036} INFO - Sync 1 DAGs
[2026-05-13T06:48:51.363+0000] {logging_mixin.py:188} INFO - [2026-05-13T06:48:51.362+0000] {dag.py:3823} INFO - Setting next_dagrun for workshop_etl_3 to None, run_after=None
[2026-05-13T06:48:51.384+0000] {processor.py:183} INFO - Processing /opt/airflow/dags/dag.py took 0.297 seconds
[2026-05-13T06:49:21.662+0000] {processor.py:161} INFO - Started process (PID=527) to work on /opt/airflow/dags/dag.py
[2026-05-13T06:49:21.663+0000] {processor.py:830} INFO - Processing file /opt/airflow/dags/dag.py for tasks to queue
[2026-05-13T06:49:21.664+0000] {logging_mixin.py:188} INFO - [2026-05-13T06:49:21.664+0000] {dagbag.py:538} INFO - Filling up the DagBag from /opt/airflow/dags/dag.py
[2026-05-13T06:49:21.906+0000] {processor.py:840} INFO - DAG(s) 'workshop_etl_3' retrieved from /opt/airflow/dags/dag.py
[2026-05-13T06:49:21.926+0000] {logging_mixin.py:188} INFO - [2026-05-13T06:49:21.926+0000] {dag.py:3036} INFO - Sync 1 DAGs
[2026-05-13T06:49:21.936+0000] {logging_mixin.py:188} INFO - [2026-05-13T06:49:21.936+0000] {dag.py:3823} INFO - Setting next_dagrun for workshop_etl_3 to None, run_after=None
[2026-05-13T06:49:21.958+0000] {processor.py:183} INFO - Processing /opt/airflow/dags/dag.py took 0.299 seconds
[2026-05-13T06:49:52.304+0000] {processor.py:161} INFO - Started process (PID=533) to work on /opt/airflow/dags/dag.py
[2026-05-13T06:49:52.306+0000] {processor.py:830} INFO - Processing file /opt/airflow/dags/dag.py for tasks to queue
[2026-05-13T06:49:52.307+0000] {logging_mixin.py:188} INFO - [2026-05-13T06:49:52.306+0000] {dagbag.py:538} INFO - Filling up the DagBag from /opt/airflow/dags/dag.py
[2026-05-13T06:49:52.547+0000] {processor.py:840} INFO - DAG(s) 'workshop_etl_3' retrieved from /opt/airflow/dags/dag.py
[2026-05-13T06:49:52.566+0000] {logging_mixin.py:188} INFO - [2026-05-13T06:49:52.566+0000] {dag.py:3036} INFO - Sync 1 DAGs
[2026-05-13T06:49:52.577+0000] {logging_mixin.py:188} INFO - [2026-05-13T06:49:52.577+0000] {dag.py:3823} INFO - Setting next_dagrun for workshop_etl_3 to None, run_after=None
[2026-05-13T06:49:52.598+0000] {processor.py:183} INFO - Processing /opt/airflow/dags/dag.py took 0.297 seconds
[2026-05-13T06:50:22.919+0000] {processor.py:161} INFO - Started process (PID=539) to work on /opt/airflow/dags/dag.py
[2026-05-13T06:50:22.920+0000] {processor.py:830} INFO - Processing file /opt/airflow/dags/dag.py for tasks to queue
[2026-05-13T06:50:22.922+0000] {logging_mixin.py:188} INFO - [2026-05-13T06:50:22.921+0000] {dagbag.py:538} INFO - Filling up the DagBag from /opt/airflow/dags/dag.py
[2026-05-13T06:50:23.167+0000] {processor.py:840} INFO - DAG(s) 'workshop_etl_3' retrieved from /opt/airflow/dags/dag.py
[2026-05-13T06:50:23.189+0000] {logging_mixin.py:188} INFO - [2026-05-13T06:50:23.189+0000] {dag.py:3036} INFO - Sync 1 DAGs
[2026-05-13T06:50:23.199+0000] {logging_mixin.py:188} INFO - [2026-05-13T06:50:23.198+0000] {dag.py:3823} INFO - Setting next_dagrun for workshop_etl_3 to None, run_after=None
[2026-05-13T06:50:23.221+0000] {processor.py:183} INFO - Processing /opt/airflow/dags/dag.py took 0.307 seconds
[2026-05-13T06:50:53.564+0000] {processor.py:161} INFO - Started process (PID=545) to work on /opt/airflow/dags/dag.py
[2026-05-13T06:50:53.565+0000] {processor.py:830} INFO - Processing file /opt/airflow/dags/dag.py for tasks to queue
[2026-05-13T06:50:53.566+0000] {logging_mixin.py:188} INFO - [2026-05-13T06:50:53.566+0000] {dagbag.py:538} INFO - Filling up the DagBag from /opt/airflow/dags/dag.py
[2026-05-13T06:50:53.802+0000] {processor.py:840} INFO - DAG(s) 'workshop_etl_3' retrieved from /opt/airflow/dags/dag.py
[2026-05-13T06:50:53.822+0000] {logging_mixin.py:188} INFO - [2026-05-13T06:50:53.822+0000] {dag.py:3036} INFO - Sync 1 DAGs
[2026-05-13T06:50:53.832+0000] {logging_mixin.py:188} INFO - [2026-05-13T06:50:53.832+0000] {dag.py:3823} INFO - Setting next_dagrun for workshop_etl_3 to None, run_after=None
[2026-05-13T06:50:53.851+0000] {processor.py:183} INFO - Processing /opt/airflow/dags/dag.py took 0.290 seconds
[2026-05-13T06:51:24.181+0000] {processor.py:161} INFO - Started process (PID=551) to work on /opt/airflow/dags/dag.py
[2026-05-13T06:51:24.183+0000] {processor.py:830} INFO - Processing file /opt/airflow/dags/dag.py for tasks to queue
[2026-05-13T06:51:24.184+0000] {logging_mixin.py:188} INFO - [2026-05-13T06:51:24.183+0000] {dagbag.py:538} INFO - Filling up the DagBag from /opt/airflow/dags/dag.py
[2026-05-13T06:51:24.438+0000] {processor.py:840} INFO - DAG(s) 'workshop_etl_3' retrieved from /opt/airflow/dags/dag.py
[2026-05-13T06:51:24.461+0000] {logging_mixin.py:188} INFO - [2026-05-13T06:51:24.460+0000] {dag.py:3036} INFO - Sync 1 DAGs
[2026-05-13T06:51:24.470+0000] {logging_mixin.py:188} INFO - [2026-05-13T06:51:24.470+0000] {dag.py:3823} INFO - Setting next_dagrun for workshop_etl_3 to None, run_after=None
[2026-05-13T06:51:24.491+0000] {processor.py:183} INFO - Processing /opt/airflow/dags/dag.py took 0.313 seconds
[2026-05-13T06:51:54.785+0000] {processor.py:161} INFO - Started process (PID=557) to work on /opt/airflow/dags/dag.py
[2026-05-13T06:51:54.786+0000] {processor.py:830} INFO - Processing file /opt/airflow/dags/dag.py for tasks to queue
[2026-05-13T06:51:54.787+0000] {logging_mixin.py:188} INFO - [2026-05-13T06:51:54.786+0000] {dagbag.py:538} INFO - Filling up the DagBag from /opt/airflow/dags/dag.py
[2026-05-13T06:51:55.045+0000] {processor.py:840} INFO - DAG(s) 'workshop_etl_3' retrieved from /opt/airflow/dags/dag.py
[2026-05-13T06:51:55.066+0000] {logging_mixin.py:188} INFO - [2026-05-13T06:51:55.066+0000] {dag.py:3036} INFO - Sync 1 DAGs
[2026-05-13T06:51:55.076+0000] {logging_mixin.py:188} INFO - [2026-05-13T06:51:55.076+0000] {dag.py:3823} INFO - Setting next_dagrun for workshop_etl_3 to None, run_after=None
[2026-05-13T06:51:55.100+0000] {processor.py:183} INFO - Processing /opt/airflow/dags/dag.py took 0.318 seconds
[2026-05-13T06:52:25.449+0000] {processor.py:161} INFO - Started process (PID=563) to work on /opt/airflow/dags/dag.py
[2026-05-13T06:52:25.453+0000] {processor.py:830} INFO - Processing file /opt/airflow/dags/dag.py for tasks to queue
[2026-05-13T06:52:25.456+0000] {logging_mixin.py:188} INFO - [2026-05-13T06:52:25.455+0000] {dagbag.py:538} INFO - Filling up the DagBag from /opt/airflow/dags/dag.py
[2026-05-13T06:52:25.767+0000] {processor.py:840} INFO - DAG(s) 'workshop_etl_3' retrieved from /opt/airflow/dags/dag.py
[2026-05-13T06:52:25.791+0000] {logging_mixin.py:188} INFO - [2026-05-13T06:52:25.790+0000] {dag.py:3036} INFO - Sync 1 DAGs
[2026-05-13T06:52:25.801+0000] {logging_mixin.py:188} INFO - [2026-05-13T06:52:25.800+0000] {dag.py:3823} INFO - Setting next_dagrun for workshop_etl_3 to None, run_after=None
[2026-05-13T06:52:25.822+0000] {processor.py:183} INFO - Processing /opt/airflow/dags/dag.py took 0.377 seconds
[2026-05-13T06:52:56.098+0000] {processor.py:161} INFO - Started process (PID=569) to work on /opt/airflow/dags/dag.py
[2026-05-13T06:52:56.100+0000] {processor.py:830} INFO - Processing file /opt/airflow/dags/dag.py for tasks to queue
[2026-05-13T06:52:56.101+0000] {logging_mixin.py:188} INFO - [2026-05-13T06:52:56.100+0000] {dagbag.py:538} INFO - Filling up the DagBag from /opt/airflow/dags/dag.py
[2026-05-13T06:52:56.348+0000] {logging_mixin.py:188} INFO - [2026-05-13T06:52:56.343+0000] {dagbag.py:348} ERROR - Failed to import: /opt/airflow/dags/dag.py
Traceback (most recent call last):
  File "/home/airflow/.local/lib/python3.11/site-packages/airflow/models/dagbag.py", line 344, in parse
    loader.exec_module(new_module)
  File "<frozen importlib._bootstrap_external>", line 940, in exec_module
  File "<frozen importlib._bootstrap>", line 241, in _call_with_frames_removed
  File "/opt/airflow/dags/dag.py", line 8, in <module>
    from scripts.concat import run_concat
  File "/opt/airflow/scripts/concat.py", line 16
    df1 = pd.read_parquet(source1_path)
                                       ^
IndentationError: unindent does not match any outer indentation level
[2026-05-13T06:52:56.349+0000] {processor.py:842} WARNING - No viable dags retrieved from /opt/airflow/dags/dag.py
[2026-05-13T06:52:56.367+0000] {processor.py:183} INFO - Processing /opt/airflow/dags/dag.py took 0.271 seconds
[2026-05-13T06:53:26.711+0000] {processor.py:161} INFO - Started process (PID=575) to work on /opt/airflow/dags/dag.py
[2026-05-13T06:53:26.712+0000] {processor.py:830} INFO - Processing file /opt/airflow/dags/dag.py for tasks to queue
[2026-05-13T06:53:26.713+0000] {logging_mixin.py:188} INFO - [2026-05-13T06:53:26.713+0000] {dagbag.py:538} INFO - Filling up the DagBag from /opt/airflow/dags/dag.py
[2026-05-13T06:53:27.058+0000] {processor.py:840} INFO - DAG(s) 'workshop_etl_3' retrieved from /opt/airflow/dags/dag.py
[2026-05-13T06:53:27.083+0000] {logging_mixin.py:188} INFO - [2026-05-13T06:53:27.083+0000] {dag.py:3036} INFO - Sync 1 DAGs
[2026-05-13T06:53:27.093+0000] {logging_mixin.py:188} INFO - [2026-05-13T06:53:27.093+0000] {dag.py:3823} INFO - Setting next_dagrun for workshop_etl_3 to None, run_after=None
[2026-05-13T06:53:27.116+0000] {processor.py:183} INFO - Processing /opt/airflow/dags/dag.py took 0.408 seconds
[2026-05-13T06:53:57.425+0000] {processor.py:161} INFO - Started process (PID=581) to work on /opt/airflow/dags/dag.py
[2026-05-13T06:53:57.426+0000] {processor.py:830} INFO - Processing file /opt/airflow/dags/dag.py for tasks to queue
[2026-05-13T06:53:57.428+0000] {logging_mixin.py:188} INFO - [2026-05-13T06:53:57.427+0000] {dagbag.py:538} INFO - Filling up the DagBag from /opt/airflow/dags/dag.py
[2026-05-13T06:53:57.750+0000] {processor.py:840} INFO - DAG(s) 'workshop_etl_3' retrieved from /opt/airflow/dags/dag.py
[2026-05-13T06:53:57.775+0000] {logging_mixin.py:188} INFO - [2026-05-13T06:53:57.774+0000] {dag.py:3036} INFO - Sync 1 DAGs
[2026-05-13T06:53:57.786+0000] {logging_mixin.py:188} INFO - [2026-05-13T06:53:57.786+0000] {dag.py:3823} INFO - Setting next_dagrun for workshop_etl_3 to None, run_after=None
[2026-05-13T06:53:57.807+0000] {processor.py:183} INFO - Processing /opt/airflow/dags/dag.py took 0.386 seconds
[2026-05-13T06:54:28.164+0000] {processor.py:161} INFO - Started process (PID=587) to work on /opt/airflow/dags/dag.py
[2026-05-13T06:54:28.166+0000] {processor.py:830} INFO - Processing file /opt/airflow/dags/dag.py for tasks to queue
[2026-05-13T06:54:28.167+0000] {logging_mixin.py:188} INFO - [2026-05-13T06:54:28.167+0000] {dagbag.py:538} INFO - Filling up the DagBag from /opt/airflow/dags/dag.py
[2026-05-13T06:54:28.486+0000] {processor.py:840} INFO - DAG(s) 'workshop_etl_3' retrieved from /opt/airflow/dags/dag.py
[2026-05-13T06:54:28.511+0000] {logging_mixin.py:188} INFO - [2026-05-13T06:54:28.511+0000] {dag.py:3036} INFO - Sync 1 DAGs
[2026-05-13T06:54:28.521+0000] {logging_mixin.py:188} INFO - [2026-05-13T06:54:28.520+0000] {dag.py:3823} INFO - Setting next_dagrun for workshop_etl_3 to None, run_after=None
[2026-05-13T06:54:28.544+0000] {processor.py:183} INFO - Processing /opt/airflow/dags/dag.py took 0.386 seconds
[2026-05-13T06:54:58.918+0000] {processor.py:161} INFO - Started process (PID=593) to work on /opt/airflow/dags/dag.py
[2026-05-13T06:54:58.920+0000] {processor.py:830} INFO - Processing file /opt/airflow/dags/dag.py for tasks to queue
[2026-05-13T06:54:58.921+0000] {logging_mixin.py:188} INFO - [2026-05-13T06:54:58.921+0000] {dagbag.py:538} INFO - Filling up the DagBag from /opt/airflow/dags/dag.py
[2026-05-13T06:54:59.250+0000] {processor.py:840} INFO - DAG(s) 'workshop_etl_3' retrieved from /opt/airflow/dags/dag.py
[2026-05-13T06:54:59.282+0000] {logging_mixin.py:188} INFO - [2026-05-13T06:54:59.282+0000] {dag.py:3036} INFO - Sync 1 DAGs
[2026-05-13T06:54:59.294+0000] {logging_mixin.py:188} INFO - [2026-05-13T06:54:59.294+0000] {dag.py:3823} INFO - Setting next_dagrun for workshop_etl_3 to None, run_after=None
[2026-05-13T06:54:59.315+0000] {processor.py:183} INFO - Processing /opt/airflow/dags/dag.py took 0.400 seconds
[2026-05-13T06:55:29.601+0000] {processor.py:161} INFO - Started process (PID=599) to work on /opt/airflow/dags/dag.py
[2026-05-13T06:55:29.602+0000] {processor.py:830} INFO - Processing file /opt/airflow/dags/dag.py for tasks to queue
[2026-05-13T06:55:29.603+0000] {logging_mixin.py:188} INFO - [2026-05-13T06:55:29.603+0000] {dagbag.py:538} INFO - Filling up the DagBag from /opt/airflow/dags/dag.py
[2026-05-13T06:55:29.886+0000] {processor.py:840} INFO - DAG(s) 'workshop_etl_3' retrieved from /opt/airflow/dags/dag.py
[2026-05-13T06:55:29.913+0000] {logging_mixin.py:188} INFO - [2026-05-13T06:55:29.912+0000] {dag.py:3036} INFO - Sync 1 DAGs
[2026-05-13T06:55:29.923+0000] {logging_mixin.py:188} INFO - [2026-05-13T06:55:29.922+0000] {dag.py:3823} INFO - Setting next_dagrun for workshop_etl_3 to None, run_after=None
[2026-05-13T06:55:29.949+0000] {processor.py:183} INFO - Processing /opt/airflow/dags/dag.py took 0.351 seconds
[2026-05-13T06:56:00.248+0000] {processor.py:161} INFO - Started process (PID=605) to work on /opt/airflow/dags/dag.py
[2026-05-13T06:56:00.249+0000] {processor.py:830} INFO - Processing file /opt/airflow/dags/dag.py for tasks to queue
[2026-05-13T06:56:00.250+0000] {logging_mixin.py:188} INFO - [2026-05-13T06:56:00.250+0000] {dagbag.py:538} INFO - Filling up the DagBag from /opt/airflow/dags/dag.py
[2026-05-13T06:56:00.514+0000] {processor.py:840} INFO - DAG(s) 'workshop_etl_3' retrieved from /opt/airflow/dags/dag.py
[2026-05-13T06:56:00.540+0000] {logging_mixin.py:188} INFO - [2026-05-13T06:56:00.539+0000] {dag.py:3036} INFO - Sync 1 DAGs
[2026-05-13T06:56:00.552+0000] {logging_mixin.py:188} INFO - [2026-05-13T06:56:00.552+0000] {dag.py:3823} INFO - Setting next_dagrun for workshop_etl_3 to None, run_after=None
[2026-05-13T06:56:00.574+0000] {processor.py:183} INFO - Processing /opt/airflow/dags/dag.py took 0.329 seconds
[2026-05-13T06:56:30.846+0000] {processor.py:161} INFO - Started process (PID=611) to work on /opt/airflow/dags/dag.py
[2026-05-13T06:56:30.847+0000] {processor.py:830} INFO - Processing file /opt/airflow/dags/dag.py for tasks to queue
[2026-05-13T06:56:30.849+0000] {logging_mixin.py:188} INFO - [2026-05-13T06:56:30.848+0000] {dagbag.py:538} INFO - Filling up the DagBag from /opt/airflow/dags/dag.py
[2026-05-13T06:56:31.163+0000] {logging_mixin.py:188} INFO - [2026-05-13T06:56:31.157+0000] {dagbag.py:348} ERROR - Failed to import: /opt/airflow/dags/dag.py
Traceback (most recent call last):
  File "/home/airflow/.local/lib/python3.11/site-packages/airflow/models/dagbag.py", line 344, in parse
    loader.exec_module(new_module)
  File "<frozen importlib._bootstrap_external>", line 940, in exec_module
  File "<frozen importlib._bootstrap>", line 241, in _call_with_frames_removed
  File "/opt/airflow/dags/dag.py", line 7, in <module>
    from scripts.transformaciones_generales import normalize_source
  File "/opt/airflow/scripts/transformaciones_generales.py", line 65
    "Normaliza un dataset parquet según el año correspondiente, unificando nombres
    ^
SyntaxError: unterminated string literal (detected at line 65)
[2026-05-13T06:56:31.165+0000] {processor.py:842} WARNING - No viable dags retrieved from /opt/airflow/dags/dag.py
[2026-05-13T06:56:31.184+0000] {processor.py:183} INFO - Processing /opt/airflow/dags/dag.py took 0.341 seconds
[2026-05-13T06:57:01.491+0000] {processor.py:161} INFO - Started process (PID=617) to work on /opt/airflow/dags/dag.py
[2026-05-13T06:57:01.492+0000] {processor.py:830} INFO - Processing file /opt/airflow/dags/dag.py for tasks to queue
[2026-05-13T06:57:01.494+0000] {logging_mixin.py:188} INFO - [2026-05-13T06:57:01.493+0000] {dagbag.py:538} INFO - Filling up the DagBag from /opt/airflow/dags/dag.py
[2026-05-13T06:57:01.784+0000] {processor.py:840} INFO - DAG(s) 'workshop_etl_3' retrieved from /opt/airflow/dags/dag.py
[2026-05-13T06:57:01.805+0000] {logging_mixin.py:188} INFO - [2026-05-13T06:57:01.805+0000] {dag.py:3036} INFO - Sync 1 DAGs
[2026-05-13T06:57:01.815+0000] {logging_mixin.py:188} INFO - [2026-05-13T06:57:01.815+0000] {dag.py:3823} INFO - Setting next_dagrun for workshop_etl_3 to None, run_after=None
[2026-05-13T06:57:01.840+0000] {processor.py:183} INFO - Processing /opt/airflow/dags/dag.py took 0.352 seconds
[2026-05-13T06:57:32.127+0000] {processor.py:161} INFO - Started process (PID=623) to work on /opt/airflow/dags/dag.py
[2026-05-13T06:57:32.128+0000] {processor.py:830} INFO - Processing file /opt/airflow/dags/dag.py for tasks to queue
[2026-05-13T06:57:32.129+0000] {logging_mixin.py:188} INFO - [2026-05-13T06:57:32.129+0000] {dagbag.py:538} INFO - Filling up the DagBag from /opt/airflow/dags/dag.py
[2026-05-13T06:57:32.435+0000] {processor.py:840} INFO - DAG(s) 'workshop_etl_3' retrieved from /opt/airflow/dags/dag.py
[2026-05-13T06:57:32.456+0000] {logging_mixin.py:188} INFO - [2026-05-13T06:57:32.455+0000] {dag.py:3036} INFO - Sync 1 DAGs
[2026-05-13T06:57:32.466+0000] {logging_mixin.py:188} INFO - [2026-05-13T06:57:32.465+0000] {dag.py:3823} INFO - Setting next_dagrun for workshop_etl_3 to None, run_after=None
[2026-05-13T06:57:32.486+0000] {processor.py:183} INFO - Processing /opt/airflow/dags/dag.py took 0.364 seconds
[2026-05-13T06:58:02.792+0000] {processor.py:161} INFO - Started process (PID=629) to work on /opt/airflow/dags/dag.py
[2026-05-13T06:58:02.793+0000] {processor.py:830} INFO - Processing file /opt/airflow/dags/dag.py for tasks to queue
[2026-05-13T06:58:02.794+0000] {logging_mixin.py:188} INFO - [2026-05-13T06:58:02.793+0000] {dagbag.py:538} INFO - Filling up the DagBag from /opt/airflow/dags/dag.py
[2026-05-13T06:58:03.107+0000] {processor.py:840} INFO - DAG(s) 'workshop_etl_3' retrieved from /opt/airflow/dags/dag.py
[2026-05-13T06:58:03.129+0000] {logging_mixin.py:188} INFO - [2026-05-13T06:58:03.129+0000] {dag.py:3036} INFO - Sync 1 DAGs
[2026-05-13T06:58:03.140+0000] {logging_mixin.py:188} INFO - [2026-05-13T06:58:03.140+0000] {dag.py:3823} INFO - Setting next_dagrun for workshop_etl_3 to None, run_after=None
[2026-05-13T06:58:03.163+0000] {processor.py:183} INFO - Processing /opt/airflow/dags/dag.py took 0.374 seconds
[2026-05-13T06:58:33.464+0000] {processor.py:161} INFO - Started process (PID=635) to work on /opt/airflow/dags/dag.py
[2026-05-13T06:58:33.465+0000] {processor.py:830} INFO - Processing file /opt/airflow/dags/dag.py for tasks to queue
[2026-05-13T06:58:33.466+0000] {logging_mixin.py:188} INFO - [2026-05-13T06:58:33.466+0000] {dagbag.py:538} INFO - Filling up the DagBag from /opt/airflow/dags/dag.py
[2026-05-13T06:58:33.738+0000] {processor.py:840} INFO - DAG(s) 'workshop_etl_3' retrieved from /opt/airflow/dags/dag.py
[2026-05-13T06:58:33.759+0000] {logging_mixin.py:188} INFO - [2026-05-13T06:58:33.758+0000] {dag.py:3036} INFO - Sync 1 DAGs
[2026-05-13T06:58:33.771+0000] {logging_mixin.py:188} INFO - [2026-05-13T06:58:33.770+0000] {dag.py:3823} INFO - Setting next_dagrun for workshop_etl_3 to None, run_after=None
[2026-05-13T06:58:33.797+0000] {processor.py:183} INFO - Processing /opt/airflow/dags/dag.py took 0.335 seconds
[2026-05-13T06:59:04.066+0000] {processor.py:161} INFO - Started process (PID=641) to work on /opt/airflow/dags/dag.py
[2026-05-13T06:59:04.068+0000] {processor.py:830} INFO - Processing file /opt/airflow/dags/dag.py for tasks to queue
[2026-05-13T06:59:04.069+0000] {logging_mixin.py:188} INFO - [2026-05-13T06:59:04.068+0000] {dagbag.py:538} INFO - Filling up the DagBag from /opt/airflow/dags/dag.py
[2026-05-13T06:59:04.341+0000] {processor.py:840} INFO - DAG(s) 'workshop_etl_3' retrieved from /opt/airflow/dags/dag.py
[2026-05-13T06:59:04.363+0000] {logging_mixin.py:188} INFO - [2026-05-13T06:59:04.363+0000] {dag.py:3036} INFO - Sync 1 DAGs
[2026-05-13T06:59:04.373+0000] {logging_mixin.py:188} INFO - [2026-05-13T06:59:04.373+0000] {dag.py:3823} INFO - Setting next_dagrun for workshop_etl_3 to None, run_after=None
[2026-05-13T06:59:04.394+0000] {processor.py:183} INFO - Processing /opt/airflow/dags/dag.py took 0.330 seconds
[2026-05-13T06:59:34.713+0000] {processor.py:161} INFO - Started process (PID=647) to work on /opt/airflow/dags/dag.py
[2026-05-13T06:59:34.714+0000] {processor.py:830} INFO - Processing file /opt/airflow/dags/dag.py for tasks to queue
[2026-05-13T06:59:34.716+0000] {logging_mixin.py:188} INFO - [2026-05-13T06:59:34.715+0000] {dagbag.py:538} INFO - Filling up the DagBag from /opt/airflow/dags/dag.py
[2026-05-13T06:59:34.949+0000] {processor.py:840} INFO - DAG(s) 'workshop_etl_3' retrieved from /opt/airflow/dags/dag.py
[2026-05-13T06:59:34.970+0000] {logging_mixin.py:188} INFO - [2026-05-13T06:59:34.970+0000] {dag.py:3036} INFO - Sync 1 DAGs
[2026-05-13T06:59:34.980+0000] {logging_mixin.py:188} INFO - [2026-05-13T06:59:34.979+0000] {dag.py:3823} INFO - Setting next_dagrun for workshop_etl_3 to None, run_after=None
[2026-05-13T06:59:35.000+0000] {processor.py:183} INFO - Processing /opt/airflow/dags/dag.py took 0.291 seconds
[2026-05-13T07:00:05.303+0000] {processor.py:161} INFO - Started process (PID=653) to work on /opt/airflow/dags/dag.py
[2026-05-13T07:00:05.304+0000] {processor.py:830} INFO - Processing file /opt/airflow/dags/dag.py for tasks to queue
[2026-05-13T07:00:05.306+0000] {logging_mixin.py:188} INFO - [2026-05-13T07:00:05.305+0000] {dagbag.py:538} INFO - Filling up the DagBag from /opt/airflow/dags/dag.py
[2026-05-13T07:00:05.563+0000] {processor.py:840} INFO - DAG(s) 'workshop_etl_3' retrieved from /opt/airflow/dags/dag.py
[2026-05-13T07:00:05.583+0000] {logging_mixin.py:188} INFO - [2026-05-13T07:00:05.583+0000] {dag.py:3036} INFO - Sync 1 DAGs
[2026-05-13T07:00:05.594+0000] {logging_mixin.py:188} INFO - [2026-05-13T07:00:05.594+0000] {dag.py:3823} INFO - Setting next_dagrun for workshop_etl_3 to None, run_after=None
[2026-05-13T07:00:05.614+0000] {processor.py:183} INFO - Processing /opt/airflow/dags/dag.py took 0.314 seconds
[2026-05-13T07:00:35.933+0000] {processor.py:161} INFO - Started process (PID=659) to work on /opt/airflow/dags/dag.py
[2026-05-13T07:00:35.943+0000] {processor.py:830} INFO - Processing file /opt/airflow/dags/dag.py for tasks to queue
[2026-05-13T07:00:35.947+0000] {logging_mixin.py:188} INFO - [2026-05-13T07:00:35.945+0000] {dagbag.py:538} INFO - Filling up the DagBag from /opt/airflow/dags/dag.py
[2026-05-13T07:00:36.248+0000] {processor.py:840} INFO - DAG(s) 'workshop_etl_3' retrieved from /opt/airflow/dags/dag.py
[2026-05-13T07:00:36.272+0000] {logging_mixin.py:188} INFO - [2026-05-13T07:00:36.272+0000] {dag.py:3036} INFO - Sync 1 DAGs
[2026-05-13T07:00:36.284+0000] {logging_mixin.py:188} INFO - [2026-05-13T07:00:36.284+0000] {dag.py:3823} INFO - Setting next_dagrun for workshop_etl_3 to None, run_after=None
[2026-05-13T07:00:36.306+0000] {processor.py:183} INFO - Processing /opt/airflow/dags/dag.py took 0.376 seconds
[2026-05-13T07:01:06.541+0000] {processor.py:161} INFO - Started process (PID=665) to work on /opt/airflow/dags/dag.py
[2026-05-13T07:01:06.543+0000] {processor.py:830} INFO - Processing file /opt/airflow/dags/dag.py for tasks to queue
[2026-05-13T07:01:06.544+0000] {logging_mixin.py:188} INFO - [2026-05-13T07:01:06.543+0000] {dagbag.py:538} INFO - Filling up the DagBag from /opt/airflow/dags/dag.py
[2026-05-13T07:01:06.800+0000] {processor.py:840} INFO - DAG(s) 'workshop_etl_3' retrieved from /opt/airflow/dags/dag.py
[2026-05-13T07:01:06.824+0000] {logging_mixin.py:188} INFO - [2026-05-13T07:01:06.823+0000] {dag.py:3036} INFO - Sync 1 DAGs
[2026-05-13T07:01:06.835+0000] {logging_mixin.py:188} INFO - [2026-05-13T07:01:06.834+0000] {dag.py:3823} INFO - Setting next_dagrun for workshop_etl_3 to None, run_after=None
[2026-05-13T07:01:06.862+0000] {processor.py:183} INFO - Processing /opt/airflow/dags/dag.py took 0.324 seconds
[2026-05-13T07:01:37.201+0000] {processor.py:161} INFO - Started process (PID=671) to work on /opt/airflow/dags/dag.py
[2026-05-13T07:01:37.203+0000] {processor.py:830} INFO - Processing file /opt/airflow/dags/dag.py for tasks to queue
[2026-05-13T07:01:37.204+0000] {logging_mixin.py:188} INFO - [2026-05-13T07:01:37.204+0000] {dagbag.py:538} INFO - Filling up the DagBag from /opt/airflow/dags/dag.py
[2026-05-13T07:01:37.475+0000] {processor.py:840} INFO - DAG(s) 'workshop_etl_3' retrieved from /opt/airflow/dags/dag.py
[2026-05-13T07:01:37.495+0000] {logging_mixin.py:188} INFO - [2026-05-13T07:01:37.495+0000] {dag.py:3036} INFO - Sync 1 DAGs
[2026-05-13T07:01:37.506+0000] {logging_mixin.py:188} INFO - [2026-05-13T07:01:37.506+0000] {dag.py:3823} INFO - Setting next_dagrun for workshop_etl_3 to None, run_after=None
[2026-05-13T07:01:37.526+0000] {processor.py:183} INFO - Processing /opt/airflow/dags/dag.py took 0.331 seconds
[2026-05-13T07:02:07.869+0000] {processor.py:161} INFO - Started process (PID=677) to work on /opt/airflow/dags/dag.py
[2026-05-13T07:02:07.870+0000] {processor.py:830} INFO - Processing file /opt/airflow/dags/dag.py for tasks to queue
[2026-05-13T07:02:07.871+0000] {logging_mixin.py:188} INFO - [2026-05-13T07:02:07.871+0000] {dagbag.py:538} INFO - Filling up the DagBag from /opt/airflow/dags/dag.py
[2026-05-13T07:02:08.130+0000] {processor.py:840} INFO - DAG(s) 'workshop_etl_3' retrieved from /opt/airflow/dags/dag.py
[2026-05-13T07:02:08.157+0000] {logging_mixin.py:188} INFO - [2026-05-13T07:02:08.157+0000] {dag.py:3036} INFO - Sync 1 DAGs
[2026-05-13T07:02:08.174+0000] {logging_mixin.py:188} INFO - [2026-05-13T07:02:08.174+0000] {dag.py:3823} INFO - Setting next_dagrun for workshop_etl_3 to None, run_after=None
[2026-05-13T07:02:08.206+0000] {processor.py:183} INFO - Processing /opt/airflow/dags/dag.py took 0.340 seconds
[2026-05-13T07:02:38.541+0000] {processor.py:161} INFO - Started process (PID=683) to work on /opt/airflow/dags/dag.py
[2026-05-13T07:02:38.542+0000] {processor.py:830} INFO - Processing file /opt/airflow/dags/dag.py for tasks to queue
[2026-05-13T07:02:38.543+0000] {logging_mixin.py:188} INFO - [2026-05-13T07:02:38.543+0000] {dagbag.py:538} INFO - Filling up the DagBag from /opt/airflow/dags/dag.py
[2026-05-13T07:02:38.780+0000] {processor.py:840} INFO - DAG(s) 'workshop_etl_3' retrieved from /opt/airflow/dags/dag.py
[2026-05-13T07:02:38.802+0000] {logging_mixin.py:188} INFO - [2026-05-13T07:02:38.802+0000] {dag.py:3036} INFO - Sync 1 DAGs
[2026-05-13T07:02:38.812+0000] {logging_mixin.py:188} INFO - [2026-05-13T07:02:38.812+0000] {dag.py:3823} INFO - Setting next_dagrun for workshop_etl_3 to None, run_after=None
[2026-05-13T07:02:38.852+0000] {processor.py:183} INFO - Processing /opt/airflow/dags/dag.py took 0.315 seconds
[2026-05-13T07:03:09.159+0000] {processor.py:161} INFO - Started process (PID=689) to work on /opt/airflow/dags/dag.py
[2026-05-13T07:03:09.160+0000] {processor.py:830} INFO - Processing file /opt/airflow/dags/dag.py for tasks to queue
[2026-05-13T07:03:09.161+0000] {logging_mixin.py:188} INFO - [2026-05-13T07:03:09.161+0000] {dagbag.py:538} INFO - Filling up the DagBag from /opt/airflow/dags/dag.py
[2026-05-13T07:03:09.396+0000] {processor.py:840} INFO - DAG(s) 'workshop_etl_3' retrieved from /opt/airflow/dags/dag.py
[2026-05-13T07:03:09.415+0000] {logging_mixin.py:188} INFO - [2026-05-13T07:03:09.415+0000] {dag.py:3036} INFO - Sync 1 DAGs
[2026-05-13T07:03:09.424+0000] {logging_mixin.py:188} INFO - [2026-05-13T07:03:09.424+0000] {dag.py:3823} INFO - Setting next_dagrun for workshop_etl_3 to None, run_after=None
[2026-05-13T07:03:09.447+0000] {processor.py:183} INFO - Processing /opt/airflow/dags/dag.py took 0.290 seconds
[2026-05-13T07:03:39.594+0000] {processor.py:161} INFO - Started process (PID=695) to work on /opt/airflow/dags/dag.py
[2026-05-13T07:03:39.596+0000] {processor.py:830} INFO - Processing file /opt/airflow/dags/dag.py for tasks to queue
[2026-05-13T07:03:39.597+0000] {logging_mixin.py:188} INFO - [2026-05-13T07:03:39.596+0000] {dagbag.py:538} INFO - Filling up the DagBag from /opt/airflow/dags/dag.py
[2026-05-13T07:03:39.836+0000] {processor.py:840} INFO - DAG(s) 'workshop_etl_3' retrieved from /opt/airflow/dags/dag.py
[2026-05-13T07:03:39.856+0000] {logging_mixin.py:188} INFO - [2026-05-13T07:03:39.856+0000] {dag.py:3036} INFO - Sync 1 DAGs
[2026-05-13T07:03:39.865+0000] {logging_mixin.py:188} INFO - [2026-05-13T07:03:39.865+0000] {dag.py:3823} INFO - Setting next_dagrun for workshop_etl_3 to None, run_after=None
[2026-05-13T07:03:39.883+0000] {processor.py:183} INFO - Processing /opt/airflow/dags/dag.py took 0.293 seconds
[2026-05-13T07:04:10.069+0000] {processor.py:161} INFO - Started process (PID=701) to work on /opt/airflow/dags/dag.py
[2026-05-13T07:04:10.070+0000] {processor.py:830} INFO - Processing file /opt/airflow/dags/dag.py for tasks to queue
[2026-05-13T07:04:10.071+0000] {logging_mixin.py:188} INFO - [2026-05-13T07:04:10.071+0000] {dagbag.py:538} INFO - Filling up the DagBag from /opt/airflow/dags/dag.py
[2026-05-13T07:04:10.330+0000] {processor.py:840} INFO - DAG(s) 'workshop_etl_3' retrieved from /opt/airflow/dags/dag.py
[2026-05-13T07:04:10.352+0000] {logging_mixin.py:188} INFO - [2026-05-13T07:04:10.352+0000] {dag.py:3036} INFO - Sync 1 DAGs
[2026-05-13T07:04:10.361+0000] {logging_mixin.py:188} INFO - [2026-05-13T07:04:10.361+0000] {dag.py:3823} INFO - Setting next_dagrun for workshop_etl_3 to None, run_after=None
[2026-05-13T07:04:10.383+0000] {processor.py:183} INFO - Processing /opt/airflow/dags/dag.py took 0.318 seconds
[2026-05-13T07:04:40.441+0000] {processor.py:161} INFO - Started process (PID=707) to work on /opt/airflow/dags/dag.py
[2026-05-13T07:04:40.442+0000] {processor.py:830} INFO - Processing file /opt/airflow/dags/dag.py for tasks to queue
[2026-05-13T07:04:40.444+0000] {logging_mixin.py:188} INFO - [2026-05-13T07:04:40.443+0000] {dagbag.py:538} INFO - Filling up the DagBag from /opt/airflow/dags/dag.py
[2026-05-13T07:04:40.705+0000] {processor.py:840} INFO - DAG(s) 'workshop_etl_3' retrieved from /opt/airflow/dags/dag.py
[2026-05-13T07:04:40.726+0000] {logging_mixin.py:188} INFO - [2026-05-13T07:04:40.726+0000] {dag.py:3036} INFO - Sync 1 DAGs
[2026-05-13T07:04:40.738+0000] {logging_mixin.py:188} INFO - [2026-05-13T07:04:40.738+0000] {dag.py:3823} INFO - Setting next_dagrun for workshop_etl_3 to None, run_after=None
[2026-05-13T07:04:40.756+0000] {processor.py:183} INFO - Processing /opt/airflow/dags/dag.py took 0.319 seconds
[2026-05-13T07:05:10.946+0000] {processor.py:161} INFO - Started process (PID=713) to work on /opt/airflow/dags/dag.py
[2026-05-13T07:05:10.947+0000] {processor.py:830} INFO - Processing file /opt/airflow/dags/dag.py for tasks to queue
[2026-05-13T07:05:10.949+0000] {logging_mixin.py:188} INFO - [2026-05-13T07:05:10.948+0000] {dagbag.py:538} INFO - Filling up the DagBag from /opt/airflow/dags/dag.py
[2026-05-13T07:05:11.187+0000] {processor.py:840} INFO - DAG(s) 'workshop_etl_3' retrieved from /opt/airflow/dags/dag.py
[2026-05-13T07:05:11.206+0000] {logging_mixin.py:188} INFO - [2026-05-13T07:05:11.206+0000] {dag.py:3036} INFO - Sync 1 DAGs
[2026-05-13T07:05:11.215+0000] {logging_mixin.py:188} INFO - [2026-05-13T07:05:11.214+0000] {dag.py:3823} INFO - Setting next_dagrun for workshop_etl_3 to None, run_after=None
[2026-05-13T07:05:11.231+0000] {processor.py:183} INFO - Processing /opt/airflow/dags/dag.py took 0.288 seconds
[2026-05-13T07:05:41.358+0000] {processor.py:161} INFO - Started process (PID=719) to work on /opt/airflow/dags/dag.py
[2026-05-13T07:05:41.360+0000] {processor.py:830} INFO - Processing file /opt/airflow/dags/dag.py for tasks to queue
[2026-05-13T07:05:41.362+0000] {logging_mixin.py:188} INFO - [2026-05-13T07:05:41.361+0000] {dagbag.py:538} INFO - Filling up the DagBag from /opt/airflow/dags/dag.py
[2026-05-13T07:05:41.614+0000] {processor.py:840} INFO - DAG(s) 'workshop_etl_3' retrieved from /opt/airflow/dags/dag.py
[2026-05-13T07:05:41.633+0000] {logging_mixin.py:188} INFO - [2026-05-13T07:05:41.633+0000] {dag.py:3036} INFO - Sync 1 DAGs
[2026-05-13T07:05:41.643+0000] {logging_mixin.py:188} INFO - [2026-05-13T07:05:41.642+0000] {dag.py:3823} INFO - Setting next_dagrun for workshop_etl_3 to None, run_after=None
[2026-05-13T07:05:41.661+0000] {processor.py:183} INFO - Processing /opt/airflow/dags/dag.py took 0.308 seconds
[2026-05-13T07:06:11.860+0000] {processor.py:161} INFO - Started process (PID=725) to work on /opt/airflow/dags/dag.py
[2026-05-13T07:06:11.861+0000] {processor.py:830} INFO - Processing file /opt/airflow/dags/dag.py for tasks to queue
[2026-05-13T07:06:11.862+0000] {logging_mixin.py:188} INFO - [2026-05-13T07:06:11.862+0000] {dagbag.py:538} INFO - Filling up the DagBag from /opt/airflow/dags/dag.py
[2026-05-13T07:06:12.096+0000] {processor.py:840} INFO - DAG(s) 'workshop_etl_3' retrieved from /opt/airflow/dags/dag.py
[2026-05-13T07:06:12.114+0000] {logging_mixin.py:188} INFO - [2026-05-13T07:06:12.114+0000] {dag.py:3036} INFO - Sync 1 DAGs
[2026-05-13T07:06:12.123+0000] {logging_mixin.py:188} INFO - [2026-05-13T07:06:12.123+0000] {dag.py:3823} INFO - Setting next_dagrun for workshop_etl_3 to None, run_after=None
[2026-05-13T07:06:12.141+0000] {processor.py:183} INFO - Processing /opt/airflow/dags/dag.py took 0.284 seconds
[2026-05-13T07:06:42.263+0000] {processor.py:161} INFO - Started process (PID=731) to work on /opt/airflow/dags/dag.py
[2026-05-13T07:06:42.264+0000] {processor.py:830} INFO - Processing file /opt/airflow/dags/dag.py for tasks to queue
[2026-05-13T07:06:42.265+0000] {logging_mixin.py:188} INFO - [2026-05-13T07:06:42.265+0000] {dagbag.py:538} INFO - Filling up the DagBag from /opt/airflow/dags/dag.py
[2026-05-13T07:06:42.513+0000] {processor.py:840} INFO - DAG(s) 'workshop_etl_3' retrieved from /opt/airflow/dags/dag.py
[2026-05-13T07:06:42.532+0000] {logging_mixin.py:188} INFO - [2026-05-13T07:06:42.532+0000] {dag.py:3036} INFO - Sync 1 DAGs
[2026-05-13T07:06:42.542+0000] {logging_mixin.py:188} INFO - [2026-05-13T07:06:42.541+0000] {dag.py:3823} INFO - Setting next_dagrun for workshop_etl_3 to None, run_after=None
[2026-05-13T07:06:42.562+0000] {processor.py:183} INFO - Processing /opt/airflow/dags/dag.py took 0.303 seconds
[2026-05-13T07:07:12.719+0000] {processor.py:161} INFO - Started process (PID=737) to work on /opt/airflow/dags/dag.py
[2026-05-13T07:07:12.720+0000] {processor.py:830} INFO - Processing file /opt/airflow/dags/dag.py for tasks to queue
[2026-05-13T07:07:12.721+0000] {logging_mixin.py:188} INFO - [2026-05-13T07:07:12.721+0000] {dagbag.py:538} INFO - Filling up the DagBag from /opt/airflow/dags/dag.py
[2026-05-13T07:07:12.991+0000] {processor.py:840} INFO - DAG(s) 'workshop_etl_3' retrieved from /opt/airflow/dags/dag.py
[2026-05-13T07:07:13.013+0000] {logging_mixin.py:188} INFO - [2026-05-13T07:07:13.013+0000] {dag.py:3036} INFO - Sync 1 DAGs
[2026-05-13T07:07:13.028+0000] {logging_mixin.py:188} INFO - [2026-05-13T07:07:13.027+0000] {dag.py:3823} INFO - Setting next_dagrun for workshop_etl_3 to None, run_after=None
[2026-05-13T07:07:13.064+0000] {processor.py:183} INFO - Processing /opt/airflow/dags/dag.py took 0.348 seconds
[2026-05-13T07:07:43.124+0000] {processor.py:161} INFO - Started process (PID=743) to work on /opt/airflow/dags/dag.py
[2026-05-13T07:07:43.125+0000] {processor.py:830} INFO - Processing file /opt/airflow/dags/dag.py for tasks to queue
[2026-05-13T07:07:43.126+0000] {logging_mixin.py:188} INFO - [2026-05-13T07:07:43.125+0000] {dagbag.py:538} INFO - Filling up the DagBag from /opt/airflow/dags/dag.py
[2026-05-13T07:07:43.390+0000] {processor.py:840} INFO - DAG(s) 'workshop_etl_3' retrieved from /opt/airflow/dags/dag.py
[2026-05-13T07:07:43.412+0000] {logging_mixin.py:188} INFO - [2026-05-13T07:07:43.411+0000] {dag.py:3036} INFO - Sync 1 DAGs
[2026-05-13T07:07:43.424+0000] {logging_mixin.py:188} INFO - [2026-05-13T07:07:43.423+0000] {dag.py:3823} INFO - Setting next_dagrun for workshop_etl_3 to None, run_after=None
[2026-05-13T07:07:43.445+0000] {processor.py:183} INFO - Processing /opt/airflow/dags/dag.py took 0.324 seconds
[2026-05-13T07:08:13.642+0000] {processor.py:161} INFO - Started process (PID=749) to work on /opt/airflow/dags/dag.py
[2026-05-13T07:08:13.643+0000] {processor.py:830} INFO - Processing file /opt/airflow/dags/dag.py for tasks to queue
[2026-05-13T07:08:13.643+0000] {logging_mixin.py:188} INFO - [2026-05-13T07:08:13.643+0000] {dagbag.py:538} INFO - Filling up the DagBag from /opt/airflow/dags/dag.py
[2026-05-13T07:08:13.902+0000] {processor.py:840} INFO - DAG(s) 'workshop_etl_3' retrieved from /opt/airflow/dags/dag.py
[2026-05-13T07:08:13.924+0000] {logging_mixin.py:188} INFO - [2026-05-13T07:08:13.923+0000] {dag.py:3036} INFO - Sync 1 DAGs
[2026-05-13T07:08:13.934+0000] {logging_mixin.py:188} INFO - [2026-05-13T07:08:13.934+0000] {dag.py:3823} INFO - Setting next_dagrun for workshop_etl_3 to None, run_after=None
[2026-05-13T07:08:13.952+0000] {processor.py:183} INFO - Processing /opt/airflow/dags/dag.py took 0.313 seconds
[2026-05-13T07:08:44.077+0000] {processor.py:161} INFO - Started process (PID=755) to work on /opt/airflow/dags/dag.py
[2026-05-13T07:08:44.078+0000] {processor.py:830} INFO - Processing file /opt/airflow/dags/dag.py for tasks to queue
[2026-05-13T07:08:44.079+0000] {logging_mixin.py:188} INFO - [2026-05-13T07:08:44.079+0000] {dagbag.py:538} INFO - Filling up the DagBag from /opt/airflow/dags/dag.py
[2026-05-13T07:08:44.312+0000] {processor.py:840} INFO - DAG(s) 'workshop_etl_3' retrieved from /opt/airflow/dags/dag.py
[2026-05-13T07:08:44.329+0000] {logging_mixin.py:188} INFO - [2026-05-13T07:08:44.329+0000] {dag.py:3036} INFO - Sync 1 DAGs
[2026-05-13T07:08:44.339+0000] {logging_mixin.py:188} INFO - [2026-05-13T07:08:44.339+0000] {dag.py:3823} INFO - Setting next_dagrun for workshop_etl_3 to None, run_after=None
[2026-05-13T07:08:44.359+0000] {processor.py:183} INFO - Processing /opt/airflow/dags/dag.py took 0.285 seconds
[2026-05-13T07:09:14.579+0000] {processor.py:161} INFO - Started process (PID=761) to work on /opt/airflow/dags/dag.py
[2026-05-13T07:09:14.580+0000] {processor.py:830} INFO - Processing file /opt/airflow/dags/dag.py for tasks to queue
[2026-05-13T07:09:14.581+0000] {logging_mixin.py:188} INFO - [2026-05-13T07:09:14.580+0000] {dagbag.py:538} INFO - Filling up the DagBag from /opt/airflow/dags/dag.py
[2026-05-13T07:09:14.827+0000] {processor.py:840} INFO - DAG(s) 'workshop_etl_3' retrieved from /opt/airflow/dags/dag.py
[2026-05-13T07:09:14.846+0000] {logging_mixin.py:188} INFO - [2026-05-13T07:09:14.846+0000] {dag.py:3036} INFO - Sync 1 DAGs
[2026-05-13T07:09:14.856+0000] {logging_mixin.py:188} INFO - [2026-05-13T07:09:14.856+0000] {dag.py:3823} INFO - Setting next_dagrun for workshop_etl_3 to None, run_after=None
[2026-05-13T07:09:14.874+0000] {processor.py:183} INFO - Processing /opt/airflow/dags/dag.py took 0.299 seconds
[2026-05-13T07:09:44.963+0000] {processor.py:161} INFO - Started process (PID=767) to work on /opt/airflow/dags/dag.py
[2026-05-13T07:09:44.965+0000] {processor.py:830} INFO - Processing file /opt/airflow/dags/dag.py for tasks to queue
[2026-05-13T07:09:44.966+0000] {logging_mixin.py:188} INFO - [2026-05-13T07:09:44.965+0000] {dagbag.py:538} INFO - Filling up the DagBag from /opt/airflow/dags/dag.py
[2026-05-13T07:09:45.226+0000] {processor.py:840} INFO - DAG(s) 'workshop_etl_3' retrieved from /opt/airflow/dags/dag.py
[2026-05-13T07:09:45.245+0000] {logging_mixin.py:188} INFO - [2026-05-13T07:09:45.245+0000] {dag.py:3036} INFO - Sync 1 DAGs
[2026-05-13T07:09:45.255+0000] {logging_mixin.py:188} INFO - [2026-05-13T07:09:45.255+0000] {dag.py:3823} INFO - Setting next_dagrun for workshop_etl_3 to None, run_after=None
[2026-05-13T07:09:45.276+0000] {processor.py:183} INFO - Processing /opt/airflow/dags/dag.py took 0.317 seconds
[2026-05-13T07:10:15.496+0000] {processor.py:161} INFO - Started process (PID=773) to work on /opt/airflow/dags/dag.py
[2026-05-13T07:10:15.497+0000] {processor.py:830} INFO - Processing file /opt/airflow/dags/dag.py for tasks to queue
[2026-05-13T07:10:15.498+0000] {logging_mixin.py:188} INFO - [2026-05-13T07:10:15.498+0000] {dagbag.py:538} INFO - Filling up the DagBag from /opt/airflow/dags/dag.py
[2026-05-13T07:10:15.731+0000] {processor.py:840} INFO - DAG(s) 'workshop_etl_3' retrieved from /opt/airflow/dags/dag.py
[2026-05-13T07:10:15.749+0000] {logging_mixin.py:188} INFO - [2026-05-13T07:10:15.749+0000] {dag.py:3036} INFO - Sync 1 DAGs
[2026-05-13T07:10:15.758+0000] {logging_mixin.py:188} INFO - [2026-05-13T07:10:15.758+0000] {dag.py:3823} INFO - Setting next_dagrun for workshop_etl_3 to None, run_after=None
[2026-05-13T07:10:15.779+0000] {processor.py:183} INFO - Processing /opt/airflow/dags/dag.py took 0.286 seconds
[2026-05-13T07:10:45.869+0000] {processor.py:161} INFO - Started process (PID=779) to work on /opt/airflow/dags/dag.py
[2026-05-13T07:10:45.874+0000] {processor.py:830} INFO - Processing file /opt/airflow/dags/dag.py for tasks to queue
[2026-05-13T07:10:45.875+0000] {logging_mixin.py:188} INFO - [2026-05-13T07:10:45.875+0000] {dagbag.py:538} INFO - Filling up the DagBag from /opt/airflow/dags/dag.py
[2026-05-13T07:10:46.125+0000] {processor.py:840} INFO - DAG(s) 'workshop_etl_3' retrieved from /opt/airflow/dags/dag.py
[2026-05-13T07:10:46.146+0000] {logging_mixin.py:188} INFO - [2026-05-13T07:10:46.145+0000] {dag.py:3036} INFO - Sync 1 DAGs
[2026-05-13T07:10:46.156+0000] {logging_mixin.py:188} INFO - [2026-05-13T07:10:46.156+0000] {dag.py:3823} INFO - Setting next_dagrun for workshop_etl_3 to None, run_after=None
[2026-05-13T07:10:46.176+0000] {processor.py:183} INFO - Processing /opt/airflow/dags/dag.py took 0.311 seconds
[2026-05-13T07:11:16.399+0000] {processor.py:161} INFO - Started process (PID=785) to work on /opt/airflow/dags/dag.py
[2026-05-13T07:11:16.403+0000] {processor.py:830} INFO - Processing file /opt/airflow/dags/dag.py for tasks to queue
[2026-05-13T07:11:16.406+0000] {logging_mixin.py:188} INFO - [2026-05-13T07:11:16.405+0000] {dagbag.py:538} INFO - Filling up the DagBag from /opt/airflow/dags/dag.py
[2026-05-13T07:11:16.689+0000] {processor.py:840} INFO - DAG(s) 'workshop_etl_3' retrieved from /opt/airflow/dags/dag.py
[2026-05-13T07:11:16.710+0000] {logging_mixin.py:188} INFO - [2026-05-13T07:11:16.709+0000] {dag.py:3036} INFO - Sync 1 DAGs
[2026-05-13T07:11:16.718+0000] {logging_mixin.py:188} INFO - [2026-05-13T07:11:16.718+0000] {dag.py:3823} INFO - Setting next_dagrun for workshop_etl_3 to None, run_after=None
[2026-05-13T07:11:16.738+0000] {processor.py:183} INFO - Processing /opt/airflow/dags/dag.py took 0.347 seconds
[2026-05-13T07:11:47.029+0000] {processor.py:161} INFO - Started process (PID=791) to work on /opt/airflow/dags/dag.py
[2026-05-13T07:11:47.031+0000] {processor.py:830} INFO - Processing file /opt/airflow/dags/dag.py for tasks to queue
[2026-05-13T07:11:47.032+0000] {logging_mixin.py:188} INFO - [2026-05-13T07:11:47.031+0000] {dagbag.py:538} INFO - Filling up the DagBag from /opt/airflow/dags/dag.py
[2026-05-13T07:11:47.280+0000] {processor.py:840} INFO - DAG(s) 'workshop_etl_3' retrieved from /opt/airflow/dags/dag.py
[2026-05-13T07:11:47.301+0000] {logging_mixin.py:188} INFO - [2026-05-13T07:11:47.301+0000] {dag.py:3036} INFO - Sync 1 DAGs
[2026-05-13T07:11:47.311+0000] {logging_mixin.py:188} INFO - [2026-05-13T07:11:47.311+0000] {dag.py:3823} INFO - Setting next_dagrun for workshop_etl_3 to None, run_after=None
[2026-05-13T07:11:47.336+0000] {processor.py:183} INFO - Processing /opt/airflow/dags/dag.py took 0.310 seconds
[2026-05-13T07:12:17.597+0000] {processor.py:161} INFO - Started process (PID=797) to work on /opt/airflow/dags/dag.py
[2026-05-13T07:12:17.599+0000] {processor.py:830} INFO - Processing file /opt/airflow/dags/dag.py for tasks to queue
[2026-05-13T07:12:17.600+0000] {logging_mixin.py:188} INFO - [2026-05-13T07:12:17.600+0000] {dagbag.py:538} INFO - Filling up the DagBag from /opt/airflow/dags/dag.py
[2026-05-13T07:12:17.863+0000] {processor.py:840} INFO - DAG(s) 'workshop_etl_3' retrieved from /opt/airflow/dags/dag.py
[2026-05-13T07:12:17.886+0000] {logging_mixin.py:188} INFO - [2026-05-13T07:12:17.885+0000] {dag.py:3036} INFO - Sync 1 DAGs
[2026-05-13T07:12:17.895+0000] {logging_mixin.py:188} INFO - [2026-05-13T07:12:17.895+0000] {dag.py:3823} INFO - Setting next_dagrun for workshop_etl_3 to None, run_after=None
[2026-05-13T07:12:17.915+0000] {processor.py:183} INFO - Processing /opt/airflow/dags/dag.py took 0.322 seconds
[2026-05-13T07:12:48.222+0000] {processor.py:161} INFO - Started process (PID=803) to work on /opt/airflow/dags/dag.py
[2026-05-13T07:12:48.224+0000] {processor.py:830} INFO - Processing file /opt/airflow/dags/dag.py for tasks to queue
[2026-05-13T07:12:48.224+0000] {logging_mixin.py:188} INFO - [2026-05-13T07:12:48.224+0000] {dagbag.py:538} INFO - Filling up the DagBag from /opt/airflow/dags/dag.py
[2026-05-13T07:12:48.460+0000] {processor.py:840} INFO - DAG(s) 'workshop_etl_3' retrieved from /opt/airflow/dags/dag.py
[2026-05-13T07:12:48.482+0000] {logging_mixin.py:188} INFO - [2026-05-13T07:12:48.481+0000] {dag.py:3036} INFO - Sync 1 DAGs
[2026-05-13T07:12:48.491+0000] {logging_mixin.py:188} INFO - [2026-05-13T07:12:48.491+0000] {dag.py:3823} INFO - Setting next_dagrun for workshop_etl_3 to None, run_after=None
[2026-05-13T07:12:48.510+0000] {processor.py:183} INFO - Processing /opt/airflow/dags/dag.py took 0.290 seconds
[2026-05-13T07:13:18.892+0000] {processor.py:161} INFO - Started process (PID=809) to work on /opt/airflow/dags/dag.py
[2026-05-13T07:13:18.894+0000] {processor.py:830} INFO - Processing file /opt/airflow/dags/dag.py for tasks to queue
[2026-05-13T07:13:18.895+0000] {logging_mixin.py:188} INFO - [2026-05-13T07:13:18.895+0000] {dagbag.py:538} INFO - Filling up the DagBag from /opt/airflow/dags/dag.py
[2026-05-13T07:13:19.156+0000] {processor.py:840} INFO - DAG(s) 'workshop_etl_3' retrieved from /opt/airflow/dags/dag.py
[2026-05-13T07:13:19.179+0000] {logging_mixin.py:188} INFO - [2026-05-13T07:13:19.179+0000] {dag.py:3036} INFO - Sync 1 DAGs
[2026-05-13T07:13:19.191+0000] {logging_mixin.py:188} INFO - [2026-05-13T07:13:19.191+0000] {dag.py:3823} INFO - Setting next_dagrun for workshop_etl_3 to None, run_after=None
[2026-05-13T07:13:19.211+0000] {processor.py:183} INFO - Processing /opt/airflow/dags/dag.py took 0.322 seconds
[2026-05-13T07:13:49.531+0000] {processor.py:161} INFO - Started process (PID=815) to work on /opt/airflow/dags/dag.py
[2026-05-13T07:13:49.533+0000] {processor.py:830} INFO - Processing file /opt/airflow/dags/dag.py for tasks to queue
[2026-05-13T07:13:49.534+0000] {logging_mixin.py:188} INFO - [2026-05-13T07:13:49.533+0000] {dagbag.py:538} INFO - Filling up the DagBag from /opt/airflow/dags/dag.py
[2026-05-13T07:13:49.796+0000] {processor.py:840} INFO - DAG(s) 'workshop_etl_3' retrieved from /opt/airflow/dags/dag.py
[2026-05-13T07:13:49.817+0000] {logging_mixin.py:188} INFO - [2026-05-13T07:13:49.816+0000] {dag.py:3036} INFO - Sync 1 DAGs
[2026-05-13T07:13:49.826+0000] {logging_mixin.py:188} INFO - [2026-05-13T07:13:49.826+0000] {dag.py:3823} INFO - Setting next_dagrun for workshop_etl_3 to None, run_after=None
[2026-05-13T07:13:49.844+0000] {processor.py:183} INFO - Processing /opt/airflow/dags/dag.py took 0.316 seconds
[2026-05-13T07:14:20.161+0000] {processor.py:161} INFO - Started process (PID=821) to work on /opt/airflow/dags/dag.py
[2026-05-13T07:14:20.162+0000] {processor.py:830} INFO - Processing file /opt/airflow/dags/dag.py for tasks to queue
[2026-05-13T07:14:20.164+0000] {logging_mixin.py:188} INFO - [2026-05-13T07:14:20.163+0000] {dagbag.py:538} INFO - Filling up the DagBag from /opt/airflow/dags/dag.py
[2026-05-13T07:14:20.431+0000] {processor.py:840} INFO - DAG(s) 'workshop_etl_3' retrieved from /opt/airflow/dags/dag.py
[2026-05-13T07:14:20.453+0000] {logging_mixin.py:188} INFO - [2026-05-13T07:14:20.453+0000] {dag.py:3036} INFO - Sync 1 DAGs
[2026-05-13T07:14:20.464+0000] {logging_mixin.py:188} INFO - [2026-05-13T07:14:20.464+0000] {dag.py:3823} INFO - Setting next_dagrun for workshop_etl_3 to None, run_after=None
[2026-05-13T07:14:20.483+0000] {processor.py:183} INFO - Processing /opt/airflow/dags/dag.py took 0.324 seconds
[2026-05-13T07:14:50.810+0000] {processor.py:161} INFO - Started process (PID=827) to work on /opt/airflow/dags/dag.py
[2026-05-13T07:14:50.811+0000] {processor.py:830} INFO - Processing file /opt/airflow/dags/dag.py for tasks to queue
[2026-05-13T07:14:50.813+0000] {logging_mixin.py:188} INFO - [2026-05-13T07:14:50.812+0000] {dagbag.py:538} INFO - Filling up the DagBag from /opt/airflow/dags/dag.py
[2026-05-13T07:14:51.089+0000] {processor.py:840} INFO - DAG(s) 'workshop_etl_3' retrieved from /opt/airflow/dags/dag.py
[2026-05-13T07:14:51.110+0000] {logging_mixin.py:188} INFO - [2026-05-13T07:14:51.110+0000] {dag.py:3036} INFO - Sync 1 DAGs
[2026-05-13T07:14:51.120+0000] {logging_mixin.py:188} INFO - [2026-05-13T07:14:51.120+0000] {dag.py:3823} INFO - Setting next_dagrun for workshop_etl_3 to None, run_after=None
[2026-05-13T07:14:51.140+0000] {processor.py:183} INFO - Processing /opt/airflow/dags/dag.py took 0.333 seconds
[2026-05-13T07:15:21.386+0000] {processor.py:161} INFO - Started process (PID=833) to work on /opt/airflow/dags/dag.py
[2026-05-13T07:15:21.387+0000] {processor.py:830} INFO - Processing file /opt/airflow/dags/dag.py for tasks to queue
[2026-05-13T07:15:21.388+0000] {logging_mixin.py:188} INFO - [2026-05-13T07:15:21.388+0000] {dagbag.py:538} INFO - Filling up the DagBag from /opt/airflow/dags/dag.py
[2026-05-13T07:15:21.664+0000] {processor.py:840} INFO - DAG(s) 'workshop_etl_3' retrieved from /opt/airflow/dags/dag.py
[2026-05-13T07:15:21.685+0000] {logging_mixin.py:188} INFO - [2026-05-13T07:15:21.685+0000] {dag.py:3036} INFO - Sync 1 DAGs
[2026-05-13T07:15:21.695+0000] {logging_mixin.py:188} INFO - [2026-05-13T07:15:21.695+0000] {dag.py:3823} INFO - Setting next_dagrun for workshop_etl_3 to None, run_after=None
[2026-05-13T07:15:21.720+0000] {processor.py:183} INFO - Processing /opt/airflow/dags/dag.py took 0.336 seconds
[2026-05-13T07:15:52.035+0000] {processor.py:161} INFO - Started process (PID=839) to work on /opt/airflow/dags/dag.py
[2026-05-13T07:15:52.036+0000] {processor.py:830} INFO - Processing file /opt/airflow/dags/dag.py for tasks to queue
[2026-05-13T07:15:52.037+0000] {logging_mixin.py:188} INFO - [2026-05-13T07:15:52.037+0000] {dagbag.py:538} INFO - Filling up the DagBag from /opt/airflow/dags/dag.py
[2026-05-13T07:15:52.273+0000] {processor.py:840} INFO - DAG(s) 'workshop_etl_3' retrieved from /opt/airflow/dags/dag.py
[2026-05-13T07:15:52.292+0000] {logging_mixin.py:188} INFO - [2026-05-13T07:15:52.292+0000] {dag.py:3036} INFO - Sync 1 DAGs
[2026-05-13T07:15:52.302+0000] {logging_mixin.py:188} INFO - [2026-05-13T07:15:52.301+0000] {dag.py:3823} INFO - Setting next_dagrun for workshop_etl_3 to None, run_after=None
[2026-05-13T07:15:52.321+0000] {processor.py:183} INFO - Processing /opt/airflow/dags/dag.py took 0.290 seconds
[2026-05-13T07:16:22.622+0000] {processor.py:161} INFO - Started process (PID=845) to work on /opt/airflow/dags/dag.py
[2026-05-13T07:16:22.624+0000] {processor.py:830} INFO - Processing file /opt/airflow/dags/dag.py for tasks to queue
[2026-05-13T07:16:22.624+0000] {logging_mixin.py:188} INFO - [2026-05-13T07:16:22.624+0000] {dagbag.py:538} INFO - Filling up the DagBag from /opt/airflow/dags/dag.py
[2026-05-13T07:16:22.925+0000] {processor.py:840} INFO - DAG(s) 'workshop_etl_3' retrieved from /opt/airflow/dags/dag.py
[2026-05-13T07:16:22.947+0000] {logging_mixin.py:188} INFO - [2026-05-13T07:16:22.947+0000] {dag.py:3036} INFO - Sync 1 DAGs
[2026-05-13T07:16:22.958+0000] {logging_mixin.py:188} INFO - [2026-05-13T07:16:22.958+0000] {dag.py:3823} INFO - Setting next_dagrun for workshop_etl_3 to None, run_after=None
[2026-05-13T07:16:22.979+0000] {processor.py:183} INFO - Processing /opt/airflow/dags/dag.py took 0.359 seconds
[2026-05-13T07:16:53.262+0000] {processor.py:161} INFO - Started process (PID=851) to work on /opt/airflow/dags/dag.py
[2026-05-13T07:16:53.264+0000] {processor.py:830} INFO - Processing file /opt/airflow/dags/dag.py for tasks to queue
[2026-05-13T07:16:53.265+0000] {logging_mixin.py:188} INFO - [2026-05-13T07:16:53.264+0000] {dagbag.py:538} INFO - Filling up the DagBag from /opt/airflow/dags/dag.py
[2026-05-13T07:16:53.491+0000] {processor.py:840} INFO - DAG(s) 'workshop_etl_3' retrieved from /opt/airflow/dags/dag.py
[2026-05-13T07:16:53.510+0000] {logging_mixin.py:188} INFO - [2026-05-13T07:16:53.510+0000] {dag.py:3036} INFO - Sync 1 DAGs
[2026-05-13T07:16:53.519+0000] {logging_mixin.py:188} INFO - [2026-05-13T07:16:53.519+0000] {dag.py:3823} INFO - Setting next_dagrun for workshop_etl_3 to None, run_after=None
[2026-05-13T07:16:53.537+0000] {processor.py:183} INFO - Processing /opt/airflow/dags/dag.py took 0.277 seconds
[2026-05-13T07:17:23.859+0000] {processor.py:161} INFO - Started process (PID=857) to work on /opt/airflow/dags/dag.py
[2026-05-13T07:17:23.860+0000] {processor.py:830} INFO - Processing file /opt/airflow/dags/dag.py for tasks to queue
[2026-05-13T07:17:23.861+0000] {logging_mixin.py:188} INFO - [2026-05-13T07:17:23.861+0000] {dagbag.py:538} INFO - Filling up the DagBag from /opt/airflow/dags/dag.py
[2026-05-13T07:17:24.127+0000] {processor.py:840} INFO - DAG(s) 'workshop_etl_3' retrieved from /opt/airflow/dags/dag.py
[2026-05-13T07:17:24.150+0000] {logging_mixin.py:188} INFO - [2026-05-13T07:17:24.149+0000] {dag.py:3036} INFO - Sync 1 DAGs
[2026-05-13T07:17:24.159+0000] {logging_mixin.py:188} INFO - [2026-05-13T07:17:24.159+0000] {dag.py:3823} INFO - Setting next_dagrun for workshop_etl_3 to None, run_after=None
[2026-05-13T07:17:24.181+0000] {processor.py:183} INFO - Processing /opt/airflow/dags/dag.py took 0.325 seconds
[2026-05-13T07:17:54.627+0000] {processor.py:161} INFO - Started process (PID=863) to work on /opt/airflow/dags/dag.py
[2026-05-13T07:17:54.631+0000] {processor.py:830} INFO - Processing file /opt/airflow/dags/dag.py for tasks to queue
[2026-05-13T07:17:54.633+0000] {logging_mixin.py:188} INFO - [2026-05-13T07:17:54.632+0000] {dagbag.py:538} INFO - Filling up the DagBag from /opt/airflow/dags/dag.py
[2026-05-13T07:17:55.027+0000] {processor.py:840} INFO - DAG(s) 'workshop_etl_3' retrieved from /opt/airflow/dags/dag.py
[2026-05-13T07:17:55.047+0000] {logging_mixin.py:188} INFO - [2026-05-13T07:17:55.047+0000] {dag.py:3036} INFO - Sync 1 DAGs
[2026-05-13T07:17:55.058+0000] {logging_mixin.py:188} INFO - [2026-05-13T07:17:55.058+0000] {dag.py:3823} INFO - Setting next_dagrun for workshop_etl_3 to None, run_after=None
[2026-05-13T07:17:55.082+0000] {processor.py:183} INFO - Processing /opt/airflow/dags/dag.py took 0.461 seconds
[2026-05-13T07:18:25.456+0000] {processor.py:161} INFO - Started process (PID=869) to work on /opt/airflow/dags/dag.py
[2026-05-13T07:18:25.458+0000] {processor.py:830} INFO - Processing file /opt/airflow/dags/dag.py for tasks to queue
[2026-05-13T07:18:25.459+0000] {logging_mixin.py:188} INFO - [2026-05-13T07:18:25.459+0000] {dagbag.py:538} INFO - Filling up the DagBag from /opt/airflow/dags/dag.py
[2026-05-13T07:18:25.750+0000] {processor.py:840} INFO - DAG(s) 'workshop_etl_3' retrieved from /opt/airflow/dags/dag.py
[2026-05-13T07:18:25.774+0000] {logging_mixin.py:188} INFO - [2026-05-13T07:18:25.773+0000] {dag.py:3036} INFO - Sync 1 DAGs
[2026-05-13T07:18:25.784+0000] {logging_mixin.py:188} INFO - [2026-05-13T07:18:25.784+0000] {dag.py:3823} INFO - Setting next_dagrun for workshop_etl_3 to None, run_after=None
[2026-05-13T07:18:25.806+0000] {processor.py:183} INFO - Processing /opt/airflow/dags/dag.py took 0.353 seconds
[2026-05-13T07:18:56.124+0000] {processor.py:161} INFO - Started process (PID=875) to work on /opt/airflow/dags/dag.py
[2026-05-13T07:18:56.125+0000] {processor.py:830} INFO - Processing file /opt/airflow/dags/dag.py for tasks to queue
[2026-05-13T07:18:56.126+0000] {logging_mixin.py:188} INFO - [2026-05-13T07:18:56.126+0000] {dagbag.py:538} INFO - Filling up the DagBag from /opt/airflow/dags/dag.py
[2026-05-13T07:18:56.371+0000] {processor.py:840} INFO - DAG(s) 'workshop_etl_3' retrieved from /opt/airflow/dags/dag.py
[2026-05-13T07:18:56.392+0000] {logging_mixin.py:188} INFO - [2026-05-13T07:18:56.391+0000] {dag.py:3036} INFO - Sync 1 DAGs
[2026-05-13T07:18:56.402+0000] {logging_mixin.py:188} INFO - [2026-05-13T07:18:56.401+0000] {dag.py:3823} INFO - Setting next_dagrun for workshop_etl_3 to None, run_after=None
[2026-05-13T07:18:56.426+0000] {processor.py:183} INFO - Processing /opt/airflow/dags/dag.py took 0.305 seconds
[2026-05-13T07:19:14.341+0000] {processor.py:161} INFO - Started process (PID=881) to work on /opt/airflow/dags/dag.py
[2026-05-13T07:19:14.343+0000] {processor.py:830} INFO - Processing file /opt/airflow/dags/dag.py for tasks to queue
[2026-05-13T07:19:14.350+0000] {logging_mixin.py:188} INFO - [2026-05-13T07:19:14.345+0000] {dagbag.py:538} INFO - Filling up the DagBag from /opt/airflow/dags/dag.py
[2026-05-13T07:19:14.633+0000] {processor.py:840} INFO - DAG(s) 'workshop_etl_3' retrieved from /opt/airflow/dags/dag.py
[2026-05-13T07:19:14.652+0000] {logging_mixin.py:188} INFO - [2026-05-13T07:19:14.651+0000] {dag.py:3036} INFO - Sync 1 DAGs
[2026-05-13T07:19:14.661+0000] {logging_mixin.py:188} INFO - [2026-05-13T07:19:14.661+0000] {dag.py:3823} INFO - Setting next_dagrun for workshop_etl_3 to None, run_after=None
[2026-05-13T07:19:14.687+0000] {processor.py:183} INFO - Processing /opt/airflow/dags/dag.py took 0.350 seconds
[2026-05-13T07:19:15.676+0000] {processor.py:161} INFO - Started process (PID=887) to work on /opt/airflow/dags/dag.py
[2026-05-13T07:19:15.677+0000] {processor.py:830} INFO - Processing file /opt/airflow/dags/dag.py for tasks to queue
[2026-05-13T07:19:15.679+0000] {logging_mixin.py:188} INFO - [2026-05-13T07:19:15.678+0000] {dagbag.py:538} INFO - Filling up the DagBag from /opt/airflow/dags/dag.py
[2026-05-13T07:19:15.693+0000] {logging_mixin.py:188} INFO - [2026-05-13T07:19:15.692+0000] {dagbag.py:348} ERROR - Failed to import: /opt/airflow/dags/dag.py
Traceback (most recent call last):
  File "/home/airflow/.local/lib/python3.11/site-packages/airflow/models/dagbag.py", line 344, in parse
    loader.exec_module(new_module)
  File "<frozen importlib._bootstrap_external>", line 936, in exec_module
  File "<frozen importlib._bootstrap_external>", line 1074, in get_code
  File "<frozen importlib._bootstrap_external>", line 1004, in source_to_code
  File "<frozen importlib._bootstrap>", line 241, in _call_with_frames_removed
  File "/opt/airflow/dags/dag.py", line 9
    from 
         ^
SyntaxError: invalid syntax
[2026-05-13T07:19:15.693+0000] {processor.py:842} WARNING - No viable dags retrieved from /opt/airflow/dags/dag.py
[2026-05-13T07:19:15.709+0000] {processor.py:183} INFO - Processing /opt/airflow/dags/dag.py took 0.036 seconds
[2026-05-13T07:19:20.842+0000] {processor.py:161} INFO - Started process (PID=892) to work on /opt/airflow/dags/dag.py
[2026-05-13T07:19:20.844+0000] {processor.py:830} INFO - Processing file /opt/airflow/dags/dag.py for tasks to queue
[2026-05-13T07:19:20.845+0000] {logging_mixin.py:188} INFO - [2026-05-13T07:19:20.845+0000] {dagbag.py:538} INFO - Filling up the DagBag from /opt/airflow/dags/dag.py
[2026-05-13T07:19:20.870+0000] {logging_mixin.py:188} INFO - [2026-05-13T07:19:20.869+0000] {dagbag.py:348} ERROR - Failed to import: /opt/airflow/dags/dag.py
Traceback (most recent call last):
  File "/home/airflow/.local/lib/python3.11/site-packages/airflow/models/dagbag.py", line 344, in parse
    loader.exec_module(new_module)
  File "<frozen importlib._bootstrap_external>", line 936, in exec_module
  File "<frozen importlib._bootstrap_external>", line 1074, in get_code
  File "<frozen importlib._bootstrap_external>", line 1004, in source_to_code
  File "<frozen importlib._bootstrap>", line 241, in _call_with_frames_removed
  File "/opt/airflow/dags/dag.py", line 9
    from mode
             ^
SyntaxError: invalid syntax
[2026-05-13T07:19:20.871+0000] {processor.py:842} WARNING - No viable dags retrieved from /opt/airflow/dags/dag.py
[2026-05-13T07:19:20.887+0000] {processor.py:183} INFO - Processing /opt/airflow/dags/dag.py took 0.048 seconds
[2026-05-13T07:19:21.935+0000] {processor.py:161} INFO - Started process (PID=897) to work on /opt/airflow/dags/dag.py
[2026-05-13T07:19:21.936+0000] {processor.py:830} INFO - Processing file /opt/airflow/dags/dag.py for tasks to queue
[2026-05-13T07:19:21.938+0000] {logging_mixin.py:188} INFO - [2026-05-13T07:19:21.938+0000] {dagbag.py:538} INFO - Filling up the DagBag from /opt/airflow/dags/dag.py
[2026-05-13T07:19:21.961+0000] {logging_mixin.py:188} INFO - [2026-05-13T07:19:21.960+0000] {dagbag.py:348} ERROR - Failed to import: /opt/airflow/dags/dag.py
Traceback (most recent call last):
  File "/home/airflow/.local/lib/python3.11/site-packages/airflow/models/dagbag.py", line 344, in parse
    loader.exec_module(new_module)
  File "<frozen importlib._bootstrap_external>", line 936, in exec_module
  File "<frozen importlib._bootstrap_external>", line 1074, in get_code
  File "<frozen importlib._bootstrap_external>", line 1004, in source_to_code
  File "<frozen importlib._bootstrap>", line 241, in _call_with_frames_removed
  File "/opt/airflow/dags/dag.py", line 9
    from modelo
               ^
SyntaxError: invalid syntax
[2026-05-13T07:19:21.962+0000] {processor.py:842} WARNING - No viable dags retrieved from /opt/airflow/dags/dag.py
[2026-05-13T07:19:21.979+0000] {processor.py:183} INFO - Processing /opt/airflow/dags/dag.py took 0.048 seconds
[2026-05-13T07:19:24.005+0000] {processor.py:161} INFO - Started process (PID=902) to work on /opt/airflow/dags/dag.py
[2026-05-13T07:19:24.006+0000] {processor.py:830} INFO - Processing file /opt/airflow/dags/dag.py for tasks to queue
[2026-05-13T07:19:24.007+0000] {logging_mixin.py:188} INFO - [2026-05-13T07:19:24.007+0000] {dagbag.py:538} INFO - Filling up the DagBag from /opt/airflow/dags/dag.py
[2026-05-13T07:19:24.029+0000] {logging_mixin.py:188} INFO - [2026-05-13T07:19:24.028+0000] {dagbag.py:348} ERROR - Failed to import: /opt/airflow/dags/dag.py
Traceback (most recent call last):
  File "/home/airflow/.local/lib/python3.11/site-packages/airflow/models/dagbag.py", line 344, in parse
    loader.exec_module(new_module)
  File "<frozen importlib._bootstrap_external>", line 936, in exec_module
  File "<frozen importlib._bootstrap_external>", line 1074, in get_code
  File "<frozen importlib._bootstrap_external>", line 1004, in source_to_code
  File "<frozen importlib._bootstrap>", line 241, in _call_with_frames_removed
  File "/opt/airflow/dags/dag.py", line 9
    from modelo.
                ^
SyntaxError: invalid syntax
[2026-05-13T07:19:24.030+0000] {processor.py:842} WARNING - No viable dags retrieved from /opt/airflow/dags/dag.py
[2026-05-13T07:19:24.052+0000] {processor.py:183} INFO - Processing /opt/airflow/dags/dag.py took 0.049 seconds
[2026-05-13T07:19:29.096+0000] {processor.py:161} INFO - Started process (PID=907) to work on /opt/airflow/dags/dag.py
[2026-05-13T07:19:29.098+0000] {processor.py:830} INFO - Processing file /opt/airflow/dags/dag.py for tasks to queue
[2026-05-13T07:19:29.099+0000] {logging_mixin.py:188} INFO - [2026-05-13T07:19:29.098+0000] {dagbag.py:538} INFO - Filling up the DagBag from /opt/airflow/dags/dag.py
[2026-05-13T07:19:29.118+0000] {logging_mixin.py:188} INFO - [2026-05-13T07:19:29.117+0000] {dagbag.py:348} ERROR - Failed to import: /opt/airflow/dags/dag.py
Traceback (most recent call last):
  File "/home/airflow/.local/lib/python3.11/site-packages/airflow/models/dagbag.py", line 344, in parse
    loader.exec_module(new_module)
  File "<frozen importlib._bootstrap_external>", line 936, in exec_module
  File "<frozen importlib._bootstrap_external>", line 1074, in get_code
  File "<frozen importlib._bootstrap_external>", line 1004, in source_to_code
  File "<frozen importlib._bootstrap>", line 241, in _call_with_frames_removed
  File "/opt/airflow/dags/dag.py", line 9
    from modelo.entrenamiento_modelo import 
                                            ^
SyntaxError: invalid syntax
[2026-05-13T07:19:29.119+0000] {processor.py:842} WARNING - No viable dags retrieved from /opt/airflow/dags/dag.py
[2026-05-13T07:19:29.137+0000] {processor.py:183} INFO - Processing /opt/airflow/dags/dag.py took 0.043 seconds
[2026-05-13T07:19:46.319+0000] {processor.py:161} INFO - Started process (PID=912) to work on /opt/airflow/dags/dag.py
[2026-05-13T07:19:46.320+0000] {processor.py:830} INFO - Processing file /opt/airflow/dags/dag.py for tasks to queue
[2026-05-13T07:19:46.321+0000] {logging_mixin.py:188} INFO - [2026-05-13T07:19:46.320+0000] {dagbag.py:538} INFO - Filling up the DagBag from /opt/airflow/dags/dag.py
[2026-05-13T07:19:47.748+0000] {processor.py:840} INFO - DAG(s) 'workshop_etl_3' retrieved from /opt/airflow/dags/dag.py
[2026-05-13T07:19:47.769+0000] {logging_mixin.py:188} INFO - [2026-05-13T07:19:47.769+0000] {dag.py:3036} INFO - Sync 1 DAGs
[2026-05-13T07:19:47.779+0000] {logging_mixin.py:188} INFO - [2026-05-13T07:19:47.779+0000] {dag.py:3823} INFO - Setting next_dagrun for workshop_etl_3 to None, run_after=None
[2026-05-13T07:19:47.812+0000] {processor.py:183} INFO - Processing /opt/airflow/dags/dag.py took 1.496 seconds
[2026-05-13T07:20:06.066+0000] {processor.py:161} INFO - Started process (PID=930) to work on /opt/airflow/dags/dag.py
[2026-05-13T07:20:06.068+0000] {processor.py:830} INFO - Processing file /opt/airflow/dags/dag.py for tasks to queue
[2026-05-13T07:20:06.070+0000] {logging_mixin.py:188} INFO - [2026-05-13T07:20:06.069+0000] {dagbag.py:538} INFO - Filling up the DagBag from /opt/airflow/dags/dag.py
[2026-05-13T07:20:06.984+0000] {processor.py:840} INFO - DAG(s) 'workshop_etl_3' retrieved from /opt/airflow/dags/dag.py
[2026-05-13T07:20:07.001+0000] {logging_mixin.py:188} INFO - [2026-05-13T07:20:07.000+0000] {dag.py:3036} INFO - Sync 1 DAGs
[2026-05-13T07:20:07.009+0000] {logging_mixin.py:188} INFO - [2026-05-13T07:20:07.008+0000] {dag.py:3823} INFO - Setting next_dagrun for workshop_etl_3 to None, run_after=None
[2026-05-13T07:20:07.030+0000] {processor.py:183} INFO - Processing /opt/airflow/dags/dag.py took 0.969 seconds
[2026-05-13T07:20:07.574+0000] {processor.py:161} INFO - Started process (PID=948) to work on /opt/airflow/dags/dag.py
[2026-05-13T07:20:07.576+0000] {processor.py:830} INFO - Processing file /opt/airflow/dags/dag.py for tasks to queue
[2026-05-13T07:20:07.578+0000] {logging_mixin.py:188} INFO - [2026-05-13T07:20:07.577+0000] {dagbag.py:538} INFO - Filling up the DagBag from /opt/airflow/dags/dag.py
[2026-05-13T07:20:08.316+0000] {processor.py:840} INFO - DAG(s) 'workshop_etl_3' retrieved from /opt/airflow/dags/dag.py
[2026-05-13T07:20:08.332+0000] {logging_mixin.py:188} INFO - [2026-05-13T07:20:08.331+0000] {dag.py:3036} INFO - Sync 1 DAGs
[2026-05-13T07:20:08.339+0000] {logging_mixin.py:188} INFO - [2026-05-13T07:20:08.338+0000] {dag.py:3823} INFO - Setting next_dagrun for workshop_etl_3 to None, run_after=None
[2026-05-13T07:20:08.362+0000] {processor.py:183} INFO - Processing /opt/airflow/dags/dag.py took 0.794 seconds
[2026-05-13T07:20:09.142+0000] {processor.py:161} INFO - Started process (PID=966) to work on /opt/airflow/dags/dag.py
[2026-05-13T07:20:09.144+0000] {processor.py:830} INFO - Processing file /opt/airflow/dags/dag.py for tasks to queue
[2026-05-13T07:20:09.146+0000] {logging_mixin.py:188} INFO - [2026-05-13T07:20:09.145+0000] {dagbag.py:538} INFO - Filling up the DagBag from /opt/airflow/dags/dag.py
[2026-05-13T07:20:09.951+0000] {processor.py:840} INFO - DAG(s) 'workshop_etl_3' retrieved from /opt/airflow/dags/dag.py
[2026-05-13T07:20:09.969+0000] {logging_mixin.py:188} INFO - [2026-05-13T07:20:09.969+0000] {dag.py:3036} INFO - Sync 1 DAGs
[2026-05-13T07:20:09.977+0000] {logging_mixin.py:188} INFO - [2026-05-13T07:20:09.977+0000] {dag.py:3823} INFO - Setting next_dagrun for workshop_etl_3 to None, run_after=None
[2026-05-13T07:20:10.003+0000] {processor.py:183} INFO - Processing /opt/airflow/dags/dag.py took 0.865 seconds
[2026-05-13T07:20:16.132+0000] {processor.py:161} INFO - Started process (PID=984) to work on /opt/airflow/dags/dag.py
[2026-05-13T07:20:16.133+0000] {processor.py:830} INFO - Processing file /opt/airflow/dags/dag.py for tasks to queue
[2026-05-13T07:20:16.134+0000] {logging_mixin.py:188} INFO - [2026-05-13T07:20:16.134+0000] {dagbag.py:538} INFO - Filling up the DagBag from /opt/airflow/dags/dag.py
[2026-05-13T07:20:16.938+0000] {processor.py:840} INFO - DAG(s) 'workshop_etl_3' retrieved from /opt/airflow/dags/dag.py
[2026-05-13T07:20:16.959+0000] {logging_mixin.py:188} INFO - [2026-05-13T07:20:16.959+0000] {dag.py:3036} INFO - Sync 1 DAGs
[2026-05-13T07:20:16.969+0000] {logging_mixin.py:188} INFO - [2026-05-13T07:20:16.969+0000] {dag.py:3823} INFO - Setting next_dagrun for workshop_etl_3 to None, run_after=None
[2026-05-13T07:20:16.997+0000] {processor.py:183} INFO - Processing /opt/airflow/dags/dag.py took 0.868 seconds
[2026-05-13T07:20:21.571+0000] {processor.py:161} INFO - Started process (PID=1002) to work on /opt/airflow/dags/dag.py
[2026-05-13T07:20:21.572+0000] {processor.py:830} INFO - Processing file /opt/airflow/dags/dag.py for tasks to queue
[2026-05-13T07:20:21.573+0000] {logging_mixin.py:188} INFO - [2026-05-13T07:20:21.573+0000] {dagbag.py:538} INFO - Filling up the DagBag from /opt/airflow/dags/dag.py
[2026-05-13T07:20:22.381+0000] {processor.py:840} INFO - DAG(s) 'workshop_etl_3' retrieved from /opt/airflow/dags/dag.py
[2026-05-13T07:20:22.398+0000] {logging_mixin.py:188} INFO - [2026-05-13T07:20:22.398+0000] {dag.py:3036} INFO - Sync 1 DAGs
[2026-05-13T07:20:22.407+0000] {logging_mixin.py:188} INFO - [2026-05-13T07:20:22.407+0000] {dag.py:3823} INFO - Setting next_dagrun for workshop_etl_3 to None, run_after=None
[2026-05-13T07:20:22.432+0000] {processor.py:183} INFO - Processing /opt/airflow/dags/dag.py took 0.864 seconds
[2026-05-13T07:20:25.152+0000] {processor.py:161} INFO - Started process (PID=1020) to work on /opt/airflow/dags/dag.py
[2026-05-13T07:20:25.154+0000] {processor.py:830} INFO - Processing file /opt/airflow/dags/dag.py for tasks to queue
[2026-05-13T07:20:25.156+0000] {logging_mixin.py:188} INFO - [2026-05-13T07:20:25.155+0000] {dagbag.py:538} INFO - Filling up the DagBag from /opt/airflow/dags/dag.py
[2026-05-13T07:20:25.993+0000] {logging_mixin.py:188} INFO - [2026-05-13T07:20:25.987+0000] {dagbag.py:348} ERROR - Failed to import: /opt/airflow/dags/dag.py
Traceback (most recent call last):
  File "/home/airflow/.local/lib/python3.11/site-packages/airflow/models/dagbag.py", line 344, in parse
    loader.exec_module(new_module)
  File "<frozen importlib._bootstrap_external>", line 940, in exec_module
  File "<frozen importlib._bootstrap>", line 241, in _call_with_frames_removed
  File "/opt/airflow/dags/dag.py", line 145, in <module>
    task
NameError: name 'task' is not defined
[2026-05-13T07:20:25.994+0000] {processor.py:842} WARNING - No viable dags retrieved from /opt/airflow/dags/dag.py
[2026-05-13T07:20:26.009+0000] {processor.py:183} INFO - Processing /opt/airflow/dags/dag.py took 0.861 seconds
[2026-05-13T07:20:26.563+0000] {processor.py:161} INFO - Started process (PID=1038) to work on /opt/airflow/dags/dag.py
[2026-05-13T07:20:26.564+0000] {processor.py:830} INFO - Processing file /opt/airflow/dags/dag.py for tasks to queue
[2026-05-13T07:20:26.565+0000] {logging_mixin.py:188} INFO - [2026-05-13T07:20:26.564+0000] {dagbag.py:538} INFO - Filling up the DagBag from /opt/airflow/dags/dag.py
[2026-05-13T07:20:27.358+0000] {logging_mixin.py:188} INFO - [2026-05-13T07:20:27.351+0000] {dagbag.py:348} ERROR - Failed to import: /opt/airflow/dags/dag.py
Traceback (most recent call last):
  File "/home/airflow/.local/lib/python3.11/site-packages/airflow/models/dagbag.py", line 344, in parse
    loader.exec_module(new_module)
  File "<frozen importlib._bootstrap_external>", line 940, in exec_module
  File "<frozen importlib._bootstrap>", line 241, in _call_with_frames_removed
  File "/opt/airflow/dags/dag.py", line 145, in <module>
    task_
NameError: name 'task_' is not defined
[2026-05-13T07:20:27.360+0000] {processor.py:842} WARNING - No viable dags retrieved from /opt/airflow/dags/dag.py
[2026-05-13T07:20:27.374+0000] {processor.py:183} INFO - Processing /opt/airflow/dags/dag.py took 0.814 seconds
[2026-05-13T07:20:34.179+0000] {processor.py:161} INFO - Started process (PID=1056) to work on /opt/airflow/dags/dag.py
[2026-05-13T07:20:34.180+0000] {processor.py:830} INFO - Processing file /opt/airflow/dags/dag.py for tasks to queue
[2026-05-13T07:20:34.181+0000] {logging_mixin.py:188} INFO - [2026-05-13T07:20:34.180+0000] {dagbag.py:538} INFO - Filling up the DagBag from /opt/airflow/dags/dag.py
[2026-05-13T07:20:35.012+0000] {logging_mixin.py:188} INFO - [2026-05-13T07:20:35.003+0000] {dagbag.py:348} ERROR - Failed to import: /opt/airflow/dags/dag.py
Traceback (most recent call last):
  File "/home/airflow/.local/lib/python3.11/site-packages/airflow/models/dagbag.py", line 344, in parse
    loader.exec_module(new_module)
  File "<frozen importlib._bootstrap_external>", line 940, in exec_module
  File "<frozen importlib._bootstrap>", line 241, in _call_with_frames_removed
  File "/opt/airflow/dags/dag.py", line 145, in <module>
    task_entrenamineto
NameError: name 'task_entrenamineto' is not defined
[2026-05-13T07:20:35.014+0000] {processor.py:842} WARNING - No viable dags retrieved from /opt/airflow/dags/dag.py
[2026-05-13T07:20:35.031+0000] {processor.py:183} INFO - Processing /opt/airflow/dags/dag.py took 0.855 seconds
[2026-05-13T07:20:41.164+0000] {processor.py:161} INFO - Started process (PID=1074) to work on /opt/airflow/dags/dag.py
[2026-05-13T07:20:41.165+0000] {processor.py:830} INFO - Processing file /opt/airflow/dags/dag.py for tasks to queue
[2026-05-13T07:20:41.166+0000] {logging_mixin.py:188} INFO - [2026-05-13T07:20:41.166+0000] {dagbag.py:538} INFO - Filling up the DagBag from /opt/airflow/dags/dag.py
[2026-05-13T07:20:41.944+0000] {logging_mixin.py:188} INFO - [2026-05-13T07:20:41.935+0000] {dagbag.py:348} ERROR - Failed to import: /opt/airflow/dags/dag.py
Traceback (most recent call last):
  File "/home/airflow/.local/lib/python3.11/site-packages/airflow/models/dagbag.py", line 344, in parse
    loader.exec_module(new_module)
  File "<frozen importlib._bootstrap_external>", line 940, in exec_module
  File "<frozen importlib._bootstrap>", line 241, in _call_with_frames_removed
  File "/opt/airflow/dags/dag.py", line 145, in <module>
    task_entrenamineto = PythonOperat
                         ^^^^^^^^^^^^
NameError: name 'PythonOperat' is not defined
[2026-05-13T07:20:41.947+0000] {processor.py:842} WARNING - No viable dags retrieved from /opt/airflow/dags/dag.py
[2026-05-13T07:20:41.968+0000] {processor.py:183} INFO - Processing /opt/airflow/dags/dag.py took 0.807 seconds
[2026-05-13T07:20:44.627+0000] {processor.py:161} INFO - Started process (PID=1092) to work on /opt/airflow/dags/dag.py
[2026-05-13T07:20:44.629+0000] {processor.py:830} INFO - Processing file /opt/airflow/dags/dag.py for tasks to queue
[2026-05-13T07:20:44.631+0000] {logging_mixin.py:188} INFO - [2026-05-13T07:20:44.630+0000] {dagbag.py:538} INFO - Filling up the DagBag from /opt/airflow/dags/dag.py
[2026-05-13T07:20:45.428+0000] {processor.py:840} INFO - DAG(s) 'workshop_etl_3' retrieved from /opt/airflow/dags/dag.py
[2026-05-13T07:20:45.444+0000] {logging_mixin.py:188} INFO - [2026-05-13T07:20:45.443+0000] {dag.py:3036} INFO - Sync 1 DAGs
[2026-05-13T07:20:45.451+0000] {logging_mixin.py:188} INFO - [2026-05-13T07:20:45.451+0000] {dag.py:3823} INFO - Setting next_dagrun for workshop_etl_3 to None, run_after=None
[2026-05-13T07:20:45.471+0000] {processor.py:183} INFO - Processing /opt/airflow/dags/dag.py took 0.847 seconds
[2026-05-13T07:20:47.075+0000] {processor.py:161} INFO - Started process (PID=1110) to work on /opt/airflow/dags/dag.py
[2026-05-13T07:20:47.077+0000] {processor.py:830} INFO - Processing file /opt/airflow/dags/dag.py for tasks to queue
[2026-05-13T07:20:47.078+0000] {logging_mixin.py:188} INFO - [2026-05-13T07:20:47.077+0000] {dagbag.py:538} INFO - Filling up the DagBag from /opt/airflow/dags/dag.py
[2026-05-13T07:20:47.899+0000] {logging_mixin.py:188} INFO - [2026-05-13T07:20:47.890+0000] {dagbag.py:348} ERROR - Failed to import: /opt/airflow/dags/dag.py
Traceback (most recent call last):
  File "/home/airflow/.local/lib/python3.11/site-packages/airflow/models/dagbag.py", line 344, in parse
    loader.exec_module(new_module)
  File "<frozen importlib._bootstrap_external>", line 940, in exec_module
  File "<frozen importlib._bootstrap>", line 241, in _call_with_frames_removed
  File "/opt/airflow/dags/dag.py", line 145, in <module>
    task_entrenamineto = PythonOperator()
                         ^^^^^^^^^^^^^^^^
  File "/home/airflow/.local/lib/python3.11/site-packages/airflow/models/baseoperator.py", line 420, in apply_defaults
    raise AirflowException(f"missing keyword argument {missing_args.pop()!r}")
airflow.exceptions.AirflowException: missing keyword argument 'python_callable'
[2026-05-13T07:20:47.901+0000] {processor.py:842} WARNING - No viable dags retrieved from /opt/airflow/dags/dag.py
[2026-05-13T07:20:47.916+0000] {processor.py:183} INFO - Processing /opt/airflow/dags/dag.py took 0.844 seconds
[2026-05-13T07:20:48.995+0000] {processor.py:161} INFO - Started process (PID=1128) to work on /opt/airflow/dags/dag.py
[2026-05-13T07:20:48.996+0000] {processor.py:830} INFO - Processing file /opt/airflow/dags/dag.py for tasks to queue
[2026-05-13T07:20:48.997+0000] {logging_mixin.py:188} INFO - [2026-05-13T07:20:48.997+0000] {dagbag.py:538} INFO - Filling up the DagBag from /opt/airflow/dags/dag.py
[2026-05-13T07:20:49.784+0000] {logging_mixin.py:188} INFO - [2026-05-13T07:20:49.777+0000] {dagbag.py:348} ERROR - Failed to import: /opt/airflow/dags/dag.py
Traceback (most recent call last):
  File "/home/airflow/.local/lib/python3.11/site-packages/airflow/models/dagbag.py", line 344, in parse
    loader.exec_module(new_module)
  File "<frozen importlib._bootstrap_external>", line 940, in exec_module
  File "<frozen importlib._bootstrap>", line 241, in _call_with_frames_removed
  File "/opt/airflow/dags/dag.py", line 145, in <module>
    task_entrenamineto = PythonOperator(
                         ^^^^^^^^^^^^^^^
  File "/home/airflow/.local/lib/python3.11/site-packages/airflow/models/baseoperator.py", line 420, in apply_defaults
    raise AirflowException(f"missing keyword argument {missing_args.pop()!r}")
airflow.exceptions.AirflowException: missing keyword argument 'python_callable'
[2026-05-13T07:20:49.785+0000] {processor.py:842} WARNING - No viable dags retrieved from /opt/airflow/dags/dag.py
[2026-05-13T07:20:49.802+0000] {processor.py:183} INFO - Processing /opt/airflow/dags/dag.py took 0.810 seconds
[2026-05-13T07:20:55.971+0000] {processor.py:161} INFO - Started process (PID=1146) to work on /opt/airflow/dags/dag.py
[2026-05-13T07:20:55.972+0000] {processor.py:830} INFO - Processing file /opt/airflow/dags/dag.py for tasks to queue
[2026-05-13T07:20:55.974+0000] {logging_mixin.py:188} INFO - [2026-05-13T07:20:55.974+0000] {dagbag.py:538} INFO - Filling up the DagBag from /opt/airflow/dags/dag.py
[2026-05-13T07:20:56.011+0000] {logging_mixin.py:188} INFO - [2026-05-13T07:20:56.009+0000] {dagbag.py:348} ERROR - Failed to import: /opt/airflow/dags/dag.py
Traceback (most recent call last):
  File "/home/airflow/.local/lib/python3.11/site-packages/airflow/models/dagbag.py", line 344, in parse
    loader.exec_module(new_module)
  File "<frozen importlib._bootstrap_external>", line 936, in exec_module
  File "<frozen importlib._bootstrap_external>", line 1074, in get_code
  File "<frozen importlib._bootstrap_external>", line 1004, in source_to_code
  File "<frozen importlib._bootstrap>", line 241, in _call_with_frames_removed
  File "/opt/airflow/dags/dag.py", line 147
    )
    ^
SyntaxError: invalid syntax
[2026-05-13T07:20:56.012+0000] {processor.py:842} WARNING - No viable dags retrieved from /opt/airflow/dags/dag.py
[2026-05-13T07:20:56.033+0000] {processor.py:183} INFO - Processing /opt/airflow/dags/dag.py took 0.065 seconds
[2026-05-13T07:20:59.029+0000] {processor.py:161} INFO - Started process (PID=1151) to work on /opt/airflow/dags/dag.py
[2026-05-13T07:20:59.031+0000] {processor.py:830} INFO - Processing file /opt/airflow/dags/dag.py for tasks to queue
[2026-05-13T07:20:59.033+0000] {logging_mixin.py:188} INFO - [2026-05-13T07:20:59.033+0000] {dagbag.py:538} INFO - Filling up the DagBag from /opt/airflow/dags/dag.py
[2026-05-13T07:20:59.825+0000] {logging_mixin.py:188} INFO - [2026-05-13T07:20:59.819+0000] {dagbag.py:348} ERROR - Failed to import: /opt/airflow/dags/dag.py
Traceback (most recent call last):
  File "/home/airflow/.local/lib/python3.11/site-packages/airflow/models/dagbag.py", line 344, in parse
    loader.exec_module(new_module)
  File "<frozen importlib._bootstrap_external>", line 940, in exec_module
  File "<frozen importlib._bootstrap>", line 241, in _call_with_frames_removed
  File "/opt/airflow/dags/dag.py", line 145, in <module>
    task_entrenamineto = PythonOperator(
                         ^^^^^^^^^^^^^^^
  File "/home/airflow/.local/lib/python3.11/site-packages/airflow/models/baseoperator.py", line 420, in apply_defaults
    raise AirflowException(f"missing keyword argument {missing_args.pop()!r}")
airflow.exceptions.AirflowException: missing keyword argument 'python_callable'
[2026-05-13T07:20:59.826+0000] {processor.py:842} WARNING - No viable dags retrieved from /opt/airflow/dags/dag.py
[2026-05-13T07:20:59.841+0000] {processor.py:183} INFO - Processing /opt/airflow/dags/dag.py took 0.816 seconds
[2026-05-13T07:21:04.977+0000] {processor.py:161} INFO - Started process (PID=1169) to work on /opt/airflow/dags/dag.py
[2026-05-13T07:21:04.979+0000] {processor.py:830} INFO - Processing file /opt/airflow/dags/dag.py for tasks to queue
[2026-05-13T07:21:04.980+0000] {logging_mixin.py:188} INFO - [2026-05-13T07:21:04.980+0000] {dagbag.py:538} INFO - Filling up the DagBag from /opt/airflow/dags/dag.py
[2026-05-13T07:21:05.807+0000] {logging_mixin.py:188} INFO - [2026-05-13T07:21:05.802+0000] {dagbag.py:348} ERROR - Failed to import: /opt/airflow/dags/dag.py
Traceback (most recent call last):
  File "/home/airflow/.local/lib/python3.11/site-packages/airflow/models/dagbag.py", line 344, in parse
    loader.exec_module(new_module)
  File "<frozen importlib._bootstrap_external>", line 940, in exec_module
  File "<frozen importlib._bootstrap>", line 241, in _call_with_frames_removed
  File "/opt/airflow/dags/dag.py", line 145, in <module>
    task_entrenamineto = PythonOperator(
                         ^^^^^^^^^^^^^^^
  File "/home/airflow/.local/lib/python3.11/site-packages/airflow/models/baseoperator.py", line 420, in apply_defaults
    raise AirflowException(f"missing keyword argument {missing_args.pop()!r}")
airflow.exceptions.AirflowException: missing keyword argument 'python_callable'
[2026-05-13T07:21:05.809+0000] {processor.py:842} WARNING - No viable dags retrieved from /opt/airflow/dags/dag.py
[2026-05-13T07:21:05.828+0000] {processor.py:183} INFO - Processing /opt/airflow/dags/dag.py took 0.855 seconds
[2026-05-13T07:21:13.252+0000] {processor.py:161} INFO - Started process (PID=1187) to work on /opt/airflow/dags/dag.py
[2026-05-13T07:21:13.253+0000] {processor.py:830} INFO - Processing file /opt/airflow/dags/dag.py for tasks to queue
[2026-05-13T07:21:13.254+0000] {logging_mixin.py:188} INFO - [2026-05-13T07:21:13.254+0000] {dagbag.py:538} INFO - Filling up the DagBag from /opt/airflow/dags/dag.py
[2026-05-13T07:21:14.139+0000] {logging_mixin.py:188} INFO - [2026-05-13T07:21:14.131+0000] {dagbag.py:348} ERROR - Failed to import: /opt/airflow/dags/dag.py
Traceback (most recent call last):
  File "/home/airflow/.local/lib/python3.11/site-packages/airflow/models/dagbag.py", line 344, in parse
    loader.exec_module(new_module)
  File "<frozen importlib._bootstrap_external>", line 940, in exec_module
  File "<frozen importlib._bootstrap>", line 241, in _call_with_frames_removed
  File "/opt/airflow/dags/dag.py", line 145, in <module>
    task_entrenamineto = PythonOperator(
                         ^^^^^^^^^^^^^^^
  File "/home/airflow/.local/lib/python3.11/site-packages/airflow/models/baseoperator.py", line 420, in apply_defaults
    raise AirflowException(f"missing keyword argument {missing_args.pop()!r}")
airflow.exceptions.AirflowException: missing keyword argument 'python_callable'
[2026-05-13T07:21:14.141+0000] {processor.py:842} WARNING - No viable dags retrieved from /opt/airflow/dags/dag.py
[2026-05-13T07:21:14.157+0000] {processor.py:183} INFO - Processing /opt/airflow/dags/dag.py took 0.908 seconds
[2026-05-13T07:21:20.070+0000] {processor.py:161} INFO - Started process (PID=1205) to work on /opt/airflow/dags/dag.py
[2026-05-13T07:21:20.072+0000] {processor.py:830} INFO - Processing file /opt/airflow/dags/dag.py for tasks to queue
[2026-05-13T07:21:20.073+0000] {logging_mixin.py:188} INFO - [2026-05-13T07:21:20.072+0000] {dagbag.py:538} INFO - Filling up the DagBag from /opt/airflow/dags/dag.py
[2026-05-13T07:21:20.928+0000] {logging_mixin.py:188} INFO - [2026-05-13T07:21:20.918+0000] {dagbag.py:348} ERROR - Failed to import: /opt/airflow/dags/dag.py
Traceback (most recent call last):
  File "/home/airflow/.local/lib/python3.11/site-packages/airflow/models/dagbag.py", line 344, in parse
    loader.exec_module(new_module)
  File "<frozen importlib._bootstrap_external>", line 940, in exec_module
  File "<frozen importlib._bootstrap>", line 241, in _call_with_frames_removed
  File "/opt/airflow/dags/dag.py", line 145, in <module>
    task_entrenamineto = PythonOperator(
                         ^^^^^^^^^^^^^^^
  File "/home/airflow/.local/lib/python3.11/site-packages/airflow/models/baseoperator.py", line 420, in apply_defaults
    raise AirflowException(f"missing keyword argument {missing_args.pop()!r}")
airflow.exceptions.AirflowException: missing keyword argument 'python_callable'
[2026-05-13T07:21:20.930+0000] {processor.py:842} WARNING - No viable dags retrieved from /opt/airflow/dags/dag.py
[2026-05-13T07:21:20.943+0000] {processor.py:183} INFO - Processing /opt/airflow/dags/dag.py took 0.875 seconds
[2026-05-13T07:21:21.311+0000] {processor.py:161} INFO - Started process (PID=1223) to work on /opt/airflow/dags/dag.py
[2026-05-13T07:21:21.312+0000] {processor.py:830} INFO - Processing file /opt/airflow/dags/dag.py for tasks to queue
[2026-05-13T07:21:21.313+0000] {logging_mixin.py:188} INFO - [2026-05-13T07:21:21.312+0000] {dagbag.py:538} INFO - Filling up the DagBag from /opt/airflow/dags/dag.py
[2026-05-13T07:21:21.335+0000] {logging_mixin.py:188} INFO - [2026-05-13T07:21:21.334+0000] {dagbag.py:348} ERROR - Failed to import: /opt/airflow/dags/dag.py
Traceback (most recent call last):
  File "/home/airflow/.local/lib/python3.11/site-packages/airflow/models/dagbag.py", line 344, in parse
    loader.exec_module(new_module)
  File "<frozen importlib._bootstrap_external>", line 936, in exec_module
  File "<frozen importlib._bootstrap_external>", line 1074, in get_code
  File "<frozen importlib._bootstrap_external>", line 1004, in source_to_code
  File "<frozen importlib._bootstrap>", line 241, in _call_with_frames_removed
  File "/opt/airflow/dags/dag.py", line 146
    task_id='entrenamiento_modelo'
            
SyntaxError: invalid syntax. Perhaps you forgot a comma?
[2026-05-13T07:21:21.336+0000] {processor.py:842} WARNING - No viable dags retrieved from /opt/airflow/dags/dag.py
[2026-05-13T07:21:21.353+0000] {processor.py:183} INFO - Processing /opt/airflow/dags/dag.py took 0.045 seconds
[2026-05-13T07:21:26.421+0000] {processor.py:161} INFO - Started process (PID=1228) to work on /opt/airflow/dags/dag.py
[2026-05-13T07:21:26.422+0000] {processor.py:830} INFO - Processing file /opt/airflow/dags/dag.py for tasks to queue
[2026-05-13T07:21:26.423+0000] {logging_mixin.py:188} INFO - [2026-05-13T07:21:26.422+0000] {dagbag.py:538} INFO - Filling up the DagBag from /opt/airflow/dags/dag.py
[2026-05-13T07:21:26.437+0000] {logging_mixin.py:188} INFO - [2026-05-13T07:21:26.437+0000] {dagbag.py:348} ERROR - Failed to import: /opt/airflow/dags/dag.py
Traceback (most recent call last):
  File "/home/airflow/.local/lib/python3.11/site-packages/airflow/models/dagbag.py", line 344, in parse
    loader.exec_module(new_module)
  File "<frozen importlib._bootstrap_external>", line 936, in exec_module
  File "<frozen importlib._bootstrap_external>", line 1074, in get_code
  File "<frozen importlib._bootstrap_external>", line 1004, in source_to_code
  File "<frozen importlib._bootstrap>", line 241, in _call_with_frames_removed
  File "/opt/airflow/dags/dag.py", line 146
    task_id='entrenamiento_modelo'
            ^^^^^^^^
SyntaxError: invalid syntax. Perhaps you forgot a comma?
[2026-05-13T07:21:26.438+0000] {processor.py:842} WARNING - No viable dags retrieved from /opt/airflow/dags/dag.py
[2026-05-13T07:21:26.453+0000] {processor.py:183} INFO - Processing /opt/airflow/dags/dag.py took 0.034 seconds
[2026-05-13T07:21:32.518+0000] {processor.py:161} INFO - Started process (PID=1233) to work on /opt/airflow/dags/dag.py
[2026-05-13T07:21:32.520+0000] {processor.py:830} INFO - Processing file /opt/airflow/dags/dag.py for tasks to queue
[2026-05-13T07:21:32.521+0000] {logging_mixin.py:188} INFO - [2026-05-13T07:21:32.521+0000] {dagbag.py:538} INFO - Filling up the DagBag from /opt/airflow/dags/dag.py
[2026-05-13T07:21:32.546+0000] {logging_mixin.py:188} INFO - [2026-05-13T07:21:32.545+0000] {dagbag.py:348} ERROR - Failed to import: /opt/airflow/dags/dag.py
Traceback (most recent call last):
  File "/home/airflow/.local/lib/python3.11/site-packages/airflow/models/dagbag.py", line 344, in parse
    loader.exec_module(new_module)
  File "<frozen importlib._bootstrap_external>", line 936, in exec_module
  File "<frozen importlib._bootstrap_external>", line 1074, in get_code
  File "<frozen importlib._bootstrap_external>", line 1004, in source_to_code
  File "<frozen importlib._bootstrap>", line 241, in _call_with_frames_removed
  File "/opt/airflow/dags/dag.py", line 146
    task_id='entrenamiento_modelo'
            ^^^^^^^^
SyntaxError: invalid syntax. Perhaps you forgot a comma?
[2026-05-13T07:21:32.547+0000] {processor.py:842} WARNING - No viable dags retrieved from /opt/airflow/dags/dag.py
[2026-05-13T07:21:32.569+0000] {processor.py:183} INFO - Processing /opt/airflow/dags/dag.py took 0.053 seconds
[2026-05-13T07:21:44.694+0000] {processor.py:161} INFO - Started process (PID=1238) to work on /opt/airflow/dags/dag.py
[2026-05-13T07:21:44.695+0000] {processor.py:830} INFO - Processing file /opt/airflow/dags/dag.py for tasks to queue
[2026-05-13T07:21:44.696+0000] {logging_mixin.py:188} INFO - [2026-05-13T07:21:44.696+0000] {dagbag.py:538} INFO - Filling up the DagBag from /opt/airflow/dags/dag.py
[2026-05-13T07:21:44.728+0000] {logging_mixin.py:188} INFO - [2026-05-13T07:21:44.726+0000] {dagbag.py:348} ERROR - Failed to import: /opt/airflow/dags/dag.py
Traceback (most recent call last):
  File "/home/airflow/.local/lib/python3.11/site-packages/airflow/models/dagbag.py", line 344, in parse
    loader.exec_module(new_module)
  File "<frozen importlib._bootstrap_external>", line 936, in exec_module
  File "<frozen importlib._bootstrap_external>", line 1074, in get_code
  File "<frozen importlib._bootstrap_external>", line 1004, in source_to_code
  File "<frozen importlib._bootstrap>", line 241, in _call_with_frames_removed
  File "/opt/airflow/dags/dag.py", line 146
    task_id='entrenamiento_modelo'
            ^^^^^^^^
SyntaxError: invalid syntax. Perhaps you forgot a comma?
[2026-05-13T07:21:44.729+0000] {processor.py:842} WARNING - No viable dags retrieved from /opt/airflow/dags/dag.py
[2026-05-13T07:21:44.747+0000] {processor.py:183} INFO - Processing /opt/airflow/dags/dag.py took 0.057 seconds
[2026-05-13T07:21:47.787+0000] {processor.py:161} INFO - Started process (PID=1243) to work on /opt/airflow/dags/dag.py
[2026-05-13T07:21:47.788+0000] {processor.py:830} INFO - Processing file /opt/airflow/dags/dag.py for tasks to queue
[2026-05-13T07:21:47.790+0000] {logging_mixin.py:188} INFO - [2026-05-13T07:21:47.789+0000] {dagbag.py:538} INFO - Filling up the DagBag from /opt/airflow/dags/dag.py
[2026-05-13T07:21:47.817+0000] {logging_mixin.py:188} INFO - [2026-05-13T07:21:47.816+0000] {dagbag.py:348} ERROR - Failed to import: /opt/airflow/dags/dag.py
Traceback (most recent call last):
  File "/home/airflow/.local/lib/python3.11/site-packages/airflow/models/dagbag.py", line 344, in parse
    loader.exec_module(new_module)
  File "<frozen importlib._bootstrap_external>", line 936, in exec_module
  File "<frozen importlib._bootstrap_external>", line 1074, in get_code
  File "<frozen importlib._bootstrap_external>", line 1004, in source_to_code
  File "<frozen importlib._bootstrap>", line 241, in _call_with_frames_removed
  File "/opt/airflow/dags/dag.py", line 146
    task_id='entrenamiento_modelo'
            ^^^^^^^^
SyntaxError: invalid syntax. Perhaps you forgot a comma?
[2026-05-13T07:21:47.818+0000] {processor.py:842} WARNING - No viable dags retrieved from /opt/airflow/dags/dag.py
[2026-05-13T07:21:47.836+0000] {processor.py:183} INFO - Processing /opt/airflow/dags/dag.py took 0.053 seconds
[2026-05-13T07:22:00.963+0000] {processor.py:161} INFO - Started process (PID=1248) to work on /opt/airflow/dags/dag.py
[2026-05-13T07:22:00.964+0000] {processor.py:830} INFO - Processing file /opt/airflow/dags/dag.py for tasks to queue
[2026-05-13T07:22:00.965+0000] {logging_mixin.py:188} INFO - [2026-05-13T07:22:00.965+0000] {dagbag.py:538} INFO - Filling up the DagBag from /opt/airflow/dags/dag.py
[2026-05-13T07:22:00.982+0000] {logging_mixin.py:188} INFO - [2026-05-13T07:22:00.980+0000] {dagbag.py:348} ERROR - Failed to import: /opt/airflow/dags/dag.py
Traceback (most recent call last):
  File "/home/airflow/.local/lib/python3.11/site-packages/airflow/models/dagbag.py", line 344, in parse
    loader.exec_module(new_module)
  File "<frozen importlib._bootstrap_external>", line 936, in exec_module
  File "<frozen importlib._bootstrap_external>", line 1074, in get_code
  File "<frozen importlib._bootstrap_external>", line 1004, in source_to_code
  File "<frozen importlib._bootstrap>", line 241, in _call_with_frames_removed
  File "/opt/airflow/dags/dag.py", line 146
    task_id='entrenamiento_modelo'
            ^^^^^^^
SyntaxError: invalid syntax. Perhaps you forgot a comma?
[2026-05-13T07:22:00.983+0000] {processor.py:842} WARNING - No viable dags retrieved from /opt/airflow/dags/dag.py
[2026-05-13T07:22:01.000+0000] {processor.py:183} INFO - Processing /opt/airflow/dags/dag.py took 0.039 seconds
[2026-05-13T07:22:11.106+0000] {processor.py:161} INFO - Started process (PID=1253) to work on /opt/airflow/dags/dag.py
[2026-05-13T07:22:11.107+0000] {processor.py:830} INFO - Processing file /opt/airflow/dags/dag.py for tasks to queue
[2026-05-13T07:22:11.108+0000] {logging_mixin.py:188} INFO - [2026-05-13T07:22:11.108+0000] {dagbag.py:538} INFO - Filling up the DagBag from /opt/airflow/dags/dag.py
[2026-05-13T07:22:11.127+0000] {logging_mixin.py:188} INFO - [2026-05-13T07:22:11.126+0000] {dagbag.py:348} ERROR - Failed to import: /opt/airflow/dags/dag.py
Traceback (most recent call last):
  File "/home/airflow/.local/lib/python3.11/site-packages/airflow/models/dagbag.py", line 344, in parse
    loader.exec_module(new_module)
  File "<frozen importlib._bootstrap_external>", line 936, in exec_module
  File "<frozen importlib._bootstrap_external>", line 1074, in get_code
  File "<frozen importlib._bootstrap_external>", line 1004, in source_to_code
  File "<frozen importlib._bootstrap>", line 241, in _call_with_frames_removed
  File "/opt/airflow/dags/dag.py", line 146
    task_id='entrenamiento_modelo'
            ^^^^^^^
SyntaxError: invalid syntax. Perhaps you forgot a comma?
[2026-05-13T07:22:11.127+0000] {processor.py:842} WARNING - No viable dags retrieved from /opt/airflow/dags/dag.py
[2026-05-13T07:22:11.146+0000] {processor.py:183} INFO - Processing /opt/airflow/dags/dag.py took 0.042 seconds
[2026-05-13T07:22:15.191+0000] {processor.py:161} INFO - Started process (PID=1258) to work on /opt/airflow/dags/dag.py
[2026-05-13T07:22:15.193+0000] {processor.py:830} INFO - Processing file /opt/airflow/dags/dag.py for tasks to queue
[2026-05-13T07:22:15.194+0000] {logging_mixin.py:188} INFO - [2026-05-13T07:22:15.194+0000] {dagbag.py:538} INFO - Filling up the DagBag from /opt/airflow/dags/dag.py
[2026-05-13T07:22:15.219+0000] {logging_mixin.py:188} INFO - [2026-05-13T07:22:15.218+0000] {dagbag.py:348} ERROR - Failed to import: /opt/airflow/dags/dag.py
Traceback (most recent call last):
  File "/home/airflow/.local/lib/python3.11/site-packages/airflow/models/dagbag.py", line 344, in parse
    loader.exec_module(new_module)
  File "<frozen importlib._bootstrap_external>", line 936, in exec_module
  File "<frozen importlib._bootstrap_external>", line 1074, in get_code
  File "<frozen importlib._bootstrap_external>", line 1004, in source_to_code
  File "<frozen importlib._bootstrap>", line 241, in _call_with_frames_removed
  File "/opt/airflow/dags/dag.py", line 146
    task_id='entrenamiento_modelo'
            ^^^^^^^
SyntaxError: invalid syntax. Perhaps you forgot a comma?
[2026-05-13T07:22:15.220+0000] {processor.py:842} WARNING - No viable dags retrieved from /opt/airflow/dags/dag.py
[2026-05-13T07:22:15.238+0000] {processor.py:183} INFO - Processing /opt/airflow/dags/dag.py took 0.049 seconds
[2026-05-13T07:22:18.322+0000] {processor.py:161} INFO - Started process (PID=1263) to work on /opt/airflow/dags/dag.py
[2026-05-13T07:22:18.323+0000] {processor.py:830} INFO - Processing file /opt/airflow/dags/dag.py for tasks to queue
[2026-05-13T07:22:18.324+0000] {logging_mixin.py:188} INFO - [2026-05-13T07:22:18.324+0000] {dagbag.py:538} INFO - Filling up the DagBag from /opt/airflow/dags/dag.py
[2026-05-13T07:22:18.351+0000] {logging_mixin.py:188} INFO - [2026-05-13T07:22:18.350+0000] {dagbag.py:348} ERROR - Failed to import: /opt/airflow/dags/dag.py
Traceback (most recent call last):
  File "/home/airflow/.local/lib/python3.11/site-packages/airflow/models/dagbag.py", line 344, in parse
    loader.exec_module(new_module)
  File "<frozen importlib._bootstrap_external>", line 936, in exec_module
  File "<frozen importlib._bootstrap_external>", line 1074, in get_code
  File "<frozen importlib._bootstrap_external>", line 1004, in source_to_code
  File "<frozen importlib._bootstrap>", line 241, in _call_with_frames_removed
  File "/opt/airflow/dags/dag.py", line 146
    task_id='entrenamiento_modelo'
            ^^^^^^^
SyntaxError: invalid syntax. Perhaps you forgot a comma?
[2026-05-13T07:22:18.352+0000] {processor.py:842} WARNING - No viable dags retrieved from /opt/airflow/dags/dag.py
[2026-05-13T07:22:18.371+0000] {processor.py:183} INFO - Processing /opt/airflow/dags/dag.py took 0.052 seconds
[2026-05-13T07:22:20.393+0000] {processor.py:161} INFO - Started process (PID=1268) to work on /opt/airflow/dags/dag.py
[2026-05-13T07:22:20.394+0000] {processor.py:830} INFO - Processing file /opt/airflow/dags/dag.py for tasks to queue
[2026-05-13T07:22:20.395+0000] {logging_mixin.py:188} INFO - [2026-05-13T07:22:20.395+0000] {dagbag.py:538} INFO - Filling up the DagBag from /opt/airflow/dags/dag.py
[2026-05-13T07:22:20.424+0000] {logging_mixin.py:188} INFO - [2026-05-13T07:22:20.423+0000] {dagbag.py:348} ERROR - Failed to import: /opt/airflow/dags/dag.py
Traceback (most recent call last):
  File "/home/airflow/.local/lib/python3.11/site-packages/airflow/models/dagbag.py", line 344, in parse
    loader.exec_module(new_module)
  File "<frozen importlib._bootstrap_external>", line 936, in exec_module
  File "<frozen importlib._bootstrap_external>", line 1074, in get_code
  File "<frozen importlib._bootstrap_external>", line 1004, in source_to_code
  File "<frozen importlib._bootstrap>", line 241, in _call_with_frames_removed
  File "/opt/airflow/dags/dag.py", line 146
    task_id='entrenamiento_modelo'
            ^^^^^^^
SyntaxError: invalid syntax. Perhaps you forgot a comma?
[2026-05-13T07:22:20.425+0000] {processor.py:842} WARNING - No viable dags retrieved from /opt/airflow/dags/dag.py
[2026-05-13T07:22:20.445+0000] {processor.py:183} INFO - Processing /opt/airflow/dags/dag.py took 0.056 seconds
[2026-05-13T07:22:22.495+0000] {processor.py:161} INFO - Started process (PID=1273) to work on /opt/airflow/dags/dag.py
[2026-05-13T07:22:22.496+0000] {processor.py:830} INFO - Processing file /opt/airflow/dags/dag.py for tasks to queue
[2026-05-13T07:22:22.497+0000] {logging_mixin.py:188} INFO - [2026-05-13T07:22:22.497+0000] {dagbag.py:538} INFO - Filling up the DagBag from /opt/airflow/dags/dag.py
[2026-05-13T07:22:22.524+0000] {logging_mixin.py:188} INFO - [2026-05-13T07:22:22.523+0000] {dagbag.py:348} ERROR - Failed to import: /opt/airflow/dags/dag.py
Traceback (most recent call last):
  File "/home/airflow/.local/lib/python3.11/site-packages/airflow/models/dagbag.py", line 344, in parse
    loader.exec_module(new_module)
  File "<frozen importlib._bootstrap_external>", line 936, in exec_module
  File "<frozen importlib._bootstrap_external>", line 1074, in get_code
  File "<frozen importlib._bootstrap_external>", line 1004, in source_to_code
  File "<frozen importlib._bootstrap>", line 241, in _call_with_frames_removed
  File "/opt/airflow/dags/dag.py", line 146
    task_id='entrenamiento_modelo'
            ^^^^^^^
SyntaxError: invalid syntax. Perhaps you forgot a comma?
[2026-05-13T07:22:22.528+0000] {processor.py:842} WARNING - No viable dags retrieved from /opt/airflow/dags/dag.py
[2026-05-13T07:22:22.569+0000] {processor.py:183} INFO - Processing /opt/airflow/dags/dag.py took 0.076 seconds
[2026-05-13T07:22:45.768+0000] {processor.py:161} INFO - Started process (PID=1278) to work on /opt/airflow/dags/dag.py
[2026-05-13T07:22:45.770+0000] {processor.py:830} INFO - Processing file /opt/airflow/dags/dag.py for tasks to queue
[2026-05-13T07:22:45.771+0000] {logging_mixin.py:188} INFO - [2026-05-13T07:22:45.770+0000] {dagbag.py:538} INFO - Filling up the DagBag from /opt/airflow/dags/dag.py
[2026-05-13T07:22:45.792+0000] {logging_mixin.py:188} INFO - [2026-05-13T07:22:45.791+0000] {dagbag.py:348} ERROR - Failed to import: /opt/airflow/dags/dag.py
Traceback (most recent call last):
  File "/home/airflow/.local/lib/python3.11/site-packages/airflow/models/dagbag.py", line 344, in parse
    loader.exec_module(new_module)
  File "<frozen importlib._bootstrap_external>", line 936, in exec_module
  File "<frozen importlib._bootstrap_external>", line 1074, in get_code
  File "<frozen importlib._bootstrap_external>", line 1004, in source_to_code
  File "<frozen importlib._bootstrap>", line 241, in _call_with_frames_removed
  File "/opt/airflow/dags/dag.py", line 146
    task_id='entrenamiento_modelo'
            ^^^^^^^
SyntaxError: invalid syntax. Perhaps you forgot a comma?
[2026-05-13T07:22:45.793+0000] {processor.py:842} WARNING - No viable dags retrieved from /opt/airflow/dags/dag.py
[2026-05-13T07:22:45.809+0000] {processor.py:183} INFO - Processing /opt/airflow/dags/dag.py took 0.044 seconds
[2026-05-13T07:22:56.912+0000] {processor.py:161} INFO - Started process (PID=1283) to work on /opt/airflow/dags/dag.py
[2026-05-13T07:22:56.913+0000] {processor.py:830} INFO - Processing file /opt/airflow/dags/dag.py for tasks to queue
[2026-05-13T07:22:56.914+0000] {logging_mixin.py:188} INFO - [2026-05-13T07:22:56.914+0000] {dagbag.py:538} INFO - Filling up the DagBag from /opt/airflow/dags/dag.py
[2026-05-13T07:22:56.933+0000] {logging_mixin.py:188} INFO - [2026-05-13T07:22:56.932+0000] {dagbag.py:348} ERROR - Failed to import: /opt/airflow/dags/dag.py
Traceback (most recent call last):
  File "/home/airflow/.local/lib/python3.11/site-packages/airflow/models/dagbag.py", line 344, in parse
    loader.exec_module(new_module)
  File "<frozen importlib._bootstrap_external>", line 936, in exec_module
  File "<frozen importlib._bootstrap_external>", line 1074, in get_code
  File "<frozen importlib._bootstrap_external>", line 1004, in source_to_code
  File "<frozen importlib._bootstrap>", line 241, in _call_with_frames_removed
  File "/opt/airflow/dags/dag.py", line 146
    task_id="entrenamiento_modelo'
            ^
SyntaxError: unterminated string literal (detected at line 146)
[2026-05-13T07:22:56.934+0000] {processor.py:842} WARNING - No viable dags retrieved from /opt/airflow/dags/dag.py
[2026-05-13T07:22:56.950+0000] {processor.py:183} INFO - Processing /opt/airflow/dags/dag.py took 0.041 seconds
[2026-05-13T07:22:58.974+0000] {processor.py:161} INFO - Started process (PID=1288) to work on /opt/airflow/dags/dag.py
[2026-05-13T07:22:58.975+0000] {processor.py:830} INFO - Processing file /opt/airflow/dags/dag.py for tasks to queue
[2026-05-13T07:22:58.977+0000] {logging_mixin.py:188} INFO - [2026-05-13T07:22:58.977+0000] {dagbag.py:538} INFO - Filling up the DagBag from /opt/airflow/dags/dag.py
[2026-05-13T07:22:59.006+0000] {logging_mixin.py:188} INFO - [2026-05-13T07:22:59.005+0000] {dagbag.py:348} ERROR - Failed to import: /opt/airflow/dags/dag.py
Traceback (most recent call last):
  File "/home/airflow/.local/lib/python3.11/site-packages/airflow/models/dagbag.py", line 344, in parse
    loader.exec_module(new_module)
  File "<frozen importlib._bootstrap_external>", line 936, in exec_module
  File "<frozen importlib._bootstrap_external>", line 1074, in get_code
  File "<frozen importlib._bootstrap_external>", line 1004, in source_to_code
  File "<frozen importlib._bootstrap>", line 241, in _call_with_frames_removed
  File "/opt/airflow/dags/dag.py", line 146
    task_id="entrenamiento_modelo"
            ^^^^^^^
SyntaxError: invalid syntax. Perhaps you forgot a comma?
[2026-05-13T07:22:59.007+0000] {processor.py:842} WARNING - No viable dags retrieved from /opt/airflow/dags/dag.py
[2026-05-13T07:22:59.029+0000] {processor.py:183} INFO - Processing /opt/airflow/dags/dag.py took 0.059 seconds
[2026-05-13T07:23:27.361+0000] {processor.py:161} INFO - Started process (PID=1293) to work on /opt/airflow/dags/dag.py
[2026-05-13T07:23:27.362+0000] {processor.py:830} INFO - Processing file /opt/airflow/dags/dag.py for tasks to queue
[2026-05-13T07:23:27.363+0000] {logging_mixin.py:188} INFO - [2026-05-13T07:23:27.363+0000] {dagbag.py:538} INFO - Filling up the DagBag from /opt/airflow/dags/dag.py
[2026-05-13T07:23:27.385+0000] {logging_mixin.py:188} INFO - [2026-05-13T07:23:27.384+0000] {dagbag.py:348} ERROR - Failed to import: /opt/airflow/dags/dag.py
Traceback (most recent call last):
  File "/home/airflow/.local/lib/python3.11/site-packages/airflow/models/dagbag.py", line 344, in parse
    loader.exec_module(new_module)
  File "<frozen importlib._bootstrap_external>", line 936, in exec_module
  File "<frozen importlib._bootstrap_external>", line 1074, in get_code
  File "<frozen importlib._bootstrap_external>", line 1004, in source_to_code
  File "<frozen importlib._bootstrap>", line 241, in _call_with_frames_removed
  File "/opt/airflow/dags/dag.py", line 146
    task_id="entrenamiento_modelo"
            ^^^^^^^
SyntaxError: invalid syntax. Perhaps you forgot a comma?
[2026-05-13T07:23:27.386+0000] {processor.py:842} WARNING - No viable dags retrieved from /opt/airflow/dags/dag.py
[2026-05-13T07:23:27.402+0000] {processor.py:183} INFO - Processing /opt/airflow/dags/dag.py took 0.043 seconds
[2026-05-13T07:23:28.419+0000] {processor.py:161} INFO - Started process (PID=1298) to work on /opt/airflow/dags/dag.py
[2026-05-13T07:23:28.420+0000] {processor.py:830} INFO - Processing file /opt/airflow/dags/dag.py for tasks to queue
[2026-05-13T07:23:28.421+0000] {logging_mixin.py:188} INFO - [2026-05-13T07:23:28.421+0000] {dagbag.py:538} INFO - Filling up the DagBag from /opt/airflow/dags/dag.py
[2026-05-13T07:23:28.443+0000] {logging_mixin.py:188} INFO - [2026-05-13T07:23:28.442+0000] {dagbag.py:348} ERROR - Failed to import: /opt/airflow/dags/dag.py
Traceback (most recent call last):
  File "/home/airflow/.local/lib/python3.11/site-packages/airflow/models/dagbag.py", line 344, in parse
    loader.exec_module(new_module)
  File "<frozen importlib._bootstrap_external>", line 936, in exec_module
  File "<frozen importlib._bootstrap_external>", line 1074, in get_code
  File "<frozen importlib._bootstrap_external>", line 1004, in source_to_code
  File "<frozen importlib._bootstrap>", line 241, in _call_with_frames_removed
  File "/opt/airflow/dags/dag.py", line 146
    task_id="entrenamiento_modelo"
            ^^^^^^^
SyntaxError: invalid syntax. Perhaps you forgot a comma?
[2026-05-13T07:23:28.443+0000] {processor.py:842} WARNING - No viable dags retrieved from /opt/airflow/dags/dag.py
[2026-05-13T07:23:28.460+0000] {processor.py:183} INFO - Processing /opt/airflow/dags/dag.py took 0.043 seconds
[2026-05-13T07:23:31.521+0000] {processor.py:161} INFO - Started process (PID=1303) to work on /opt/airflow/dags/dag.py
[2026-05-13T07:23:31.522+0000] {processor.py:830} INFO - Processing file /opt/airflow/dags/dag.py for tasks to queue
[2026-05-13T07:23:31.523+0000] {logging_mixin.py:188} INFO - [2026-05-13T07:23:31.523+0000] {dagbag.py:538} INFO - Filling up the DagBag from /opt/airflow/dags/dag.py
[2026-05-13T07:23:31.550+0000] {logging_mixin.py:188} INFO - [2026-05-13T07:23:31.549+0000] {dagbag.py:348} ERROR - Failed to import: /opt/airflow/dags/dag.py
Traceback (most recent call last):
  File "/home/airflow/.local/lib/python3.11/site-packages/airflow/models/dagbag.py", line 344, in parse
    loader.exec_module(new_module)
  File "<frozen importlib._bootstrap_external>", line 936, in exec_module
  File "<frozen importlib._bootstrap_external>", line 1074, in get_code
  File "<frozen importlib._bootstrap_external>", line 1004, in source_to_code
  File "<frozen importlib._bootstrap>", line 241, in _call_with_frames_removed
  File "/opt/airflow/dags/dag.py", line 146
    task_id="entrenamiento_modelo"
            ^^^^^^^
SyntaxError: invalid syntax. Perhaps you forgot a comma?
[2026-05-13T07:23:31.551+0000] {processor.py:842} WARNING - No viable dags retrieved from /opt/airflow/dags/dag.py
[2026-05-13T07:23:31.570+0000] {processor.py:183} INFO - Processing /opt/airflow/dags/dag.py took 0.052 seconds
[2026-05-13T07:23:34.619+0000] {processor.py:161} INFO - Started process (PID=1308) to work on /opt/airflow/dags/dag.py
[2026-05-13T07:23:34.621+0000] {processor.py:830} INFO - Processing file /opt/airflow/dags/dag.py for tasks to queue
[2026-05-13T07:23:34.622+0000] {logging_mixin.py:188} INFO - [2026-05-13T07:23:34.622+0000] {dagbag.py:538} INFO - Filling up the DagBag from /opt/airflow/dags/dag.py
[2026-05-13T07:23:34.649+0000] {logging_mixin.py:188} INFO - [2026-05-13T07:23:34.647+0000] {dagbag.py:348} ERROR - Failed to import: /opt/airflow/dags/dag.py
Traceback (most recent call last):
  File "/home/airflow/.local/lib/python3.11/site-packages/airflow/models/dagbag.py", line 344, in parse
    loader.exec_module(new_module)
  File "<frozen importlib._bootstrap_external>", line 936, in exec_module
  File "<frozen importlib._bootstrap_external>", line 1074, in get_code
  File "<frozen importlib._bootstrap_external>", line 1004, in source_to_code
  File "<frozen importlib._bootstrap>", line 241, in _call_with_frames_removed
  File "/opt/airflow/dags/dag.py", line 146
    task_id="entrenamiento_modelo"
            ^^^^^^^
SyntaxError: invalid syntax. Perhaps you forgot a comma?
[2026-05-13T07:23:34.649+0000] {processor.py:842} WARNING - No viable dags retrieved from /opt/airflow/dags/dag.py
[2026-05-13T07:23:34.667+0000] {processor.py:183} INFO - Processing /opt/airflow/dags/dag.py took 0.050 seconds
[2026-05-13T07:23:38.692+0000] {processor.py:161} INFO - Started process (PID=1313) to work on /opt/airflow/dags/dag.py
[2026-05-13T07:23:38.693+0000] {processor.py:830} INFO - Processing file /opt/airflow/dags/dag.py for tasks to queue
[2026-05-13T07:23:38.694+0000] {logging_mixin.py:188} INFO - [2026-05-13T07:23:38.694+0000] {dagbag.py:538} INFO - Filling up the DagBag from /opt/airflow/dags/dag.py
[2026-05-13T07:23:38.716+0000] {logging_mixin.py:188} INFO - [2026-05-13T07:23:38.715+0000] {dagbag.py:348} ERROR - Failed to import: /opt/airflow/dags/dag.py
Traceback (most recent call last):
  File "/home/airflow/.local/lib/python3.11/site-packages/airflow/models/dagbag.py", line 344, in parse
    loader.exec_module(new_module)
  File "<frozen importlib._bootstrap_external>", line 936, in exec_module
  File "<frozen importlib._bootstrap_external>", line 1074, in get_code
  File "<frozen importlib._bootstrap_external>", line 1004, in source_to_code
  File "<frozen importlib._bootstrap>", line 241, in _call_with_frames_removed
  File "/opt/airflow/dags/dag.py", line 146
    task_id="entrenamiento_modelo"
            ^^^^^^^
SyntaxError: invalid syntax. Perhaps you forgot a comma?
[2026-05-13T07:23:38.717+0000] {processor.py:842} WARNING - No viable dags retrieved from /opt/airflow/dags/dag.py
[2026-05-13T07:23:38.733+0000] {processor.py:183} INFO - Processing /opt/airflow/dags/dag.py took 0.044 seconds
[2026-05-13T07:23:47.838+0000] {processor.py:161} INFO - Started process (PID=1318) to work on /opt/airflow/dags/dag.py
[2026-05-13T07:23:47.839+0000] {processor.py:830} INFO - Processing file /opt/airflow/dags/dag.py for tasks to queue
[2026-05-13T07:23:47.840+0000] {logging_mixin.py:188} INFO - [2026-05-13T07:23:47.840+0000] {dagbag.py:538} INFO - Filling up the DagBag from /opt/airflow/dags/dag.py
[2026-05-13T07:23:47.857+0000] {logging_mixin.py:188} INFO - [2026-05-13T07:23:47.856+0000] {dagbag.py:348} ERROR - Failed to import: /opt/airflow/dags/dag.py
Traceback (most recent call last):
  File "/home/airflow/.local/lib/python3.11/site-packages/airflow/models/dagbag.py", line 344, in parse
    loader.exec_module(new_module)
  File "<frozen importlib._bootstrap_external>", line 936, in exec_module
  File "<frozen importlib._bootstrap_external>", line 1074, in get_code
  File "<frozen importlib._bootstrap_external>", line 1004, in source_to_code
  File "<frozen importlib._bootstrap>", line 241, in _call_with_frames_removed
  File "/opt/airflow/dags/dag.py", line 149
    "parquet_path": /opt/airflow/datos/archivos_parquet/normalized_2015.parquet"
                                                                               ^
SyntaxError: unterminated string literal (detected at line 149)
[2026-05-13T07:23:47.858+0000] {processor.py:842} WARNING - No viable dags retrieved from /opt/airflow/dags/dag.py
[2026-05-13T07:23:47.874+0000] {processor.py:183} INFO - Processing /opt/airflow/dags/dag.py took 0.039 seconds
[2026-05-13T07:23:51.925+0000] {processor.py:161} INFO - Started process (PID=1323) to work on /opt/airflow/dags/dag.py
[2026-05-13T07:23:51.926+0000] {processor.py:830} INFO - Processing file /opt/airflow/dags/dag.py for tasks to queue
[2026-05-13T07:23:51.926+0000] {logging_mixin.py:188} INFO - [2026-05-13T07:23:51.926+0000] {dagbag.py:538} INFO - Filling up the DagBag from /opt/airflow/dags/dag.py
[2026-05-13T07:23:51.941+0000] {logging_mixin.py:188} INFO - [2026-05-13T07:23:51.941+0000] {dagbag.py:348} ERROR - Failed to import: /opt/airflow/dags/dag.py
Traceback (most recent call last):
  File "/home/airflow/.local/lib/python3.11/site-packages/airflow/models/dagbag.py", line 344, in parse
    loader.exec_module(new_module)
  File "<frozen importlib._bootstrap_external>", line 936, in exec_module
  File "<frozen importlib._bootstrap_external>", line 1074, in get_code
  File "<frozen importlib._bootstrap_external>", line 1004, in source_to_code
  File "<frozen importlib._bootstrap>", line 241, in _call_with_frames_removed
  File "/opt/airflow/dags/dag.py", line 149
    "parquet_path": "/opt/airflow/datos/archivos_parquet/normalized_2015.parquet""
                                                                                 ^
SyntaxError: unterminated string literal (detected at line 149)
[2026-05-13T07:23:51.942+0000] {processor.py:842} WARNING - No viable dags retrieved from /opt/airflow/dags/dag.py
[2026-05-13T07:23:51.958+0000] {processor.py:183} INFO - Processing /opt/airflow/dags/dag.py took 0.036 seconds
[2026-05-13T07:23:54.016+0000] {processor.py:161} INFO - Started process (PID=1328) to work on /opt/airflow/dags/dag.py
[2026-05-13T07:23:54.018+0000] {processor.py:830} INFO - Processing file /opt/airflow/dags/dag.py for tasks to queue
[2026-05-13T07:23:54.020+0000] {logging_mixin.py:188} INFO - [2026-05-13T07:23:54.019+0000] {dagbag.py:538} INFO - Filling up the DagBag from /opt/airflow/dags/dag.py
[2026-05-13T07:23:54.054+0000] {logging_mixin.py:188} INFO - [2026-05-13T07:23:54.053+0000] {dagbag.py:348} ERROR - Failed to import: /opt/airflow/dags/dag.py
Traceback (most recent call last):
  File "/home/airflow/.local/lib/python3.11/site-packages/airflow/models/dagbag.py", line 344, in parse
    loader.exec_module(new_module)
  File "<frozen importlib._bootstrap_external>", line 936, in exec_module
  File "<frozen importlib._bootstrap_external>", line 1074, in get_code
  File "<frozen importlib._bootstrap_external>", line 1004, in source_to_code
  File "<frozen importlib._bootstrap>", line 241, in _call_with_frames_removed
  File "/opt/airflow/dags/dag.py", line 146
    task_id="entrenamiento_modelo"
            ^^^^^^^
SyntaxError: invalid syntax. Perhaps you forgot a comma?
[2026-05-13T07:23:54.055+0000] {processor.py:842} WARNING - No viable dags retrieved from /opt/airflow/dags/dag.py
[2026-05-13T07:23:54.071+0000] {processor.py:183} INFO - Processing /opt/airflow/dags/dag.py took 0.058 seconds
[2026-05-13T07:24:00.124+0000] {processor.py:161} INFO - Started process (PID=1333) to work on /opt/airflow/dags/dag.py
[2026-05-13T07:24:00.125+0000] {processor.py:830} INFO - Processing file /opt/airflow/dags/dag.py for tasks to queue
[2026-05-13T07:24:00.127+0000] {logging_mixin.py:188} INFO - [2026-05-13T07:24:00.126+0000] {dagbag.py:538} INFO - Filling up the DagBag from /opt/airflow/dags/dag.py
[2026-05-13T07:24:00.162+0000] {logging_mixin.py:188} INFO - [2026-05-13T07:24:00.161+0000] {dagbag.py:348} ERROR - Failed to import: /opt/airflow/dags/dag.py
Traceback (most recent call last):
  File "/home/airflow/.local/lib/python3.11/site-packages/airflow/models/dagbag.py", line 344, in parse
    loader.exec_module(new_module)
  File "<frozen importlib._bootstrap_external>", line 936, in exec_module
  File "<frozen importlib._bootstrap_external>", line 1074, in get_code
  File "<frozen importlib._bootstrap_external>", line 1004, in source_to_code
  File "<frozen importlib._bootstrap>", line 241, in _call_with_frames_removed
  File "/opt/airflow/dags/dag.py", line 146
    task_id="entrenamiento_modelo"
            ^^^^^^^
SyntaxError: invalid syntax. Perhaps you forgot a comma?
[2026-05-13T07:24:00.162+0000] {processor.py:842} WARNING - No viable dags retrieved from /opt/airflow/dags/dag.py
[2026-05-13T07:24:00.179+0000] {processor.py:183} INFO - Processing /opt/airflow/dags/dag.py took 0.060 seconds
[2026-05-13T07:24:21.359+0000] {processor.py:161} INFO - Started process (PID=1338) to work on /opt/airflow/dags/dag.py
[2026-05-13T07:24:21.360+0000] {processor.py:830} INFO - Processing file /opt/airflow/dags/dag.py for tasks to queue
[2026-05-13T07:24:21.361+0000] {logging_mixin.py:188} INFO - [2026-05-13T07:24:21.361+0000] {dagbag.py:538} INFO - Filling up the DagBag from /opt/airflow/dags/dag.py
[2026-05-13T07:24:21.381+0000] {logging_mixin.py:188} INFO - [2026-05-13T07:24:21.380+0000] {dagbag.py:348} ERROR - Failed to import: /opt/airflow/dags/dag.py
Traceback (most recent call last):
  File "/home/airflow/.local/lib/python3.11/site-packages/airflow/models/dagbag.py", line 344, in parse
    loader.exec_module(new_module)
  File "<frozen importlib._bootstrap_external>", line 936, in exec_module
  File "<frozen importlib._bootstrap_external>", line 1074, in get_code
  File "<frozen importlib._bootstrap_external>", line 1004, in source_to_code
  File "<frozen importlib._bootstrap>", line 241, in _call_with_frames_removed
  File "/opt/airflow/dags/dag.py", line 146
    task_id="entrenamiento_modelo"
            ^^^^^^^
SyntaxError: invalid syntax. Perhaps you forgot a comma?
[2026-05-13T07:24:21.382+0000] {processor.py:842} WARNING - No viable dags retrieved from /opt/airflow/dags/dag.py
[2026-05-13T07:24:21.399+0000] {processor.py:183} INFO - Processing /opt/airflow/dags/dag.py took 0.042 seconds
[2026-05-13T07:24:45.630+0000] {processor.py:161} INFO - Started process (PID=1343) to work on /opt/airflow/dags/dag.py
[2026-05-13T07:24:45.631+0000] {processor.py:830} INFO - Processing file /opt/airflow/dags/dag.py for tasks to queue
[2026-05-13T07:24:45.633+0000] {logging_mixin.py:188} INFO - [2026-05-13T07:24:45.633+0000] {dagbag.py:538} INFO - Filling up the DagBag from /opt/airflow/dags/dag.py
[2026-05-13T07:24:45.665+0000] {logging_mixin.py:188} INFO - [2026-05-13T07:24:45.664+0000] {dagbag.py:348} ERROR - Failed to import: /opt/airflow/dags/dag.py
Traceback (most recent call last):
  File "/home/airflow/.local/lib/python3.11/site-packages/airflow/models/dagbag.py", line 344, in parse
    loader.exec_module(new_module)
  File "<frozen importlib._bootstrap_external>", line 936, in exec_module
  File "<frozen importlib._bootstrap_external>", line 1074, in get_code
  File "<frozen importlib._bootstrap_external>", line 1004, in source_to_code
  File "<frozen importlib._bootstrap>", line 241, in _call_with_frames_removed
  File "/opt/airflow/dags/dag.py", line 146
    task_id="entrenamiento_modelo"
            ^^^^^^^
SyntaxError: invalid syntax. Perhaps you forgot a comma?
[2026-05-13T07:24:45.667+0000] {processor.py:842} WARNING - No viable dags retrieved from /opt/airflow/dags/dag.py
[2026-05-13T07:24:45.687+0000] {processor.py:183} INFO - Processing /opt/airflow/dags/dag.py took 0.061 seconds
[2026-05-13T07:24:55.779+0000] {processor.py:161} INFO - Started process (PID=1348) to work on /opt/airflow/dags/dag.py
[2026-05-13T07:24:55.780+0000] {processor.py:830} INFO - Processing file /opt/airflow/dags/dag.py for tasks to queue
[2026-05-13T07:24:55.781+0000] {logging_mixin.py:188} INFO - [2026-05-13T07:24:55.781+0000] {dagbag.py:538} INFO - Filling up the DagBag from /opt/airflow/dags/dag.py
[2026-05-13T07:24:55.801+0000] {logging_mixin.py:188} INFO - [2026-05-13T07:24:55.800+0000] {dagbag.py:348} ERROR - Failed to import: /opt/airflow/dags/dag.py
Traceback (most recent call last):
  File "/home/airflow/.local/lib/python3.11/site-packages/airflow/models/dagbag.py", line 344, in parse
    loader.exec_module(new_module)
  File "<frozen importlib._bootstrap_external>", line 936, in exec_module
  File "<frozen importlib._bootstrap_external>", line 1074, in get_code
  File "<frozen importlib._bootstrap_external>", line 1004, in source_to_code
  File "<frozen importlib._bootstrap>", line 241, in _call_with_frames_removed
  File "/opt/airflow/dags/dag.py", line 146
    task_id="entrenamiento_modelo"
            ^^^^^^^
SyntaxError: invalid syntax. Perhaps you forgot a comma?
[2026-05-13T07:24:55.801+0000] {processor.py:842} WARNING - No viable dags retrieved from /opt/airflow/dags/dag.py
[2026-05-13T07:24:55.818+0000] {processor.py:183} INFO - Processing /opt/airflow/dags/dag.py took 0.044 seconds
[2026-05-13T07:25:26.092+0000] {processor.py:161} INFO - Started process (PID=1353) to work on /opt/airflow/dags/dag.py
[2026-05-13T07:25:26.093+0000] {processor.py:830} INFO - Processing file /opt/airflow/dags/dag.py for tasks to queue
[2026-05-13T07:25:26.094+0000] {logging_mixin.py:188} INFO - [2026-05-13T07:25:26.094+0000] {dagbag.py:538} INFO - Filling up the DagBag from /opt/airflow/dags/dag.py
[2026-05-13T07:25:26.121+0000] {logging_mixin.py:188} INFO - [2026-05-13T07:25:26.120+0000] {dagbag.py:348} ERROR - Failed to import: /opt/airflow/dags/dag.py
Traceback (most recent call last):
  File "/home/airflow/.local/lib/python3.11/site-packages/airflow/models/dagbag.py", line 344, in parse
    loader.exec_module(new_module)
  File "<frozen importlib._bootstrap_external>", line 936, in exec_module
  File "<frozen importlib._bootstrap_external>", line 1074, in get_code
  File "<frozen importlib._bootstrap_external>", line 1004, in source_to_code
  File "<frozen importlib._bootstrap>", line 241, in _call_with_frames_removed
  File "/opt/airflow/dags/dag.py", line 146
    task_id="entrenamiento_modelo"
            ^^^^^^^
SyntaxError: invalid syntax. Perhaps you forgot a comma?
[2026-05-13T07:25:26.121+0000] {processor.py:842} WARNING - No viable dags retrieved from /opt/airflow/dags/dag.py
[2026-05-13T07:25:26.142+0000] {processor.py:183} INFO - Processing /opt/airflow/dags/dag.py took 0.052 seconds
[2026-05-13T07:25:37.272+0000] {processor.py:161} INFO - Started process (PID=1358) to work on /opt/airflow/dags/dag.py
[2026-05-13T07:25:37.274+0000] {processor.py:830} INFO - Processing file /opt/airflow/dags/dag.py for tasks to queue
[2026-05-13T07:25:37.275+0000] {logging_mixin.py:188} INFO - [2026-05-13T07:25:37.274+0000] {dagbag.py:538} INFO - Filling up the DagBag from /opt/airflow/dags/dag.py
[2026-05-13T07:25:37.298+0000] {logging_mixin.py:188} INFO - [2026-05-13T07:25:37.297+0000] {dagbag.py:348} ERROR - Failed to import: /opt/airflow/dags/dag.py
Traceback (most recent call last):
  File "/home/airflow/.local/lib/python3.11/site-packages/airflow/models/dagbag.py", line 344, in parse
    loader.exec_module(new_module)
  File "<frozen importlib._bootstrap_external>", line 936, in exec_module
  File "<frozen importlib._bootstrap_external>", line 1074, in get_code
  File "<frozen importlib._bootstrap_external>", line 1004, in source_to_code
  File "<frozen importlib._bootstrap>", line 241, in _call_with_frames_removed
  File "/opt/airflow/dags/dag.py", line 146
    task_id="entrenamiento_modelo"
            ^^^^^^^
SyntaxError: invalid syntax. Perhaps you forgot a comma?
[2026-05-13T07:25:37.300+0000] {processor.py:842} WARNING - No viable dags retrieved from /opt/airflow/dags/dag.py
[2026-05-13T07:25:37.323+0000] {processor.py:183} INFO - Processing /opt/airflow/dags/dag.py took 0.054 seconds
[2026-05-13T07:26:07.550+0000] {processor.py:161} INFO - Started process (PID=1363) to work on /opt/airflow/dags/dag.py
[2026-05-13T07:26:07.552+0000] {processor.py:830} INFO - Processing file /opt/airflow/dags/dag.py for tasks to queue
[2026-05-13T07:26:07.553+0000] {logging_mixin.py:188} INFO - [2026-05-13T07:26:07.553+0000] {dagbag.py:538} INFO - Filling up the DagBag from /opt/airflow/dags/dag.py
[2026-05-13T07:26:07.575+0000] {logging_mixin.py:188} INFO - [2026-05-13T07:26:07.574+0000] {dagbag.py:348} ERROR - Failed to import: /opt/airflow/dags/dag.py
Traceback (most recent call last):
  File "/home/airflow/.local/lib/python3.11/site-packages/airflow/models/dagbag.py", line 344, in parse
    loader.exec_module(new_module)
  File "<frozen importlib._bootstrap_external>", line 936, in exec_module
  File "<frozen importlib._bootstrap_external>", line 1074, in get_code
  File "<frozen importlib._bootstrap_external>", line 1004, in source_to_code
  File "<frozen importlib._bootstrap>", line 241, in _call_with_frames_removed
  File "/opt/airflow/dags/dag.py", line 146
    task_id="entrenamiento_modelo"
            ^^^^^^^
SyntaxError: invalid syntax. Perhaps you forgot a comma?
[2026-05-13T07:26:07.576+0000] {processor.py:842} WARNING - No viable dags retrieved from /opt/airflow/dags/dag.py
[2026-05-13T07:26:07.598+0000] {processor.py:183} INFO - Processing /opt/airflow/dags/dag.py took 0.050 seconds
[2026-05-13T07:26:37.912+0000] {processor.py:161} INFO - Started process (PID=1368) to work on /opt/airflow/dags/dag.py
[2026-05-13T07:26:37.913+0000] {processor.py:830} INFO - Processing file /opt/airflow/dags/dag.py for tasks to queue
[2026-05-13T07:26:37.914+0000] {logging_mixin.py:188} INFO - [2026-05-13T07:26:37.914+0000] {dagbag.py:538} INFO - Filling up the DagBag from /opt/airflow/dags/dag.py
[2026-05-13T07:26:37.931+0000] {logging_mixin.py:188} INFO - [2026-05-13T07:26:37.930+0000] {dagbag.py:348} ERROR - Failed to import: /opt/airflow/dags/dag.py
Traceback (most recent call last):
  File "/home/airflow/.local/lib/python3.11/site-packages/airflow/models/dagbag.py", line 344, in parse
    loader.exec_module(new_module)
  File "<frozen importlib._bootstrap_external>", line 936, in exec_module
  File "<frozen importlib._bootstrap_external>", line 1074, in get_code
  File "<frozen importlib._bootstrap_external>", line 1004, in source_to_code
  File "<frozen importlib._bootstrap>", line 241, in _call_with_frames_removed
  File "/opt/airflow/dags/dag.py", line 146
    task_id="entrenamiento_modelo"
            ^^^^^^^
SyntaxError: invalid syntax. Perhaps you forgot a comma?
[2026-05-13T07:26:37.931+0000] {processor.py:842} WARNING - No viable dags retrieved from /opt/airflow/dags/dag.py
[2026-05-13T07:26:37.949+0000] {processor.py:183} INFO - Processing /opt/airflow/dags/dag.py took 0.040 seconds
[2026-05-13T07:27:00.193+0000] {processor.py:161} INFO - Started process (PID=1373) to work on /opt/airflow/dags/dag.py
[2026-05-13T07:27:00.194+0000] {processor.py:830} INFO - Processing file /opt/airflow/dags/dag.py for tasks to queue
[2026-05-13T07:27:00.196+0000] {logging_mixin.py:188} INFO - [2026-05-13T07:27:00.195+0000] {dagbag.py:538} INFO - Filling up the DagBag from /opt/airflow/dags/dag.py
[2026-05-13T07:27:00.221+0000] {logging_mixin.py:188} INFO - [2026-05-13T07:27:00.220+0000] {dagbag.py:348} ERROR - Failed to import: /opt/airflow/dags/dag.py
Traceback (most recent call last):
  File "/home/airflow/.local/lib/python3.11/site-packages/airflow/models/dagbag.py", line 344, in parse
    loader.exec_module(new_module)
  File "<frozen importlib._bootstrap_external>", line 936, in exec_module
  File "<frozen importlib._bootstrap_external>", line 1074, in get_code
  File "<frozen importlib._bootstrap_external>", line 1004, in source_to_code
  File "<frozen importlib._bootstrap>", line 241, in _call_with_frames_removed
  File "/opt/airflow/dags/dag.py", line 150
    "model_path": "/opt/airflow/modelo/happiness_model.pkl"
                ^
SyntaxError: invalid syntax
[2026-05-13T07:27:00.222+0000] {processor.py:842} WARNING - No viable dags retrieved from /opt/airflow/dags/dag.py
[2026-05-13T07:27:00.241+0000] {processor.py:183} INFO - Processing /opt/airflow/dags/dag.py took 0.051 seconds
[2026-05-13T07:27:04.293+0000] {processor.py:161} INFO - Started process (PID=1378) to work on /opt/airflow/dags/dag.py
[2026-05-13T07:27:04.295+0000] {processor.py:830} INFO - Processing file /opt/airflow/dags/dag.py for tasks to queue
[2026-05-13T07:27:04.296+0000] {logging_mixin.py:188} INFO - [2026-05-13T07:27:04.295+0000] {dagbag.py:538} INFO - Filling up the DagBag from /opt/airflow/dags/dag.py
[2026-05-13T07:27:05.094+0000] {processor.py:840} INFO - DAG(s) 'workshop_etl_3' retrieved from /opt/airflow/dags/dag.py
[2026-05-13T07:27:05.182+0000] {logging_mixin.py:188} INFO - [2026-05-13T07:27:05.182+0000] {dag.py:3036} INFO - Sync 1 DAGs
[2026-05-13T07:27:05.190+0000] {logging_mixin.py:188} INFO - [2026-05-13T07:27:05.190+0000] {dag.py:3823} INFO - Setting next_dagrun for workshop_etl_3 to None, run_after=None
[2026-05-13T07:27:05.215+0000] {processor.py:183} INFO - Processing /opt/airflow/dags/dag.py took 0.925 seconds
[2026-05-13T07:27:08.325+0000] {processor.py:161} INFO - Started process (PID=1396) to work on /opt/airflow/dags/dag.py
[2026-05-13T07:27:08.327+0000] {processor.py:830} INFO - Processing file /opt/airflow/dags/dag.py for tasks to queue
[2026-05-13T07:27:08.328+0000] {logging_mixin.py:188} INFO - [2026-05-13T07:27:08.328+0000] {dagbag.py:538} INFO - Filling up the DagBag from /opt/airflow/dags/dag.py
[2026-05-13T07:27:09.152+0000] {processor.py:840} INFO - DAG(s) 'workshop_etl_3' retrieved from /opt/airflow/dags/dag.py
[2026-05-13T07:27:09.162+0000] {logging_mixin.py:188} INFO - [2026-05-13T07:27:09.161+0000] {dag.py:3036} INFO - Sync 1 DAGs
[2026-05-13T07:27:09.171+0000] {logging_mixin.py:188} INFO - [2026-05-13T07:27:09.171+0000] {dag.py:3823} INFO - Setting next_dagrun for workshop_etl_3 to None, run_after=None
[2026-05-13T07:27:09.196+0000] {processor.py:183} INFO - Processing /opt/airflow/dags/dag.py took 0.874 seconds
[2026-05-13T07:27:32.490+0000] {processor.py:161} INFO - Started process (PID=1414) to work on /opt/airflow/dags/dag.py
[2026-05-13T07:27:32.492+0000] {processor.py:830} INFO - Processing file /opt/airflow/dags/dag.py for tasks to queue
[2026-05-13T07:27:32.494+0000] {logging_mixin.py:188} INFO - [2026-05-13T07:27:32.493+0000] {dagbag.py:538} INFO - Filling up the DagBag from /opt/airflow/dags/dag.py
[2026-05-13T07:27:33.287+0000] {processor.py:840} INFO - DAG(s) 'workshop_etl_3' retrieved from /opt/airflow/dags/dag.py
[2026-05-13T07:27:33.296+0000] {logging_mixin.py:188} INFO - [2026-05-13T07:27:33.295+0000] {dag.py:3036} INFO - Sync 1 DAGs
[2026-05-13T07:27:33.305+0000] {logging_mixin.py:188} INFO - [2026-05-13T07:27:33.304+0000] {dag.py:3823} INFO - Setting next_dagrun for workshop_etl_3 to None, run_after=None
[2026-05-13T07:27:33.379+0000] {processor.py:183} INFO - Processing /opt/airflow/dags/dag.py took 0.894 seconds
[2026-05-13T07:27:34.503+0000] {processor.py:161} INFO - Started process (PID=1432) to work on /opt/airflow/dags/dag.py
[2026-05-13T07:27:34.505+0000] {processor.py:830} INFO - Processing file /opt/airflow/dags/dag.py for tasks to queue
[2026-05-13T07:27:34.506+0000] {logging_mixin.py:188} INFO - [2026-05-13T07:27:34.506+0000] {dagbag.py:538} INFO - Filling up the DagBag from /opt/airflow/dags/dag.py
[2026-05-13T07:27:35.197+0000] {processor.py:840} INFO - DAG(s) 'workshop_etl_3' retrieved from /opt/airflow/dags/dag.py
[2026-05-13T07:27:35.258+0000] {logging_mixin.py:188} INFO - [2026-05-13T07:27:35.258+0000] {dag.py:3036} INFO - Sync 1 DAGs
[2026-05-13T07:27:35.266+0000] {logging_mixin.py:188} INFO - [2026-05-13T07:27:35.265+0000] {dag.py:3823} INFO - Setting next_dagrun for workshop_etl_3 to None, run_after=None
[2026-05-13T07:27:35.294+0000] {processor.py:183} INFO - Processing /opt/airflow/dags/dag.py took 0.794 seconds
[2026-05-13T07:27:52.722+0000] {processor.py:161} INFO - Started process (PID=1450) to work on /opt/airflow/dags/dag.py
[2026-05-13T07:27:52.723+0000] {processor.py:830} INFO - Processing file /opt/airflow/dags/dag.py for tasks to queue
[2026-05-13T07:27:52.725+0000] {logging_mixin.py:188} INFO - [2026-05-13T07:27:52.725+0000] {dagbag.py:538} INFO - Filling up the DagBag from /opt/airflow/dags/dag.py
[2026-05-13T07:27:53.494+0000] {processor.py:840} INFO - DAG(s) 'workshop_etl_3' retrieved from /opt/airflow/dags/dag.py
[2026-05-13T07:27:53.502+0000] {logging_mixin.py:188} INFO - [2026-05-13T07:27:53.502+0000] {dag.py:3036} INFO - Sync 1 DAGs
[2026-05-13T07:27:53.510+0000] {logging_mixin.py:188} INFO - [2026-05-13T07:27:53.510+0000] {dag.py:3823} INFO - Setting next_dagrun for workshop_etl_3 to None, run_after=None
[2026-05-13T07:27:53.534+0000] {processor.py:183} INFO - Processing /opt/airflow/dags/dag.py took 0.816 seconds
[2026-05-13T07:28:04.642+0000] {processor.py:161} INFO - Started process (PID=1468) to work on /opt/airflow/dags/dag.py
[2026-05-13T07:28:04.643+0000] {processor.py:830} INFO - Processing file /opt/airflow/dags/dag.py for tasks to queue
[2026-05-13T07:28:04.644+0000] {logging_mixin.py:188} INFO - [2026-05-13T07:28:04.643+0000] {dagbag.py:538} INFO - Filling up the DagBag from /opt/airflow/dags/dag.py
[2026-05-13T07:28:05.510+0000] {processor.py:840} INFO - DAG(s) 'workshop_etl_3' retrieved from /opt/airflow/dags/dag.py
[2026-05-13T07:28:05.528+0000] {logging_mixin.py:188} INFO - [2026-05-13T07:28:05.528+0000] {dag.py:3036} INFO - Sync 1 DAGs
[2026-05-13T07:28:05.536+0000] {logging_mixin.py:188} INFO - [2026-05-13T07:28:05.536+0000] {dag.py:3823} INFO - Setting next_dagrun for workshop_etl_3 to None, run_after=None
[2026-05-13T07:28:05.556+0000] {processor.py:183} INFO - Processing /opt/airflow/dags/dag.py took 0.917 seconds
[2026-05-13T07:28:06.658+0000] {processor.py:161} INFO - Started process (PID=1486) to work on /opt/airflow/dags/dag.py
[2026-05-13T07:28:06.659+0000] {processor.py:830} INFO - Processing file /opt/airflow/dags/dag.py for tasks to queue
[2026-05-13T07:28:06.660+0000] {logging_mixin.py:188} INFO - [2026-05-13T07:28:06.660+0000] {dagbag.py:538} INFO - Filling up the DagBag from /opt/airflow/dags/dag.py
[2026-05-13T07:28:07.430+0000] {processor.py:840} INFO - DAG(s) 'workshop_etl_3' retrieved from /opt/airflow/dags/dag.py
[2026-05-13T07:28:07.446+0000] {logging_mixin.py:188} INFO - [2026-05-13T07:28:07.445+0000] {dag.py:3036} INFO - Sync 1 DAGs
[2026-05-13T07:28:07.453+0000] {logging_mixin.py:188} INFO - [2026-05-13T07:28:07.453+0000] {dag.py:3823} INFO - Setting next_dagrun for workshop_etl_3 to None, run_after=None
[2026-05-13T07:28:07.478+0000] {processor.py:183} INFO - Processing /opt/airflow/dags/dag.py took 0.822 seconds
[2026-05-13T07:28:07.736+0000] {processor.py:161} INFO - Started process (PID=1504) to work on /opt/airflow/dags/dag.py
[2026-05-13T07:28:07.738+0000] {processor.py:830} INFO - Processing file /opt/airflow/dags/dag.py for tasks to queue
[2026-05-13T07:28:07.739+0000] {logging_mixin.py:188} INFO - [2026-05-13T07:28:07.739+0000] {dagbag.py:538} INFO - Filling up the DagBag from /opt/airflow/dags/dag.py
[2026-05-13T07:28:07.773+0000] {logging_mixin.py:188} INFO - [2026-05-13T07:28:07.771+0000] {dagbag.py:348} ERROR - Failed to import: /opt/airflow/dags/dag.py
Traceback (most recent call last):
  File "/home/airflow/.local/lib/python3.11/site-packages/airflow/models/dagbag.py", line 344, in parse
    loader.exec_module(new_module)
  File "<frozen importlib._bootstrap_external>", line 936, in exec_module
  File "<frozen importlib._bootstrap_external>", line 1074, in get_code
  File "<frozen importlib._bootstrap_external>", line 1004, in source_to_code
  File "<frozen importlib._bootstrap>", line 241, in _call_with_frames_removed
  File "/opt/airflow/dags/dag.py", line 166
    task_concat >>
                  ^
SyntaxError: invalid syntax
[2026-05-13T07:28:07.774+0000] {processor.py:842} WARNING - No viable dags retrieved from /opt/airflow/dags/dag.py
[2026-05-13T07:28:07.789+0000] {processor.py:183} INFO - Processing /opt/airflow/dags/dag.py took 0.057 seconds
[2026-05-13T07:28:09.798+0000] {processor.py:161} INFO - Started process (PID=1509) to work on /opt/airflow/dags/dag.py
[2026-05-13T07:28:09.800+0000] {processor.py:830} INFO - Processing file /opt/airflow/dags/dag.py for tasks to queue
[2026-05-13T07:28:09.801+0000] {logging_mixin.py:188} INFO - [2026-05-13T07:28:09.800+0000] {dagbag.py:538} INFO - Filling up the DagBag from /opt/airflow/dags/dag.py
[2026-05-13T07:28:09.825+0000] {logging_mixin.py:188} INFO - [2026-05-13T07:28:09.824+0000] {dagbag.py:348} ERROR - Failed to import: /opt/airflow/dags/dag.py
Traceback (most recent call last):
  File "/home/airflow/.local/lib/python3.11/site-packages/airflow/models/dagbag.py", line 344, in parse
    loader.exec_module(new_module)
  File "<frozen importlib._bootstrap_external>", line 936, in exec_module
  File "<frozen importlib._bootstrap_external>", line 1074, in get_code
  File "<frozen importlib._bootstrap_external>", line 1004, in source_to_code
  File "<frozen importlib._bootstrap>", line 241, in _call_with_frames_removed
  File "/opt/airflow/dags/dag.py", line 166
    task_concat >> 
                   ^
SyntaxError: invalid syntax
[2026-05-13T07:28:09.826+0000] {processor.py:842} WARNING - No viable dags retrieved from /opt/airflow/dags/dag.py
[2026-05-13T07:28:09.843+0000] {processor.py:183} INFO - Processing /opt/airflow/dags/dag.py took 0.047 seconds
[2026-05-13T07:28:12.935+0000] {processor.py:161} INFO - Started process (PID=1514) to work on /opt/airflow/dags/dag.py
[2026-05-13T07:28:12.936+0000] {processor.py:830} INFO - Processing file /opt/airflow/dags/dag.py for tasks to queue
[2026-05-13T07:28:12.937+0000] {logging_mixin.py:188} INFO - [2026-05-13T07:28:12.937+0000] {dagbag.py:538} INFO - Filling up the DagBag from /opt/airflow/dags/dag.py
[2026-05-13T07:28:13.805+0000] {processor.py:840} INFO - DAG(s) 'workshop_etl_3' retrieved from /opt/airflow/dags/dag.py
[2026-05-13T07:28:13.874+0000] {logging_mixin.py:188} INFO - [2026-05-13T07:28:13.874+0000] {dag.py:3036} INFO - Sync 1 DAGs
[2026-05-13T07:28:13.881+0000] {logging_mixin.py:188} INFO - [2026-05-13T07:28:13.881+0000] {dag.py:3823} INFO - Setting next_dagrun for workshop_etl_3 to None, run_after=None
[2026-05-13T07:28:13.911+0000] {processor.py:183} INFO - Processing /opt/airflow/dags/dag.py took 0.978 seconds
[2026-05-13T07:28:44.226+0000] {processor.py:161} INFO - Started process (PID=1532) to work on /opt/airflow/dags/dag.py
[2026-05-13T07:28:44.227+0000] {processor.py:830} INFO - Processing file /opt/airflow/dags/dag.py for tasks to queue
[2026-05-13T07:28:44.228+0000] {logging_mixin.py:188} INFO - [2026-05-13T07:28:44.228+0000] {dagbag.py:538} INFO - Filling up the DagBag from /opt/airflow/dags/dag.py
[2026-05-13T07:28:45.021+0000] {processor.py:840} INFO - DAG(s) 'workshop_etl_3' retrieved from /opt/airflow/dags/dag.py
[2026-05-13T07:28:45.040+0000] {logging_mixin.py:188} INFO - [2026-05-13T07:28:45.040+0000] {dag.py:3036} INFO - Sync 1 DAGs
[2026-05-13T07:28:45.049+0000] {logging_mixin.py:188} INFO - [2026-05-13T07:28:45.049+0000] {dag.py:3823} INFO - Setting next_dagrun for workshop_etl_3 to None, run_after=None
[2026-05-13T07:28:45.071+0000] {processor.py:183} INFO - Processing /opt/airflow/dags/dag.py took 0.848 seconds
[2026-05-13T07:29:15.413+0000] {processor.py:161} INFO - Started process (PID=1550) to work on /opt/airflow/dags/dag.py
[2026-05-13T07:29:15.414+0000] {processor.py:830} INFO - Processing file /opt/airflow/dags/dag.py for tasks to queue
[2026-05-13T07:29:15.416+0000] {logging_mixin.py:188} INFO - [2026-05-13T07:29:15.415+0000] {dagbag.py:538} INFO - Filling up the DagBag from /opt/airflow/dags/dag.py
[2026-05-13T07:29:16.156+0000] {processor.py:840} INFO - DAG(s) 'workshop_etl_3' retrieved from /opt/airflow/dags/dag.py
[2026-05-13T07:29:16.175+0000] {logging_mixin.py:188} INFO - [2026-05-13T07:29:16.174+0000] {dag.py:3036} INFO - Sync 1 DAGs
[2026-05-13T07:29:16.182+0000] {logging_mixin.py:188} INFO - [2026-05-13T07:29:16.182+0000] {dag.py:3823} INFO - Setting next_dagrun for workshop_etl_3 to None, run_after=None
[2026-05-13T07:29:16.200+0000] {processor.py:183} INFO - Processing /opt/airflow/dags/dag.py took 0.789 seconds
[2026-05-13T07:29:46.576+0000] {processor.py:161} INFO - Started process (PID=1568) to work on /opt/airflow/dags/dag.py
[2026-05-13T07:29:46.577+0000] {processor.py:830} INFO - Processing file /opt/airflow/dags/dag.py for tasks to queue
[2026-05-13T07:29:46.578+0000] {logging_mixin.py:188} INFO - [2026-05-13T07:29:46.578+0000] {dagbag.py:538} INFO - Filling up the DagBag from /opt/airflow/dags/dag.py
[2026-05-13T07:29:47.320+0000] {processor.py:840} INFO - DAG(s) 'workshop_etl_3' retrieved from /opt/airflow/dags/dag.py
[2026-05-13T07:29:47.339+0000] {logging_mixin.py:188} INFO - [2026-05-13T07:29:47.339+0000] {dag.py:3036} INFO - Sync 1 DAGs
[2026-05-13T07:29:47.351+0000] {logging_mixin.py:188} INFO - [2026-05-13T07:29:47.351+0000] {dag.py:3823} INFO - Setting next_dagrun for workshop_etl_3 to None, run_after=None
[2026-05-13T07:29:47.388+0000] {processor.py:183} INFO - Processing /opt/airflow/dags/dag.py took 0.815 seconds
[2026-05-13T07:30:17.686+0000] {processor.py:161} INFO - Started process (PID=1586) to work on /opt/airflow/dags/dag.py
[2026-05-13T07:30:17.687+0000] {processor.py:830} INFO - Processing file /opt/airflow/dags/dag.py for tasks to queue
[2026-05-13T07:30:17.688+0000] {logging_mixin.py:188} INFO - [2026-05-13T07:30:17.688+0000] {dagbag.py:538} INFO - Filling up the DagBag from /opt/airflow/dags/dag.py
[2026-05-13T07:30:18.422+0000] {processor.py:840} INFO - DAG(s) 'workshop_etl_3' retrieved from /opt/airflow/dags/dag.py
[2026-05-13T07:30:18.440+0000] {logging_mixin.py:188} INFO - [2026-05-13T07:30:18.440+0000] {dag.py:3036} INFO - Sync 1 DAGs
[2026-05-13T07:30:18.449+0000] {logging_mixin.py:188} INFO - [2026-05-13T07:30:18.449+0000] {dag.py:3823} INFO - Setting next_dagrun for workshop_etl_3 to None, run_after=None
[2026-05-13T07:30:18.469+0000] {processor.py:183} INFO - Processing /opt/airflow/dags/dag.py took 0.785 seconds
[2026-05-13T07:30:48.806+0000] {processor.py:161} INFO - Started process (PID=1604) to work on /opt/airflow/dags/dag.py
[2026-05-13T07:30:48.807+0000] {processor.py:830} INFO - Processing file /opt/airflow/dags/dag.py for tasks to queue
[2026-05-13T07:30:48.808+0000] {logging_mixin.py:188} INFO - [2026-05-13T07:30:48.808+0000] {dagbag.py:538} INFO - Filling up the DagBag from /opt/airflow/dags/dag.py
[2026-05-13T07:30:49.521+0000] {processor.py:840} INFO - DAG(s) 'workshop_etl_3' retrieved from /opt/airflow/dags/dag.py
[2026-05-13T07:30:49.540+0000] {logging_mixin.py:188} INFO - [2026-05-13T07:30:49.540+0000] {dag.py:3036} INFO - Sync 1 DAGs
[2026-05-13T07:30:49.554+0000] {logging_mixin.py:188} INFO - [2026-05-13T07:30:49.554+0000] {dag.py:3823} INFO - Setting next_dagrun for workshop_etl_3 to None, run_after=None
[2026-05-13T07:30:49.576+0000] {processor.py:183} INFO - Processing /opt/airflow/dags/dag.py took 0.773 seconds
[2026-05-13T07:31:19.765+0000] {processor.py:161} INFO - Started process (PID=1622) to work on /opt/airflow/dags/dag.py
[2026-05-13T07:31:19.774+0000] {processor.py:830} INFO - Processing file /opt/airflow/dags/dag.py for tasks to queue
[2026-05-13T07:31:19.776+0000] {logging_mixin.py:188} INFO - [2026-05-13T07:31:19.775+0000] {dagbag.py:538} INFO - Filling up the DagBag from /opt/airflow/dags/dag.py
[2026-05-13T07:31:21.489+0000] {processor.py:840} INFO - DAG(s) 'workshop_etl_3' retrieved from /opt/airflow/dags/dag.py
[2026-05-13T07:31:21.539+0000] {logging_mixin.py:188} INFO - [2026-05-13T07:31:21.538+0000] {dag.py:3036} INFO - Sync 1 DAGs
[2026-05-13T07:31:21.564+0000] {logging_mixin.py:188} INFO - [2026-05-13T07:31:21.563+0000] {dag.py:3823} INFO - Setting next_dagrun for workshop_etl_3 to None, run_after=None
[2026-05-13T07:31:21.618+0000] {processor.py:183} INFO - Processing /opt/airflow/dags/dag.py took 1.863 seconds
[2026-05-13T09:45:07.602+0000] {processor.py:161} INFO - Started process (PID=1644) to work on /opt/airflow/dags/dag.py
[2026-05-13T09:45:07.618+0000] {processor.py:830} INFO - Processing file /opt/airflow/dags/dag.py for tasks to queue
[2026-05-13T09:45:07.636+0000] {logging_mixin.py:188} INFO - [2026-05-13T09:45:07.636+0000] {dagbag.py:538} INFO - Filling up the DagBag from /opt/airflow/dags/dag.py
[2026-05-13T09:45:11.858+0000] {processor.py:840} INFO - DAG(s) 'workshop_etl_3' retrieved from /opt/airflow/dags/dag.py
[2026-05-13T09:45:11.915+0000] {logging_mixin.py:188} INFO - [2026-05-13T09:45:11.914+0000] {dag.py:3036} INFO - Sync 1 DAGs
[2026-05-13T09:45:11.939+0000] {logging_mixin.py:188} INFO - [2026-05-13T09:45:11.939+0000] {dag.py:3823} INFO - Setting next_dagrun for workshop_etl_3 to None, run_after=None
[2026-05-13T09:45:11.992+0000] {processor.py:183} INFO - Processing /opt/airflow/dags/dag.py took 4.400 seconds
[2026-05-13T09:45:42.570+0000] {processor.py:161} INFO - Started process (PID=1662) to work on /opt/airflow/dags/dag.py
[2026-05-13T09:45:42.573+0000] {processor.py:830} INFO - Processing file /opt/airflow/dags/dag.py for tasks to queue
[2026-05-13T09:45:42.576+0000] {logging_mixin.py:188} INFO - [2026-05-13T09:45:42.575+0000] {dagbag.py:538} INFO - Filling up the DagBag from /opt/airflow/dags/dag.py
[2026-05-13T09:45:44.065+0000] {processor.py:840} INFO - DAG(s) 'workshop_etl_3' retrieved from /opt/airflow/dags/dag.py
[2026-05-13T09:45:44.102+0000] {logging_mixin.py:188} INFO - [2026-05-13T09:45:44.101+0000] {dag.py:3036} INFO - Sync 1 DAGs
[2026-05-13T09:45:44.119+0000] {logging_mixin.py:188} INFO - [2026-05-13T09:45:44.118+0000] {dag.py:3823} INFO - Setting next_dagrun for workshop_etl_3 to None, run_after=None
[2026-05-13T09:45:44.161+0000] {processor.py:183} INFO - Processing /opt/airflow/dags/dag.py took 1.598 seconds
[2026-05-13T09:46:14.397+0000] {processor.py:161} INFO - Started process (PID=1680) to work on /opt/airflow/dags/dag.py
[2026-05-13T09:46:14.399+0000] {processor.py:830} INFO - Processing file /opt/airflow/dags/dag.py for tasks to queue
[2026-05-13T09:46:14.402+0000] {logging_mixin.py:188} INFO - [2026-05-13T09:46:14.401+0000] {dagbag.py:538} INFO - Filling up the DagBag from /opt/airflow/dags/dag.py
[2026-05-13T09:46:15.779+0000] {processor.py:840} INFO - DAG(s) 'workshop_etl_3' retrieved from /opt/airflow/dags/dag.py
[2026-05-13T09:46:15.820+0000] {logging_mixin.py:188} INFO - [2026-05-13T09:46:15.819+0000] {dag.py:3036} INFO - Sync 1 DAGs
[2026-05-13T09:46:15.836+0000] {logging_mixin.py:188} INFO - [2026-05-13T09:46:15.836+0000] {dag.py:3823} INFO - Setting next_dagrun for workshop_etl_3 to None, run_after=None
[2026-05-13T09:46:15.883+0000] {processor.py:183} INFO - Processing /opt/airflow/dags/dag.py took 1.490 seconds
[2026-05-13T09:46:46.276+0000] {processor.py:161} INFO - Started process (PID=1698) to work on /opt/airflow/dags/dag.py
[2026-05-13T09:46:46.279+0000] {processor.py:830} INFO - Processing file /opt/airflow/dags/dag.py for tasks to queue
[2026-05-13T09:46:46.281+0000] {logging_mixin.py:188} INFO - [2026-05-13T09:46:46.280+0000] {dagbag.py:538} INFO - Filling up the DagBag from /opt/airflow/dags/dag.py
[2026-05-13T09:46:47.752+0000] {processor.py:840} INFO - DAG(s) 'workshop_etl_3' retrieved from /opt/airflow/dags/dag.py
[2026-05-13T09:46:47.791+0000] {logging_mixin.py:188} INFO - [2026-05-13T09:46:47.791+0000] {dag.py:3036} INFO - Sync 1 DAGs
[2026-05-13T09:46:47.809+0000] {logging_mixin.py:188} INFO - [2026-05-13T09:46:47.808+0000] {dag.py:3823} INFO - Setting next_dagrun for workshop_etl_3 to None, run_after=None
[2026-05-13T09:46:47.859+0000] {processor.py:183} INFO - Processing /opt/airflow/dags/dag.py took 1.590 seconds
[2026-05-13T09:47:18.181+0000] {processor.py:161} INFO - Started process (PID=1716) to work on /opt/airflow/dags/dag.py
[2026-05-13T09:47:18.183+0000] {processor.py:830} INFO - Processing file /opt/airflow/dags/dag.py for tasks to queue
[2026-05-13T09:47:18.185+0000] {logging_mixin.py:188} INFO - [2026-05-13T09:47:18.184+0000] {dagbag.py:538} INFO - Filling up the DagBag from /opt/airflow/dags/dag.py
[2026-05-13T09:47:19.561+0000] {processor.py:840} INFO - DAG(s) 'workshop_etl_3' retrieved from /opt/airflow/dags/dag.py
[2026-05-13T09:47:19.598+0000] {logging_mixin.py:188} INFO - [2026-05-13T09:47:19.597+0000] {dag.py:3036} INFO - Sync 1 DAGs
[2026-05-13T09:47:19.610+0000] {logging_mixin.py:188} INFO - [2026-05-13T09:47:19.610+0000] {dag.py:3823} INFO - Setting next_dagrun for workshop_etl_3 to None, run_after=None
[2026-05-13T09:47:19.652+0000] {processor.py:183} INFO - Processing /opt/airflow/dags/dag.py took 1.475 seconds
[2026-05-13T09:47:50.054+0000] {processor.py:161} INFO - Started process (PID=1734) to work on /opt/airflow/dags/dag.py
[2026-05-13T09:47:50.057+0000] {processor.py:830} INFO - Processing file /opt/airflow/dags/dag.py for tasks to queue
[2026-05-13T09:47:50.060+0000] {logging_mixin.py:188} INFO - [2026-05-13T09:47:50.059+0000] {dagbag.py:538} INFO - Filling up the DagBag from /opt/airflow/dags/dag.py
[2026-05-13T09:47:51.476+0000] {processor.py:840} INFO - DAG(s) 'workshop_etl_3' retrieved from /opt/airflow/dags/dag.py
[2026-05-13T09:47:51.520+0000] {logging_mixin.py:188} INFO - [2026-05-13T09:47:51.519+0000] {dag.py:3036} INFO - Sync 1 DAGs
[2026-05-13T09:47:51.538+0000] {logging_mixin.py:188} INFO - [2026-05-13T09:47:51.538+0000] {dag.py:3823} INFO - Setting next_dagrun for workshop_etl_3 to None, run_after=None
[2026-05-13T09:47:51.590+0000] {processor.py:183} INFO - Processing /opt/airflow/dags/dag.py took 1.544 seconds
[2026-05-13T09:48:21.869+0000] {processor.py:161} INFO - Started process (PID=1752) to work on /opt/airflow/dags/dag.py
[2026-05-13T09:48:21.872+0000] {processor.py:830} INFO - Processing file /opt/airflow/dags/dag.py for tasks to queue
[2026-05-13T09:48:21.874+0000] {logging_mixin.py:188} INFO - [2026-05-13T09:48:21.873+0000] {dagbag.py:538} INFO - Filling up the DagBag from /opt/airflow/dags/dag.py
[2026-05-13T09:48:23.334+0000] {processor.py:840} INFO - DAG(s) 'workshop_etl_3' retrieved from /opt/airflow/dags/dag.py
[2026-05-13T09:48:23.368+0000] {logging_mixin.py:188} INFO - [2026-05-13T09:48:23.368+0000] {dag.py:3036} INFO - Sync 1 DAGs
[2026-05-13T09:48:23.385+0000] {logging_mixin.py:188} INFO - [2026-05-13T09:48:23.385+0000] {dag.py:3823} INFO - Setting next_dagrun for workshop_etl_3 to None, run_after=None
[2026-05-13T09:48:23.440+0000] {processor.py:183} INFO - Processing /opt/airflow/dags/dag.py took 1.577 seconds
[2026-05-13T09:48:53.858+0000] {processor.py:161} INFO - Started process (PID=1770) to work on /opt/airflow/dags/dag.py
[2026-05-13T09:48:53.863+0000] {processor.py:830} INFO - Processing file /opt/airflow/dags/dag.py for tasks to queue
[2026-05-13T09:48:53.867+0000] {logging_mixin.py:188} INFO - [2026-05-13T09:48:53.865+0000] {dagbag.py:538} INFO - Filling up the DagBag from /opt/airflow/dags/dag.py
[2026-05-13T09:48:55.257+0000] {processor.py:840} INFO - DAG(s) 'workshop_etl_3' retrieved from /opt/airflow/dags/dag.py
[2026-05-13T09:48:55.293+0000] {logging_mixin.py:188} INFO - [2026-05-13T09:48:55.293+0000] {dag.py:3036} INFO - Sync 1 DAGs
[2026-05-13T09:48:55.310+0000] {logging_mixin.py:188} INFO - [2026-05-13T09:48:55.310+0000] {dag.py:3823} INFO - Setting next_dagrun for workshop_etl_3 to None, run_after=None
[2026-05-13T09:48:55.360+0000] {processor.py:183} INFO - Processing /opt/airflow/dags/dag.py took 1.508 seconds
[2026-05-13T09:49:25.608+0000] {processor.py:161} INFO - Started process (PID=1788) to work on /opt/airflow/dags/dag.py
[2026-05-13T09:49:25.611+0000] {processor.py:830} INFO - Processing file /opt/airflow/dags/dag.py for tasks to queue
[2026-05-13T09:49:25.613+0000] {logging_mixin.py:188} INFO - [2026-05-13T09:49:25.613+0000] {dagbag.py:538} INFO - Filling up the DagBag from /opt/airflow/dags/dag.py
[2026-05-13T09:49:26.972+0000] {processor.py:840} INFO - DAG(s) 'workshop_etl_3' retrieved from /opt/airflow/dags/dag.py
[2026-05-13T09:49:27.016+0000] {logging_mixin.py:188} INFO - [2026-05-13T09:49:27.016+0000] {dag.py:3036} INFO - Sync 1 DAGs
[2026-05-13T09:49:27.034+0000] {logging_mixin.py:188} INFO - [2026-05-13T09:49:27.033+0000] {dag.py:3823} INFO - Setting next_dagrun for workshop_etl_3 to None, run_after=None
[2026-05-13T09:49:27.083+0000] {processor.py:183} INFO - Processing /opt/airflow/dags/dag.py took 1.481 seconds
[2026-05-13T09:49:57.502+0000] {processor.py:161} INFO - Started process (PID=1806) to work on /opt/airflow/dags/dag.py
[2026-05-13T09:49:57.505+0000] {processor.py:830} INFO - Processing file /opt/airflow/dags/dag.py for tasks to queue
[2026-05-13T09:49:57.508+0000] {logging_mixin.py:188} INFO - [2026-05-13T09:49:57.507+0000] {dagbag.py:538} INFO - Filling up the DagBag from /opt/airflow/dags/dag.py
[2026-05-13T09:49:58.949+0000] {processor.py:840} INFO - DAG(s) 'workshop_etl_3' retrieved from /opt/airflow/dags/dag.py
[2026-05-13T09:49:58.991+0000] {logging_mixin.py:188} INFO - [2026-05-13T09:49:58.990+0000] {dag.py:3036} INFO - Sync 1 DAGs
[2026-05-13T09:49:59.011+0000] {logging_mixin.py:188} INFO - [2026-05-13T09:49:59.010+0000] {dag.py:3823} INFO - Setting next_dagrun for workshop_etl_3 to None, run_after=None
[2026-05-13T09:49:59.067+0000] {processor.py:183} INFO - Processing /opt/airflow/dags/dag.py took 1.573 seconds
[2026-05-13T09:50:29.511+0000] {processor.py:161} INFO - Started process (PID=1824) to work on /opt/airflow/dags/dag.py
[2026-05-13T09:50:29.514+0000] {processor.py:830} INFO - Processing file /opt/airflow/dags/dag.py for tasks to queue
[2026-05-13T09:50:29.516+0000] {logging_mixin.py:188} INFO - [2026-05-13T09:50:29.516+0000] {dagbag.py:538} INFO - Filling up the DagBag from /opt/airflow/dags/dag.py
[2026-05-13T09:50:31.032+0000] {processor.py:840} INFO - DAG(s) 'workshop_etl_3' retrieved from /opt/airflow/dags/dag.py
[2026-05-13T09:50:31.070+0000] {logging_mixin.py:188} INFO - [2026-05-13T09:50:31.070+0000] {dag.py:3036} INFO - Sync 1 DAGs
[2026-05-13T09:50:31.089+0000] {logging_mixin.py:188} INFO - [2026-05-13T09:50:31.088+0000] {dag.py:3823} INFO - Setting next_dagrun for workshop_etl_3 to None, run_after=None
[2026-05-13T09:50:31.143+0000] {processor.py:183} INFO - Processing /opt/airflow/dags/dag.py took 1.637 seconds
[2026-05-13T09:51:01.578+0000] {processor.py:161} INFO - Started process (PID=1842) to work on /opt/airflow/dags/dag.py
[2026-05-13T09:51:01.580+0000] {processor.py:830} INFO - Processing file /opt/airflow/dags/dag.py for tasks to queue
[2026-05-13T09:51:01.582+0000] {logging_mixin.py:188} INFO - [2026-05-13T09:51:01.582+0000] {dagbag.py:538} INFO - Filling up the DagBag from /opt/airflow/dags/dag.py
[2026-05-13T09:51:03.087+0000] {processor.py:840} INFO - DAG(s) 'workshop_etl_3' retrieved from /opt/airflow/dags/dag.py
[2026-05-13T09:51:03.114+0000] {logging_mixin.py:188} INFO - [2026-05-13T09:51:03.114+0000] {dag.py:3036} INFO - Sync 1 DAGs
[2026-05-13T09:51:03.130+0000] {logging_mixin.py:188} INFO - [2026-05-13T09:51:03.129+0000] {dag.py:3823} INFO - Setting next_dagrun for workshop_etl_3 to None, run_after=None
[2026-05-13T09:51:03.171+0000] {processor.py:183} INFO - Processing /opt/airflow/dags/dag.py took 1.600 seconds
[2026-05-13T09:51:33.596+0000] {processor.py:161} INFO - Started process (PID=1860) to work on /opt/airflow/dags/dag.py
[2026-05-13T09:51:33.599+0000] {processor.py:830} INFO - Processing file /opt/airflow/dags/dag.py for tasks to queue
[2026-05-13T09:51:33.601+0000] {logging_mixin.py:188} INFO - [2026-05-13T09:51:33.601+0000] {dagbag.py:538} INFO - Filling up the DagBag from /opt/airflow/dags/dag.py
[2026-05-13T09:51:35.022+0000] {processor.py:840} INFO - DAG(s) 'workshop_etl_3' retrieved from /opt/airflow/dags/dag.py
[2026-05-13T09:51:35.061+0000] {logging_mixin.py:188} INFO - [2026-05-13T09:51:35.060+0000] {dag.py:3036} INFO - Sync 1 DAGs
[2026-05-13T09:51:35.090+0000] {logging_mixin.py:188} INFO - [2026-05-13T09:51:35.088+0000] {dag.py:3823} INFO - Setting next_dagrun for workshop_etl_3 to None, run_after=None
[2026-05-13T09:51:35.132+0000] {processor.py:183} INFO - Processing /opt/airflow/dags/dag.py took 1.542 seconds
[2026-05-13T09:52:05.483+0000] {processor.py:161} INFO - Started process (PID=1878) to work on /opt/airflow/dags/dag.py
[2026-05-13T09:52:05.486+0000] {processor.py:830} INFO - Processing file /opt/airflow/dags/dag.py for tasks to queue
[2026-05-13T09:52:05.488+0000] {logging_mixin.py:188} INFO - [2026-05-13T09:52:05.487+0000] {dagbag.py:538} INFO - Filling up the DagBag from /opt/airflow/dags/dag.py
[2026-05-13T09:52:06.921+0000] {processor.py:840} INFO - DAG(s) 'workshop_etl_3' retrieved from /opt/airflow/dags/dag.py
[2026-05-13T09:52:06.953+0000] {logging_mixin.py:188} INFO - [2026-05-13T09:52:06.952+0000] {dag.py:3036} INFO - Sync 1 DAGs
[2026-05-13T09:52:06.968+0000] {logging_mixin.py:188} INFO - [2026-05-13T09:52:06.968+0000] {dag.py:3823} INFO - Setting next_dagrun for workshop_etl_3 to None, run_after=None
[2026-05-13T09:52:07.002+0000] {processor.py:183} INFO - Processing /opt/airflow/dags/dag.py took 1.524 seconds
[2026-05-13T09:52:37.433+0000] {processor.py:161} INFO - Started process (PID=1896) to work on /opt/airflow/dags/dag.py
[2026-05-13T09:52:37.436+0000] {processor.py:830} INFO - Processing file /opt/airflow/dags/dag.py for tasks to queue
[2026-05-13T09:52:37.439+0000] {logging_mixin.py:188} INFO - [2026-05-13T09:52:37.438+0000] {dagbag.py:538} INFO - Filling up the DagBag from /opt/airflow/dags/dag.py
[2026-05-13T09:52:38.766+0000] {processor.py:840} INFO - DAG(s) 'workshop_etl_3' retrieved from /opt/airflow/dags/dag.py
[2026-05-13T09:52:38.801+0000] {logging_mixin.py:188} INFO - [2026-05-13T09:52:38.800+0000] {dag.py:3036} INFO - Sync 1 DAGs
[2026-05-13T09:52:38.814+0000] {logging_mixin.py:188} INFO - [2026-05-13T09:52:38.814+0000] {dag.py:3823} INFO - Setting next_dagrun for workshop_etl_3 to None, run_after=None
[2026-05-13T09:52:38.858+0000] {processor.py:183} INFO - Processing /opt/airflow/dags/dag.py took 1.434 seconds
[2026-05-13T09:53:09.147+0000] {processor.py:161} INFO - Started process (PID=1914) to work on /opt/airflow/dags/dag.py
[2026-05-13T09:53:09.148+0000] {processor.py:830} INFO - Processing file /opt/airflow/dags/dag.py for tasks to queue
[2026-05-13T09:53:09.150+0000] {logging_mixin.py:188} INFO - [2026-05-13T09:53:09.150+0000] {dagbag.py:538} INFO - Filling up the DagBag from /opt/airflow/dags/dag.py
[2026-05-13T09:53:10.634+0000] {processor.py:840} INFO - DAG(s) 'workshop_etl_3' retrieved from /opt/airflow/dags/dag.py
[2026-05-13T09:53:10.681+0000] {logging_mixin.py:188} INFO - [2026-05-13T09:53:10.680+0000] {dag.py:3036} INFO - Sync 1 DAGs
[2026-05-13T09:53:10.702+0000] {logging_mixin.py:188} INFO - [2026-05-13T09:53:10.702+0000] {dag.py:3823} INFO - Setting next_dagrun for workshop_etl_3 to None, run_after=None
[2026-05-13T09:53:10.749+0000] {processor.py:183} INFO - Processing /opt/airflow/dags/dag.py took 1.606 seconds
[2026-05-13T09:53:41.164+0000] {processor.py:161} INFO - Started process (PID=1932) to work on /opt/airflow/dags/dag.py
[2026-05-13T09:53:41.167+0000] {processor.py:830} INFO - Processing file /opt/airflow/dags/dag.py for tasks to queue
[2026-05-13T09:53:41.169+0000] {logging_mixin.py:188} INFO - [2026-05-13T09:53:41.169+0000] {dagbag.py:538} INFO - Filling up the DagBag from /opt/airflow/dags/dag.py
[2026-05-13T09:53:42.648+0000] {processor.py:840} INFO - DAG(s) 'workshop_etl_3' retrieved from /opt/airflow/dags/dag.py
[2026-05-13T09:53:42.688+0000] {logging_mixin.py:188} INFO - [2026-05-13T09:53:42.688+0000] {dag.py:3036} INFO - Sync 1 DAGs
[2026-05-13T09:53:42.706+0000] {logging_mixin.py:188} INFO - [2026-05-13T09:53:42.706+0000] {dag.py:3823} INFO - Setting next_dagrun for workshop_etl_3 to None, run_after=None
[2026-05-13T09:53:42.757+0000] {processor.py:183} INFO - Processing /opt/airflow/dags/dag.py took 1.599 seconds
[2026-05-13T09:54:13.145+0000] {processor.py:161} INFO - Started process (PID=1950) to work on /opt/airflow/dags/dag.py
[2026-05-13T09:54:13.151+0000] {processor.py:830} INFO - Processing file /opt/airflow/dags/dag.py for tasks to queue
[2026-05-13T09:54:13.154+0000] {logging_mixin.py:188} INFO - [2026-05-13T09:54:13.154+0000] {dagbag.py:538} INFO - Filling up the DagBag from /opt/airflow/dags/dag.py
[2026-05-13T09:54:14.511+0000] {processor.py:840} INFO - DAG(s) 'workshop_etl_3' retrieved from /opt/airflow/dags/dag.py
[2026-05-13T09:54:14.556+0000] {logging_mixin.py:188} INFO - [2026-05-13T09:54:14.555+0000] {dag.py:3036} INFO - Sync 1 DAGs
[2026-05-13T09:54:14.569+0000] {logging_mixin.py:188} INFO - [2026-05-13T09:54:14.569+0000] {dag.py:3823} INFO - Setting next_dagrun for workshop_etl_3 to None, run_after=None
[2026-05-13T09:54:14.614+0000] {processor.py:183} INFO - Processing /opt/airflow/dags/dag.py took 1.476 seconds
[2026-05-13T09:54:45.026+0000] {processor.py:161} INFO - Started process (PID=1968) to work on /opt/airflow/dags/dag.py
[2026-05-13T09:54:45.029+0000] {processor.py:830} INFO - Processing file /opt/airflow/dags/dag.py for tasks to queue
[2026-05-13T09:54:45.032+0000] {logging_mixin.py:188} INFO - [2026-05-13T09:54:45.032+0000] {dagbag.py:538} INFO - Filling up the DagBag from /opt/airflow/dags/dag.py
[2026-05-13T09:54:46.433+0000] {processor.py:840} INFO - DAG(s) 'workshop_etl_3' retrieved from /opt/airflow/dags/dag.py
[2026-05-13T09:54:46.475+0000] {logging_mixin.py:188} INFO - [2026-05-13T09:54:46.474+0000] {dag.py:3036} INFO - Sync 1 DAGs
[2026-05-13T09:54:46.492+0000] {logging_mixin.py:188} INFO - [2026-05-13T09:54:46.492+0000] {dag.py:3823} INFO - Setting next_dagrun for workshop_etl_3 to None, run_after=None
[2026-05-13T09:54:46.543+0000] {processor.py:183} INFO - Processing /opt/airflow/dags/dag.py took 1.524 seconds
[2026-05-13T09:55:16.909+0000] {processor.py:161} INFO - Started process (PID=1986) to work on /opt/airflow/dags/dag.py
[2026-05-13T09:55:16.912+0000] {processor.py:830} INFO - Processing file /opt/airflow/dags/dag.py for tasks to queue
[2026-05-13T09:55:16.914+0000] {logging_mixin.py:188} INFO - [2026-05-13T09:55:16.914+0000] {dagbag.py:538} INFO - Filling up the DagBag from /opt/airflow/dags/dag.py
[2026-05-13T09:55:18.428+0000] {processor.py:840} INFO - DAG(s) 'workshop_etl_3' retrieved from /opt/airflow/dags/dag.py
[2026-05-13T09:55:18.463+0000] {logging_mixin.py:188} INFO - [2026-05-13T09:55:18.463+0000] {dag.py:3036} INFO - Sync 1 DAGs
[2026-05-13T09:55:18.480+0000] {logging_mixin.py:188} INFO - [2026-05-13T09:55:18.480+0000] {dag.py:3823} INFO - Setting next_dagrun for workshop_etl_3 to None, run_after=None
[2026-05-13T09:55:18.533+0000] {processor.py:183} INFO - Processing /opt/airflow/dags/dag.py took 1.629 seconds
[2026-05-13T09:55:48.969+0000] {processor.py:161} INFO - Started process (PID=2004) to work on /opt/airflow/dags/dag.py
[2026-05-13T09:55:48.972+0000] {processor.py:830} INFO - Processing file /opt/airflow/dags/dag.py for tasks to queue
[2026-05-13T09:55:48.974+0000] {logging_mixin.py:188} INFO - [2026-05-13T09:55:48.973+0000] {dagbag.py:538} INFO - Filling up the DagBag from /opt/airflow/dags/dag.py
[2026-05-13T09:55:50.364+0000] {processor.py:840} INFO - DAG(s) 'workshop_etl_3' retrieved from /opt/airflow/dags/dag.py
[2026-05-13T09:55:50.406+0000] {logging_mixin.py:188} INFO - [2026-05-13T09:55:50.406+0000] {dag.py:3036} INFO - Sync 1 DAGs
[2026-05-13T09:55:50.427+0000] {logging_mixin.py:188} INFO - [2026-05-13T09:55:50.427+0000] {dag.py:3823} INFO - Setting next_dagrun for workshop_etl_3 to None, run_after=None
[2026-05-13T09:55:50.483+0000] {processor.py:183} INFO - Processing /opt/airflow/dags/dag.py took 1.519 seconds
[2026-05-13T09:56:20.884+0000] {processor.py:161} INFO - Started process (PID=2022) to work on /opt/airflow/dags/dag.py
[2026-05-13T09:56:20.886+0000] {processor.py:830} INFO - Processing file /opt/airflow/dags/dag.py for tasks to queue
[2026-05-13T09:56:20.889+0000] {logging_mixin.py:188} INFO - [2026-05-13T09:56:20.888+0000] {dagbag.py:538} INFO - Filling up the DagBag from /opt/airflow/dags/dag.py
[2026-05-13T09:56:22.384+0000] {processor.py:840} INFO - DAG(s) 'workshop_etl_3' retrieved from /opt/airflow/dags/dag.py
[2026-05-13T09:56:22.427+0000] {logging_mixin.py:188} INFO - [2026-05-13T09:56:22.426+0000] {dag.py:3036} INFO - Sync 1 DAGs
[2026-05-13T09:56:22.449+0000] {logging_mixin.py:188} INFO - [2026-05-13T09:56:22.448+0000] {dag.py:3823} INFO - Setting next_dagrun for workshop_etl_3 to None, run_after=None
[2026-05-13T09:56:22.501+0000] {processor.py:183} INFO - Processing /opt/airflow/dags/dag.py took 1.624 seconds
[2026-05-13T09:56:52.883+0000] {processor.py:161} INFO - Started process (PID=2040) to work on /opt/airflow/dags/dag.py
[2026-05-13T09:56:52.886+0000] {processor.py:830} INFO - Processing file /opt/airflow/dags/dag.py for tasks to queue
[2026-05-13T09:56:52.888+0000] {logging_mixin.py:188} INFO - [2026-05-13T09:56:52.887+0000] {dagbag.py:538} INFO - Filling up the DagBag from /opt/airflow/dags/dag.py
[2026-05-13T09:56:54.239+0000] {processor.py:840} INFO - DAG(s) 'workshop_etl_3' retrieved from /opt/airflow/dags/dag.py
[2026-05-13T09:56:54.275+0000] {logging_mixin.py:188} INFO - [2026-05-13T09:56:54.275+0000] {dag.py:3036} INFO - Sync 1 DAGs
[2026-05-13T09:56:54.292+0000] {logging_mixin.py:188} INFO - [2026-05-13T09:56:54.292+0000] {dag.py:3823} INFO - Setting next_dagrun for workshop_etl_3 to None, run_after=None
[2026-05-13T09:56:54.339+0000] {processor.py:183} INFO - Processing /opt/airflow/dags/dag.py took 1.461 seconds
[2026-05-13T09:57:24.782+0000] {processor.py:161} INFO - Started process (PID=2058) to work on /opt/airflow/dags/dag.py
[2026-05-13T09:57:24.785+0000] {processor.py:830} INFO - Processing file /opt/airflow/dags/dag.py for tasks to queue
[2026-05-13T09:57:24.787+0000] {logging_mixin.py:188} INFO - [2026-05-13T09:57:24.786+0000] {dagbag.py:538} INFO - Filling up the DagBag from /opt/airflow/dags/dag.py
[2026-05-13T09:57:26.200+0000] {processor.py:840} INFO - DAG(s) 'workshop_etl_3' retrieved from /opt/airflow/dags/dag.py
[2026-05-13T09:57:26.241+0000] {logging_mixin.py:188} INFO - [2026-05-13T09:57:26.240+0000] {dag.py:3036} INFO - Sync 1 DAGs
[2026-05-13T09:57:26.260+0000] {logging_mixin.py:188} INFO - [2026-05-13T09:57:26.259+0000] {dag.py:3823} INFO - Setting next_dagrun for workshop_etl_3 to None, run_after=None
[2026-05-13T09:57:26.308+0000] {processor.py:183} INFO - Processing /opt/airflow/dags/dag.py took 1.532 seconds
[2026-05-13T09:57:56.561+0000] {processor.py:161} INFO - Started process (PID=2076) to work on /opt/airflow/dags/dag.py
[2026-05-13T09:57:56.564+0000] {processor.py:830} INFO - Processing file /opt/airflow/dags/dag.py for tasks to queue
[2026-05-13T09:57:56.566+0000] {logging_mixin.py:188} INFO - [2026-05-13T09:57:56.566+0000] {dagbag.py:538} INFO - Filling up the DagBag from /opt/airflow/dags/dag.py
[2026-05-13T09:57:57.999+0000] {processor.py:840} INFO - DAG(s) 'workshop_etl_3' retrieved from /opt/airflow/dags/dag.py
[2026-05-13T09:57:58.041+0000] {logging_mixin.py:188} INFO - [2026-05-13T09:57:58.040+0000] {dag.py:3036} INFO - Sync 1 DAGs
[2026-05-13T09:57:58.058+0000] {logging_mixin.py:188} INFO - [2026-05-13T09:57:58.057+0000] {dag.py:3823} INFO - Setting next_dagrun for workshop_etl_3 to None, run_after=None
[2026-05-13T09:57:58.107+0000] {processor.py:183} INFO - Processing /opt/airflow/dags/dag.py took 1.552 seconds
[2026-05-13T09:58:28.529+0000] {processor.py:161} INFO - Started process (PID=2094) to work on /opt/airflow/dags/dag.py
[2026-05-13T09:58:28.532+0000] {processor.py:830} INFO - Processing file /opt/airflow/dags/dag.py for tasks to queue
[2026-05-13T09:58:28.535+0000] {logging_mixin.py:188} INFO - [2026-05-13T09:58:28.534+0000] {dagbag.py:538} INFO - Filling up the DagBag from /opt/airflow/dags/dag.py
[2026-05-13T09:58:30.008+0000] {processor.py:840} INFO - DAG(s) 'workshop_etl_3' retrieved from /opt/airflow/dags/dag.py
[2026-05-13T09:58:30.048+0000] {logging_mixin.py:188} INFO - [2026-05-13T09:58:30.048+0000] {dag.py:3036} INFO - Sync 1 DAGs
[2026-05-13T09:58:30.062+0000] {logging_mixin.py:188} INFO - [2026-05-13T09:58:30.062+0000] {dag.py:3823} INFO - Setting next_dagrun for workshop_etl_3 to None, run_after=None
[2026-05-13T09:58:30.109+0000] {processor.py:183} INFO - Processing /opt/airflow/dags/dag.py took 1.586 seconds
[2026-05-13T09:59:00.405+0000] {processor.py:161} INFO - Started process (PID=2112) to work on /opt/airflow/dags/dag.py
[2026-05-13T09:59:00.407+0000] {processor.py:830} INFO - Processing file /opt/airflow/dags/dag.py for tasks to queue
[2026-05-13T09:59:00.410+0000] {logging_mixin.py:188} INFO - [2026-05-13T09:59:00.409+0000] {dagbag.py:538} INFO - Filling up the DagBag from /opt/airflow/dags/dag.py
[2026-05-13T09:59:01.831+0000] {processor.py:840} INFO - DAG(s) 'workshop_etl_3' retrieved from /opt/airflow/dags/dag.py
[2026-05-13T09:59:01.866+0000] {logging_mixin.py:188} INFO - [2026-05-13T09:59:01.864+0000] {dag.py:3036} INFO - Sync 1 DAGs
[2026-05-13T09:59:01.885+0000] {logging_mixin.py:188} INFO - [2026-05-13T09:59:01.884+0000] {dag.py:3823} INFO - Setting next_dagrun for workshop_etl_3 to None, run_after=None
[2026-05-13T09:59:01.937+0000] {processor.py:183} INFO - Processing /opt/airflow/dags/dag.py took 1.538 seconds
[2026-05-13T09:59:32.331+0000] {processor.py:161} INFO - Started process (PID=2130) to work on /opt/airflow/dags/dag.py
[2026-05-13T09:59:32.334+0000] {processor.py:830} INFO - Processing file /opt/airflow/dags/dag.py for tasks to queue
[2026-05-13T09:59:32.336+0000] {logging_mixin.py:188} INFO - [2026-05-13T09:59:32.336+0000] {dagbag.py:538} INFO - Filling up the DagBag from /opt/airflow/dags/dag.py
[2026-05-13T09:59:33.805+0000] {processor.py:840} INFO - DAG(s) 'workshop_etl_3' retrieved from /opt/airflow/dags/dag.py
[2026-05-13T09:59:33.847+0000] {logging_mixin.py:188} INFO - [2026-05-13T09:59:33.846+0000] {dag.py:3036} INFO - Sync 1 DAGs
[2026-05-13T09:59:33.866+0000] {logging_mixin.py:188} INFO - [2026-05-13T09:59:33.866+0000] {dag.py:3823} INFO - Setting next_dagrun for workshop_etl_3 to None, run_after=None
[2026-05-13T09:59:33.916+0000] {processor.py:183} INFO - Processing /opt/airflow/dags/dag.py took 1.592 seconds
[2026-05-13T10:00:04.060+0000] {processor.py:161} INFO - Started process (PID=2148) to work on /opt/airflow/dags/dag.py
[2026-05-13T10:00:04.062+0000] {processor.py:830} INFO - Processing file /opt/airflow/dags/dag.py for tasks to queue
[2026-05-13T10:00:04.064+0000] {logging_mixin.py:188} INFO - [2026-05-13T10:00:04.064+0000] {dagbag.py:538} INFO - Filling up the DagBag from /opt/airflow/dags/dag.py
[2026-05-13T10:00:05.426+0000] {processor.py:840} INFO - DAG(s) 'workshop_etl_3' retrieved from /opt/airflow/dags/dag.py
[2026-05-13T10:00:05.472+0000] {logging_mixin.py:188} INFO - [2026-05-13T10:00:05.472+0000] {dag.py:3036} INFO - Sync 1 DAGs
[2026-05-13T10:00:05.490+0000] {logging_mixin.py:188} INFO - [2026-05-13T10:00:05.489+0000] {dag.py:3823} INFO - Setting next_dagrun for workshop_etl_3 to None, run_after=None
[2026-05-13T10:00:05.552+0000] {processor.py:183} INFO - Processing /opt/airflow/dags/dag.py took 1.497 seconds
[2026-05-13T10:00:35.715+0000] {processor.py:161} INFO - Started process (PID=2166) to work on /opt/airflow/dags/dag.py
[2026-05-13T10:00:35.718+0000] {processor.py:830} INFO - Processing file /opt/airflow/dags/dag.py for tasks to queue
[2026-05-13T10:00:35.721+0000] {logging_mixin.py:188} INFO - [2026-05-13T10:00:35.719+0000] {dagbag.py:538} INFO - Filling up the DagBag from /opt/airflow/dags/dag.py
[2026-05-13T10:00:37.223+0000] {processor.py:840} INFO - DAG(s) 'workshop_etl_3' retrieved from /opt/airflow/dags/dag.py
[2026-05-13T10:00:37.268+0000] {logging_mixin.py:188} INFO - [2026-05-13T10:00:37.267+0000] {dag.py:3036} INFO - Sync 1 DAGs
[2026-05-13T10:00:37.281+0000] {logging_mixin.py:188} INFO - [2026-05-13T10:00:37.281+0000] {dag.py:3823} INFO - Setting next_dagrun for workshop_etl_3 to None, run_after=None
[2026-05-13T10:00:37.333+0000] {processor.py:183} INFO - Processing /opt/airflow/dags/dag.py took 1.626 seconds
[2026-05-13T10:01:07.743+0000] {processor.py:161} INFO - Started process (PID=2184) to work on /opt/airflow/dags/dag.py
[2026-05-13T10:01:07.746+0000] {processor.py:830} INFO - Processing file /opt/airflow/dags/dag.py for tasks to queue
[2026-05-13T10:01:07.748+0000] {logging_mixin.py:188} INFO - [2026-05-13T10:01:07.747+0000] {dagbag.py:538} INFO - Filling up the DagBag from /opt/airflow/dags/dag.py
[2026-05-13T10:01:09.209+0000] {processor.py:840} INFO - DAG(s) 'workshop_etl_3' retrieved from /opt/airflow/dags/dag.py
[2026-05-13T10:01:09.253+0000] {logging_mixin.py:188} INFO - [2026-05-13T10:01:09.252+0000] {dag.py:3036} INFO - Sync 1 DAGs
[2026-05-13T10:01:09.273+0000] {logging_mixin.py:188} INFO - [2026-05-13T10:01:09.272+0000] {dag.py:3823} INFO - Setting next_dagrun for workshop_etl_3 to None, run_after=None
[2026-05-13T10:01:09.325+0000] {processor.py:183} INFO - Processing /opt/airflow/dags/dag.py took 1.591 seconds
[2026-05-13T10:01:39.571+0000] {processor.py:161} INFO - Started process (PID=2202) to work on /opt/airflow/dags/dag.py
[2026-05-13T10:01:39.574+0000] {processor.py:830} INFO - Processing file /opt/airflow/dags/dag.py for tasks to queue
[2026-05-13T10:01:39.576+0000] {logging_mixin.py:188} INFO - [2026-05-13T10:01:39.575+0000] {dagbag.py:538} INFO - Filling up the DagBag from /opt/airflow/dags/dag.py
[2026-05-13T10:01:41.000+0000] {processor.py:840} INFO - DAG(s) 'workshop_etl_3' retrieved from /opt/airflow/dags/dag.py
[2026-05-13T10:01:41.046+0000] {logging_mixin.py:188} INFO - [2026-05-13T10:01:41.045+0000] {dag.py:3036} INFO - Sync 1 DAGs
[2026-05-13T10:01:41.066+0000] {logging_mixin.py:188} INFO - [2026-05-13T10:01:41.065+0000] {dag.py:3823} INFO - Setting next_dagrun for workshop_etl_3 to None, run_after=None
[2026-05-13T10:01:41.116+0000] {processor.py:183} INFO - Processing /opt/airflow/dags/dag.py took 1.552 seconds
[2026-05-13T10:02:11.552+0000] {processor.py:161} INFO - Started process (PID=2220) to work on /opt/airflow/dags/dag.py
[2026-05-13T10:02:11.554+0000] {processor.py:830} INFO - Processing file /opt/airflow/dags/dag.py for tasks to queue
[2026-05-13T10:02:11.556+0000] {logging_mixin.py:188} INFO - [2026-05-13T10:02:11.555+0000] {dagbag.py:538} INFO - Filling up the DagBag from /opt/airflow/dags/dag.py
[2026-05-13T10:02:13.039+0000] {processor.py:840} INFO - DAG(s) 'workshop_etl_3' retrieved from /opt/airflow/dags/dag.py
[2026-05-13T10:02:13.066+0000] {logging_mixin.py:188} INFO - [2026-05-13T10:02:13.065+0000] {dag.py:3036} INFO - Sync 1 DAGs
[2026-05-13T10:02:13.082+0000] {logging_mixin.py:188} INFO - [2026-05-13T10:02:13.082+0000] {dag.py:3823} INFO - Setting next_dagrun for workshop_etl_3 to None, run_after=None
[2026-05-13T10:02:13.129+0000] {processor.py:183} INFO - Processing /opt/airflow/dags/dag.py took 1.581 seconds
[2026-05-13T10:02:43.351+0000] {processor.py:161} INFO - Started process (PID=2238) to work on /opt/airflow/dags/dag.py
[2026-05-13T10:02:43.354+0000] {processor.py:830} INFO - Processing file /opt/airflow/dags/dag.py for tasks to queue
[2026-05-13T10:02:43.356+0000] {logging_mixin.py:188} INFO - [2026-05-13T10:02:43.355+0000] {dagbag.py:538} INFO - Filling up the DagBag from /opt/airflow/dags/dag.py
[2026-05-13T10:02:44.765+0000] {processor.py:840} INFO - DAG(s) 'workshop_etl_3' retrieved from /opt/airflow/dags/dag.py
[2026-05-13T10:02:44.807+0000] {logging_mixin.py:188} INFO - [2026-05-13T10:02:44.806+0000] {dag.py:3036} INFO - Sync 1 DAGs
[2026-05-13T10:02:44.827+0000] {logging_mixin.py:188} INFO - [2026-05-13T10:02:44.826+0000] {dag.py:3823} INFO - Setting next_dagrun for workshop_etl_3 to None, run_after=None
[2026-05-13T10:02:44.878+0000] {processor.py:183} INFO - Processing /opt/airflow/dags/dag.py took 1.533 seconds
[2026-05-13T10:03:15.265+0000] {processor.py:161} INFO - Started process (PID=2256) to work on /opt/airflow/dags/dag.py
[2026-05-13T10:03:15.268+0000] {processor.py:830} INFO - Processing file /opt/airflow/dags/dag.py for tasks to queue
[2026-05-13T10:03:15.270+0000] {logging_mixin.py:188} INFO - [2026-05-13T10:03:15.269+0000] {dagbag.py:538} INFO - Filling up the DagBag from /opt/airflow/dags/dag.py
[2026-05-13T10:03:16.708+0000] {processor.py:840} INFO - DAG(s) 'workshop_etl_3' retrieved from /opt/airflow/dags/dag.py
[2026-05-13T10:03:16.750+0000] {logging_mixin.py:188} INFO - [2026-05-13T10:03:16.749+0000] {dag.py:3036} INFO - Sync 1 DAGs
[2026-05-13T10:03:16.769+0000] {logging_mixin.py:188} INFO - [2026-05-13T10:03:16.768+0000] {dag.py:3823} INFO - Setting next_dagrun for workshop_etl_3 to None, run_after=None
[2026-05-13T10:03:16.823+0000] {processor.py:183} INFO - Processing /opt/airflow/dags/dag.py took 1.563 seconds
[2026-05-13T10:03:47.212+0000] {processor.py:161} INFO - Started process (PID=2274) to work on /opt/airflow/dags/dag.py
[2026-05-13T10:03:47.214+0000] {processor.py:830} INFO - Processing file /opt/airflow/dags/dag.py for tasks to queue
[2026-05-13T10:03:47.216+0000] {logging_mixin.py:188} INFO - [2026-05-13T10:03:47.216+0000] {dagbag.py:538} INFO - Filling up the DagBag from /opt/airflow/dags/dag.py
[2026-05-13T10:03:48.605+0000] {processor.py:840} INFO - DAG(s) 'workshop_etl_3' retrieved from /opt/airflow/dags/dag.py
[2026-05-13T10:03:48.644+0000] {logging_mixin.py:188} INFO - [2026-05-13T10:03:48.644+0000] {dag.py:3036} INFO - Sync 1 DAGs
[2026-05-13T10:03:48.663+0000] {logging_mixin.py:188} INFO - [2026-05-13T10:03:48.662+0000] {dag.py:3823} INFO - Setting next_dagrun for workshop_etl_3 to None, run_after=None
[2026-05-13T10:03:48.715+0000] {processor.py:183} INFO - Processing /opt/airflow/dags/dag.py took 1.509 seconds
[2026-05-13T10:04:19.118+0000] {processor.py:161} INFO - Started process (PID=2292) to work on /opt/airflow/dags/dag.py
[2026-05-13T10:04:19.121+0000] {processor.py:830} INFO - Processing file /opt/airflow/dags/dag.py for tasks to queue
[2026-05-13T10:04:19.124+0000] {logging_mixin.py:188} INFO - [2026-05-13T10:04:19.123+0000] {dagbag.py:538} INFO - Filling up the DagBag from /opt/airflow/dags/dag.py
[2026-05-13T10:04:20.496+0000] {processor.py:840} INFO - DAG(s) 'workshop_etl_3' retrieved from /opt/airflow/dags/dag.py
[2026-05-13T10:04:20.528+0000] {logging_mixin.py:188} INFO - [2026-05-13T10:04:20.528+0000] {dag.py:3036} INFO - Sync 1 DAGs
[2026-05-13T10:04:20.546+0000] {logging_mixin.py:188} INFO - [2026-05-13T10:04:20.546+0000] {dag.py:3823} INFO - Setting next_dagrun for workshop_etl_3 to None, run_after=None
[2026-05-13T10:04:20.590+0000] {processor.py:183} INFO - Processing /opt/airflow/dags/dag.py took 1.478 seconds
[2026-05-13T10:04:50.880+0000] {processor.py:161} INFO - Started process (PID=2310) to work on /opt/airflow/dags/dag.py
[2026-05-13T10:04:50.882+0000] {processor.py:830} INFO - Processing file /opt/airflow/dags/dag.py for tasks to queue
[2026-05-13T10:04:50.885+0000] {logging_mixin.py:188} INFO - [2026-05-13T10:04:50.884+0000] {dagbag.py:538} INFO - Filling up the DagBag from /opt/airflow/dags/dag.py
[2026-05-13T10:04:52.313+0000] {processor.py:840} INFO - DAG(s) 'workshop_etl_3' retrieved from /opt/airflow/dags/dag.py
[2026-05-13T10:04:52.353+0000] {logging_mixin.py:188} INFO - [2026-05-13T10:04:52.353+0000] {dag.py:3036} INFO - Sync 1 DAGs
[2026-05-13T10:04:52.372+0000] {logging_mixin.py:188} INFO - [2026-05-13T10:04:52.371+0000] {dag.py:3823} INFO - Setting next_dagrun for workshop_etl_3 to None, run_after=None
[2026-05-13T10:04:52.419+0000] {processor.py:183} INFO - Processing /opt/airflow/dags/dag.py took 1.545 seconds
[2026-05-13T10:05:22.893+0000] {processor.py:161} INFO - Started process (PID=2328) to work on /opt/airflow/dags/dag.py
[2026-05-13T10:05:22.895+0000] {processor.py:830} INFO - Processing file /opt/airflow/dags/dag.py for tasks to queue
[2026-05-13T10:05:22.897+0000] {logging_mixin.py:188} INFO - [2026-05-13T10:05:22.896+0000] {dagbag.py:538} INFO - Filling up the DagBag from /opt/airflow/dags/dag.py
[2026-05-13T10:05:24.345+0000] {processor.py:840} INFO - DAG(s) 'workshop_etl_3' retrieved from /opt/airflow/dags/dag.py
[2026-05-13T10:05:24.377+0000] {logging_mixin.py:188} INFO - [2026-05-13T10:05:24.376+0000] {dag.py:3036} INFO - Sync 1 DAGs
[2026-05-13T10:05:24.390+0000] {logging_mixin.py:188} INFO - [2026-05-13T10:05:24.389+0000] {dag.py:3823} INFO - Setting next_dagrun for workshop_etl_3 to None, run_after=None
[2026-05-13T10:05:24.433+0000] {processor.py:183} INFO - Processing /opt/airflow/dags/dag.py took 1.545 seconds
[2026-05-13T10:05:54.581+0000] {processor.py:161} INFO - Started process (PID=2346) to work on /opt/airflow/dags/dag.py
[2026-05-13T10:05:54.584+0000] {processor.py:830} INFO - Processing file /opt/airflow/dags/dag.py for tasks to queue
[2026-05-13T10:05:54.588+0000] {logging_mixin.py:188} INFO - [2026-05-13T10:05:54.587+0000] {dagbag.py:538} INFO - Filling up the DagBag from /opt/airflow/dags/dag.py
[2026-05-13T10:05:56.076+0000] {processor.py:840} INFO - DAG(s) 'workshop_etl_3' retrieved from /opt/airflow/dags/dag.py
[2026-05-13T10:05:56.113+0000] {logging_mixin.py:188} INFO - [2026-05-13T10:05:56.112+0000] {dag.py:3036} INFO - Sync 1 DAGs
[2026-05-13T10:05:56.130+0000] {logging_mixin.py:188} INFO - [2026-05-13T10:05:56.130+0000] {dag.py:3823} INFO - Setting next_dagrun for workshop_etl_3 to None, run_after=None
[2026-05-13T10:05:56.179+0000] {processor.py:183} INFO - Processing /opt/airflow/dags/dag.py took 1.605 seconds
[2026-05-13T10:06:11.456+0000] {processor.py:161} INFO - Started process (PID=2364) to work on /opt/airflow/dags/dag.py
[2026-05-13T10:06:11.459+0000] {processor.py:830} INFO - Processing file /opt/airflow/dags/dag.py for tasks to queue
[2026-05-13T10:06:11.461+0000] {logging_mixin.py:188} INFO - [2026-05-13T10:06:11.460+0000] {dagbag.py:538} INFO - Filling up the DagBag from /opt/airflow/dags/dag.py
[2026-05-13T10:06:12.862+0000] {processor.py:840} INFO - DAG(s) 'workshop_etl_3' retrieved from /opt/airflow/dags/dag.py
[2026-05-13T10:06:12.900+0000] {logging_mixin.py:188} INFO - [2026-05-13T10:06:12.899+0000] {dag.py:3036} INFO - Sync 1 DAGs
[2026-05-13T10:06:12.915+0000] {logging_mixin.py:188} INFO - [2026-05-13T10:06:12.915+0000] {dag.py:3823} INFO - Setting next_dagrun for workshop_etl_3 to None, run_after=None
[2026-05-13T10:06:12.958+0000] {processor.py:183} INFO - Processing /opt/airflow/dags/dag.py took 1.507 seconds
[2026-05-13T10:06:18.048+0000] {processor.py:161} INFO - Started process (PID=2382) to work on /opt/airflow/dags/dag.py
[2026-05-13T10:06:18.051+0000] {processor.py:830} INFO - Processing file /opt/airflow/dags/dag.py for tasks to queue
[2026-05-13T10:06:18.053+0000] {logging_mixin.py:188} INFO - [2026-05-13T10:06:18.053+0000] {dagbag.py:538} INFO - Filling up the DagBag from /opt/airflow/dags/dag.py
[2026-05-13T10:06:19.574+0000] {logging_mixin.py:188} INFO - [2026-05-13T10:06:19.558+0000] {dagbag.py:348} ERROR - Failed to import: /opt/airflow/dags/dag.py
Traceback (most recent call last):
  File "/home/airflow/.local/lib/python3.11/site-packages/airflow/models/dagbag.py", line 344, in parse
    loader.exec_module(new_module)
  File "<frozen importlib._bootstrap_external>", line 940, in exec_module
  File "<frozen importlib._bootstrap>", line 241, in _call_with_frames_removed
  File "/opt/airflow/dags/dag.py", line 154, in <module>
    task_
NameError: name 'task_' is not defined
[2026-05-13T10:06:19.578+0000] {processor.py:842} WARNING - No viable dags retrieved from /opt/airflow/dags/dag.py
[2026-05-13T10:06:19.621+0000] {processor.py:183} INFO - Processing /opt/airflow/dags/dag.py took 1.578 seconds
[2026-05-13T10:06:26.213+0000] {processor.py:161} INFO - Started process (PID=2400) to work on /opt/airflow/dags/dag.py
[2026-05-13T10:06:26.215+0000] {processor.py:830} INFO - Processing file /opt/airflow/dags/dag.py for tasks to queue
[2026-05-13T10:06:26.217+0000] {logging_mixin.py:188} INFO - [2026-05-13T10:06:26.216+0000] {dagbag.py:538} INFO - Filling up the DagBag from /opt/airflow/dags/dag.py
[2026-05-13T10:06:27.732+0000] {logging_mixin.py:188} INFO - [2026-05-13T10:06:27.698+0000] {dagbag.py:348} ERROR - Failed to import: /opt/airflow/dags/dag.py
Traceback (most recent call last):
  File "/home/airflow/.local/lib/python3.11/site-packages/airflow/models/dagbag.py", line 344, in parse
    loader.exec_module(new_module)
  File "<frozen importlib._bootstrap_external>", line 940, in exec_module
  File "<frozen importlib._bootstrap>", line 241, in _call_with_frames_removed
  File "/opt/airflow/dags/dag.py", line 154, in <module>
    task_producer=
    ^^^^^^^^^^^^^
NameError: name 'task_producer' is not defined
[2026-05-13T10:06:27.737+0000] {processor.py:842} WARNING - No viable dags retrieved from /opt/airflow/dags/dag.py
[2026-05-13T10:06:27.784+0000] {processor.py:183} INFO - Processing /opt/airflow/dags/dag.py took 1.578 seconds
[2026-05-13T10:06:35.912+0000] {processor.py:161} INFO - Started process (PID=2418) to work on /opt/airflow/dags/dag.py
[2026-05-13T10:06:35.914+0000] {processor.py:830} INFO - Processing file /opt/airflow/dags/dag.py for tasks to queue
[2026-05-13T10:06:35.916+0000] {logging_mixin.py:188} INFO - [2026-05-13T10:06:35.915+0000] {dagbag.py:538} INFO - Filling up the DagBag from /opt/airflow/dags/dag.py
[2026-05-13T10:06:37.430+0000] {processor.py:840} INFO - DAG(s) 'workshop_etl_3' retrieved from /opt/airflow/dags/dag.py
[2026-05-13T10:06:37.480+0000] {logging_mixin.py:188} INFO - [2026-05-13T10:06:37.479+0000] {dag.py:3036} INFO - Sync 1 DAGs
[2026-05-13T10:06:37.496+0000] {logging_mixin.py:188} INFO - [2026-05-13T10:06:37.496+0000] {dag.py:3823} INFO - Setting next_dagrun for workshop_etl_3 to None, run_after=None
[2026-05-13T10:06:37.557+0000] {processor.py:183} INFO - Processing /opt/airflow/dags/dag.py took 1.650 seconds
[2026-05-13T10:06:38.646+0000] {processor.py:161} INFO - Started process (PID=2436) to work on /opt/airflow/dags/dag.py
[2026-05-13T10:06:38.648+0000] {processor.py:830} INFO - Processing file /opt/airflow/dags/dag.py for tasks to queue
[2026-05-13T10:06:38.654+0000] {logging_mixin.py:188} INFO - [2026-05-13T10:06:38.653+0000] {dagbag.py:538} INFO - Filling up the DagBag from /opt/airflow/dags/dag.py
[2026-05-13T10:06:40.074+0000] {processor.py:840} INFO - DAG(s) 'workshop_etl_3' retrieved from /opt/airflow/dags/dag.py
[2026-05-13T10:06:40.118+0000] {logging_mixin.py:188} INFO - [2026-05-13T10:06:40.117+0000] {dag.py:3036} INFO - Sync 1 DAGs
[2026-05-13T10:06:40.137+0000] {logging_mixin.py:188} INFO - [2026-05-13T10:06:40.137+0000] {dag.py:3823} INFO - Setting next_dagrun for workshop_etl_3 to None, run_after=None
[2026-05-13T10:06:40.206+0000] {processor.py:183} INFO - Processing /opt/airflow/dags/dag.py took 1.566 seconds
[2026-05-13T10:06:46.405+0000] {processor.py:161} INFO - Started process (PID=2454) to work on /opt/airflow/dags/dag.py
[2026-05-13T10:06:46.408+0000] {processor.py:830} INFO - Processing file /opt/airflow/dags/dag.py for tasks to queue
[2026-05-13T10:06:46.412+0000] {logging_mixin.py:188} INFO - [2026-05-13T10:06:46.411+0000] {dagbag.py:538} INFO - Filling up the DagBag from /opt/airflow/dags/dag.py
[2026-05-13T10:06:48.009+0000] {logging_mixin.py:188} INFO - [2026-05-13T10:06:47.973+0000] {dagbag.py:348} ERROR - Failed to import: /opt/airflow/dags/dag.py
Traceback (most recent call last):
  File "/home/airflow/.local/lib/python3.11/site-packages/airflow/models/dagbag.py", line 344, in parse
    loader.exec_module(new_module)
  File "<frozen importlib._bootstrap_external>", line 940, in exec_module
  File "<frozen importlib._bootstrap>", line 241, in _call_with_frames_removed
  File "/opt/airflow/dags/dag.py", line 154, in <module>
    task_producer=PythonOperator(
                  ^^^^^^^^^^^^^^^
  File "/home/airflow/.local/lib/python3.11/site-packages/airflow/models/baseoperator.py", line 420, in apply_defaults
    raise AirflowException(f"missing keyword argument {missing_args.pop()!r}")
airflow.exceptions.AirflowException: missing keyword argument 'python_callable'
[2026-05-13T10:06:48.013+0000] {processor.py:842} WARNING - No viable dags retrieved from /opt/airflow/dags/dag.py
[2026-05-13T10:06:48.062+0000] {processor.py:183} INFO - Processing /opt/airflow/dags/dag.py took 1.662 seconds
[2026-05-13T10:06:58.217+0000] {processor.py:161} INFO - Started process (PID=2472) to work on /opt/airflow/dags/dag.py
[2026-05-13T10:06:58.219+0000] {processor.py:830} INFO - Processing file /opt/airflow/dags/dag.py for tasks to queue
[2026-05-13T10:06:58.221+0000] {logging_mixin.py:188} INFO - [2026-05-13T10:06:58.221+0000] {dagbag.py:538} INFO - Filling up the DagBag from /opt/airflow/dags/dag.py
[2026-05-13T10:06:59.738+0000] {logging_mixin.py:188} INFO - [2026-05-13T10:06:59.707+0000] {dagbag.py:348} ERROR - Failed to import: /opt/airflow/dags/dag.py
Traceback (most recent call last):
  File "/home/airflow/.local/lib/python3.11/site-packages/airflow/models/dagbag.py", line 344, in parse
    loader.exec_module(new_module)
  File "<frozen importlib._bootstrap_external>", line 940, in exec_module
  File "<frozen importlib._bootstrap>", line 241, in _call_with_frames_removed
  File "/opt/airflow/dags/dag.py", line 154, in <module>
    task_producer=PythonOperator(
                  ^^^^^^^^^^^^^^^
  File "/home/airflow/.local/lib/python3.11/site-packages/airflow/models/baseoperator.py", line 420, in apply_defaults
    raise AirflowException(f"missing keyword argument {missing_args.pop()!r}")
airflow.exceptions.AirflowException: missing keyword argument 'python_callable'
[2026-05-13T10:06:59.740+0000] {processor.py:842} WARNING - No viable dags retrieved from /opt/airflow/dags/dag.py
[2026-05-13T10:06:59.771+0000] {processor.py:183} INFO - Processing /opt/airflow/dags/dag.py took 1.559 seconds
[2026-05-13T10:07:02.343+0000] {processor.py:161} INFO - Started process (PID=2490) to work on /opt/airflow/dags/dag.py
[2026-05-13T10:07:02.346+0000] {processor.py:830} INFO - Processing file /opt/airflow/dags/dag.py for tasks to queue
[2026-05-13T10:07:02.348+0000] {logging_mixin.py:188} INFO - [2026-05-13T10:07:02.347+0000] {dagbag.py:538} INFO - Filling up the DagBag from /opt/airflow/dags/dag.py
[2026-05-13T10:07:04.004+0000] {logging_mixin.py:188} INFO - [2026-05-13T10:07:03.988+0000] {dagbag.py:348} ERROR - Failed to import: /opt/airflow/dags/dag.py
Traceback (most recent call last):
  File "/home/airflow/.local/lib/python3.11/site-packages/airflow/models/dagbag.py", line 344, in parse
    loader.exec_module(new_module)
  File "<frozen importlib._bootstrap_external>", line 940, in exec_module
  File "<frozen importlib._bootstrap>", line 241, in _call_with_frames_removed
  File "/opt/airflow/dags/dag.py", line 154, in <module>
    task_producer=PythonOperator(
                  ^^^^^^^^^^^^^^^
  File "/home/airflow/.local/lib/python3.11/site-packages/airflow/models/baseoperator.py", line 420, in apply_defaults
    raise AirflowException(f"missing keyword argument {missing_args.pop()!r}")
airflow.exceptions.AirflowException: missing keyword argument 'python_callable'
[2026-05-13T10:07:04.009+0000] {processor.py:842} WARNING - No viable dags retrieved from /opt/airflow/dags/dag.py
[2026-05-13T10:07:04.052+0000] {processor.py:183} INFO - Processing /opt/airflow/dags/dag.py took 1.713 seconds
[2026-05-13T10:07:04.962+0000] {processor.py:161} INFO - Started process (PID=2508) to work on /opt/airflow/dags/dag.py
[2026-05-13T10:07:04.964+0000] {processor.py:830} INFO - Processing file /opt/airflow/dags/dag.py for tasks to queue
[2026-05-13T10:07:04.966+0000] {logging_mixin.py:188} INFO - [2026-05-13T10:07:04.965+0000] {dagbag.py:538} INFO - Filling up the DagBag from /opt/airflow/dags/dag.py
[2026-05-13T10:07:06.360+0000] {logging_mixin.py:188} INFO - [2026-05-13T10:07:06.324+0000] {dagbag.py:348} ERROR - Failed to import: /opt/airflow/dags/dag.py
Traceback (most recent call last):
  File "/home/airflow/.local/lib/python3.11/site-packages/airflow/models/dagbag.py", line 344, in parse
    loader.exec_module(new_module)
  File "<frozen importlib._bootstrap_external>", line 940, in exec_module
  File "<frozen importlib._bootstrap>", line 241, in _call_with_frames_removed
  File "/opt/airflow/dags/dag.py", line 154, in <module>
    task_producer=PythonOperator(
                  ^^^^^^^^^^^^^^^
  File "/home/airflow/.local/lib/python3.11/site-packages/airflow/models/baseoperator.py", line 420, in apply_defaults
    raise AirflowException(f"missing keyword argument {missing_args.pop()!r}")
airflow.exceptions.AirflowException: missing keyword argument 'python_callable'
[2026-05-13T10:07:06.367+0000] {processor.py:842} WARNING - No viable dags retrieved from /opt/airflow/dags/dag.py
[2026-05-13T10:07:06.407+0000] {processor.py:183} INFO - Processing /opt/airflow/dags/dag.py took 1.450 seconds
[2026-05-13T10:07:16.323+0000] {processor.py:161} INFO - Started process (PID=2526) to work on /opt/airflow/dags/dag.py
[2026-05-13T10:07:16.326+0000] {processor.py:830} INFO - Processing file /opt/airflow/dags/dag.py for tasks to queue
[2026-05-13T10:07:16.329+0000] {logging_mixin.py:188} INFO - [2026-05-13T10:07:16.328+0000] {dagbag.py:538} INFO - Filling up the DagBag from /opt/airflow/dags/dag.py
[2026-05-13T10:07:16.408+0000] {logging_mixin.py:188} INFO - [2026-05-13T10:07:16.406+0000] {dagbag.py:348} ERROR - Failed to import: /opt/airflow/dags/dag.py
Traceback (most recent call last):
  File "/home/airflow/.local/lib/python3.11/site-packages/airflow/models/dagbag.py", line 344, in parse
    loader.exec_module(new_module)
  File "<frozen importlib._bootstrap_external>", line 936, in exec_module
  File "<frozen importlib._bootstrap_external>", line 1074, in get_code
  File "<frozen importlib._bootstrap_external>", line 1004, in source_to_code
  File "<frozen importlib._bootstrap>", line 241, in _call_with_frames_removed
  File "/opt/airflow/dags/dag.py", line 157
    )
    ^
SyntaxError: positional argument follows keyword argument
[2026-05-13T10:07:16.410+0000] {processor.py:842} WARNING - No viable dags retrieved from /opt/airflow/dags/dag.py
[2026-05-13T10:07:16.466+0000] {processor.py:183} INFO - Processing /opt/airflow/dags/dag.py took 0.151 seconds
[2026-05-13T10:07:18.395+0000] {processor.py:161} INFO - Started process (PID=2531) to work on /opt/airflow/dags/dag.py
[2026-05-13T10:07:18.398+0000] {processor.py:830} INFO - Processing file /opt/airflow/dags/dag.py for tasks to queue
[2026-05-13T10:07:18.400+0000] {logging_mixin.py:188} INFO - [2026-05-13T10:07:18.400+0000] {dagbag.py:538} INFO - Filling up the DagBag from /opt/airflow/dags/dag.py
[2026-05-13T10:07:18.479+0000] {logging_mixin.py:188} INFO - [2026-05-13T10:07:18.477+0000] {dagbag.py:348} ERROR - Failed to import: /opt/airflow/dags/dag.py
Traceback (most recent call last):
  File "/home/airflow/.local/lib/python3.11/site-packages/airflow/models/dagbag.py", line 344, in parse
    loader.exec_module(new_module)
  File "<frozen importlib._bootstrap_external>", line 936, in exec_module
  File "<frozen importlib._bootstrap_external>", line 1074, in get_code
  File "<frozen importlib._bootstrap_external>", line 1004, in source_to_code
  File "<frozen importlib._bootstrap>", line 241, in _call_with_frames_removed
  File "/opt/airflow/dags/dag.py", line 157
    )
    ^
SyntaxError: invalid syntax
[2026-05-13T10:07:18.480+0000] {processor.py:842} WARNING - No viable dags retrieved from /opt/airflow/dags/dag.py
[2026-05-13T10:07:18.537+0000] {processor.py:183} INFO - Processing /opt/airflow/dags/dag.py took 0.149 seconds
[2026-05-13T10:07:20.639+0000] {processor.py:161} INFO - Started process (PID=2536) to work on /opt/airflow/dags/dag.py
[2026-05-13T10:07:20.641+0000] {processor.py:830} INFO - Processing file /opt/airflow/dags/dag.py for tasks to queue
[2026-05-13T10:07:20.644+0000] {logging_mixin.py:188} INFO - [2026-05-13T10:07:20.643+0000] {dagbag.py:538} INFO - Filling up the DagBag from /opt/airflow/dags/dag.py
[2026-05-13T10:07:22.151+0000] {logging_mixin.py:188} INFO - [2026-05-13T10:07:22.135+0000] {dagbag.py:348} ERROR - Failed to import: /opt/airflow/dags/dag.py
Traceback (most recent call last):
  File "/home/airflow/.local/lib/python3.11/site-packages/airflow/models/dagbag.py", line 344, in parse
    loader.exec_module(new_module)
  File "<frozen importlib._bootstrap_external>", line 940, in exec_module
  File "<frozen importlib._bootstrap>", line 241, in _call_with_frames_removed
  File "/opt/airflow/dags/dag.py", line 154, in <module>
    task_producer=PythonOperator(
                  ^^^^^^^^^^^^^^^
  File "/home/airflow/.local/lib/python3.11/site-packages/airflow/models/baseoperator.py", line 437, in apply_defaults
    result = func(self, **kwargs, default_args=default_args)
             ^^^^^^^^^^^^^^^^^^^^^^^^^^^^^^^^^^^^^^^^^^^^^^^
  File "/home/airflow/.local/lib/python3.11/site-packages/airflow/operators/python.py", line 186, in __init__
    raise AirflowException("`python_callable` param must be callable")
airflow.exceptions.AirflowException: `python_callable` param must be callable
[2026-05-13T10:07:22.153+0000] {processor.py:842} WARNING - No viable dags retrieved from /opt/airflow/dags/dag.py
[2026-05-13T10:07:22.196+0000] {processor.py:183} INFO - Processing /opt/airflow/dags/dag.py took 1.564 seconds
[2026-05-13T10:07:33.416+0000] {processor.py:161} INFO - Started process (PID=2554) to work on /opt/airflow/dags/dag.py
[2026-05-13T10:07:33.420+0000] {processor.py:830} INFO - Processing file /opt/airflow/dags/dag.py for tasks to queue
[2026-05-13T10:07:33.422+0000] {logging_mixin.py:188} INFO - [2026-05-13T10:07:33.421+0000] {dagbag.py:538} INFO - Filling up the DagBag from /opt/airflow/dags/dag.py
[2026-05-13T10:07:34.977+0000] {logging_mixin.py:188} INFO - [2026-05-13T10:07:34.952+0000] {dagbag.py:348} ERROR - Failed to import: /opt/airflow/dags/dag.py
Traceback (most recent call last):
  File "/home/airflow/.local/lib/python3.11/site-packages/airflow/models/dagbag.py", line 344, in parse
    loader.exec_module(new_module)
  File "<frozen importlib._bootstrap_external>", line 940, in exec_module
  File "<frozen importlib._bootstrap>", line 241, in _call_with_frames_removed
  File "/opt/airflow/dags/dag.py", line 154, in <module>
    task_producer=PythonOperator(
                  ^^^^^^^^^^^^^^^
  File "/home/airflow/.local/lib/python3.11/site-packages/airflow/models/baseoperator.py", line 437, in apply_defaults
    result = func(self, **kwargs, default_args=default_args)
             ^^^^^^^^^^^^^^^^^^^^^^^^^^^^^^^^^^^^^^^^^^^^^^^
  File "/home/airflow/.local/lib/python3.11/site-packages/airflow/operators/python.py", line 186, in __init__
    raise AirflowException("`python_callable` param must be callable")
airflow.exceptions.AirflowException: `python_callable` param must be callable
[2026-05-13T10:07:34.978+0000] {processor.py:842} WARNING - No viable dags retrieved from /opt/airflow/dags/dag.py
[2026-05-13T10:07:35.010+0000] {processor.py:183} INFO - Processing /opt/airflow/dags/dag.py took 1.599 seconds
[2026-05-13T10:07:35.820+0000] {processor.py:161} INFO - Started process (PID=2572) to work on /opt/airflow/dags/dag.py
[2026-05-13T10:07:35.822+0000] {processor.py:830} INFO - Processing file /opt/airflow/dags/dag.py for tasks to queue
[2026-05-13T10:07:35.824+0000] {logging_mixin.py:188} INFO - [2026-05-13T10:07:35.823+0000] {dagbag.py:538} INFO - Filling up the DagBag from /opt/airflow/dags/dag.py
[2026-05-13T10:07:35.864+0000] {logging_mixin.py:188} INFO - [2026-05-13T10:07:35.862+0000] {dagbag.py:348} ERROR - Failed to import: /opt/airflow/dags/dag.py
Traceback (most recent call last):
  File "/home/airflow/.local/lib/python3.11/site-packages/airflow/models/dagbag.py", line 344, in parse
    loader.exec_module(new_module)
  File "<frozen importlib._bootstrap_external>", line 936, in exec_module
  File "<frozen importlib._bootstrap_external>", line 1074, in get_code
  File "<frozen importlib._bootstrap_external>", line 1004, in source_to_code
  File "<frozen importlib._bootstrap>", line 241, in _call_with_frames_removed
  File "/opt/airflow/dags/dag.py", line 156
    python_callable="run_producer
                    ^
SyntaxError: unterminated string literal (detected at line 156)
[2026-05-13T10:07:35.865+0000] {processor.py:842} WARNING - No viable dags retrieved from /opt/airflow/dags/dag.py
[2026-05-13T10:07:35.899+0000] {processor.py:183} INFO - Processing /opt/airflow/dags/dag.py took 0.083 seconds
[2026-05-13T10:07:37.032+0000] {processor.py:161} INFO - Started process (PID=2577) to work on /opt/airflow/dags/dag.py
[2026-05-13T10:07:37.034+0000] {processor.py:830} INFO - Processing file /opt/airflow/dags/dag.py for tasks to queue
[2026-05-13T10:07:37.037+0000] {logging_mixin.py:188} INFO - [2026-05-13T10:07:37.036+0000] {dagbag.py:538} INFO - Filling up the DagBag from /opt/airflow/dags/dag.py
[2026-05-13T10:07:38.562+0000] {logging_mixin.py:188} INFO - [2026-05-13T10:07:38.533+0000] {dagbag.py:348} ERROR - Failed to import: /opt/airflow/dags/dag.py
Traceback (most recent call last):
  File "/home/airflow/.local/lib/python3.11/site-packages/airflow/models/dagbag.py", line 344, in parse
    loader.exec_module(new_module)
  File "<frozen importlib._bootstrap_external>", line 940, in exec_module
  File "<frozen importlib._bootstrap>", line 241, in _call_with_frames_removed
  File "/opt/airflow/dags/dag.py", line 156, in <module>
    python_callable=run_producer,
                    ^^^^^^^^^^^^
NameError: name 'run_producer' is not defined
[2026-05-13T10:07:38.565+0000] {processor.py:842} WARNING - No viable dags retrieved from /opt/airflow/dags/dag.py
[2026-05-13T10:07:38.615+0000] {processor.py:183} INFO - Processing /opt/airflow/dags/dag.py took 1.597 seconds
[2026-05-13T10:07:44.808+0000] {processor.py:161} INFO - Started process (PID=2595) to work on /opt/airflow/dags/dag.py
[2026-05-13T10:07:44.811+0000] {processor.py:830} INFO - Processing file /opt/airflow/dags/dag.py for tasks to queue
[2026-05-13T10:07:44.814+0000] {logging_mixin.py:188} INFO - [2026-05-13T10:07:44.813+0000] {dagbag.py:538} INFO - Filling up the DagBag from /opt/airflow/dags/dag.py
[2026-05-13T10:07:46.204+0000] {logging_mixin.py:188} INFO - [2026-05-13T10:07:46.191+0000] {dagbag.py:348} ERROR - Failed to import: /opt/airflow/dags/dag.py
Traceback (most recent call last):
  File "/home/airflow/.local/lib/python3.11/site-packages/airflow/models/dagbag.py", line 344, in parse
    loader.exec_module(new_module)
  File "<frozen importlib._bootstrap_external>", line 940, in exec_module
  File "<frozen importlib._bootstrap>", line 241, in _call_with_frames_removed
  File "/opt/airflow/dags/dag.py", line 10, in <module>
    run_producer
NameError: name 'run_producer' is not defined
[2026-05-13T10:07:46.208+0000] {processor.py:842} WARNING - No viable dags retrieved from /opt/airflow/dags/dag.py
[2026-05-13T10:07:46.252+0000] {processor.py:183} INFO - Processing /opt/airflow/dags/dag.py took 1.451 seconds
[2026-05-13T10:07:49.140+0000] {processor.py:161} INFO - Started process (PID=2613) to work on /opt/airflow/dags/dag.py
[2026-05-13T10:07:49.142+0000] {processor.py:830} INFO - Processing file /opt/airflow/dags/dag.py for tasks to queue
[2026-05-13T10:07:49.144+0000] {logging_mixin.py:188} INFO - [2026-05-13T10:07:49.143+0000] {dagbag.py:538} INFO - Filling up the DagBag from /opt/airflow/dags/dag.py
[2026-05-13T10:07:50.601+0000] {logging_mixin.py:188} INFO - [2026-05-13T10:07:50.567+0000] {dagbag.py:348} ERROR - Failed to import: /opt/airflow/dags/dag.py
Traceback (most recent call last):
  File "/home/airflow/.local/lib/python3.11/site-packages/airflow/models/dagbag.py", line 344, in parse
    loader.exec_module(new_module)
  File "<frozen importlib._bootstrap_external>", line 940, in exec_module
  File "<frozen importlib._bootstrap>", line 241, in _call_with_frames_removed
  File "/opt/airflow/dags/dag.py", line 10, in <module>
    from run_producer
    ^^^^^^^^^^^^^^
NameError: name 'frrun_producer' is not defined
[2026-05-13T10:07:50.605+0000] {processor.py:842} WARNING - No viable dags retrieved from /opt/airflow/dags/dag.py
[2026-05-13T10:07:50.650+0000] {processor.py:183} INFO - Processing /opt/airflow/dags/dag.py took 1.516 seconds
[2026-05-13T10:07:53.797+0000] {processor.py:161} INFO - Started process (PID=2631) to work on /opt/airflow/dags/dag.py
[2026-05-13T10:07:53.799+0000] {processor.py:830} INFO - Processing file /opt/airflow/dags/dag.py for tasks to queue
[2026-05-13T10:07:53.801+0000] {logging_mixin.py:188} INFO - [2026-05-13T10:07:53.800+0000] {dagbag.py:538} INFO - Filling up the DagBag from /opt/airflow/dags/dag.py
[2026-05-13T10:07:53.876+0000] {logging_mixin.py:188} INFO - [2026-05-13T10:07:53.873+0000] {dagbag.py:348} ERROR - Failed to import: /opt/airflow/dags/dag.py
Traceback (most recent call last):
  File "/home/airflow/.local/lib/python3.11/site-packages/airflow/models/dagbag.py", line 344, in parse
    loader.exec_module(new_module)
  File "<frozen importlib._bootstrap_external>", line 936, in exec_module
  File "<frozen importlib._bootstrap_external>", line 1074, in get_code
  File "<frozen importlib._bootstrap_external>", line 1004, in source_to_code
  File "<frozen importlib._bootstrap>", line 241, in _call_with_frames_removed
  File "/opt/airflow/dags/dag.py", line 10
    from kaflarun_producer
                          ^
SyntaxError: invalid syntax
[2026-05-13T10:07:53.877+0000] {processor.py:842} WARNING - No viable dags retrieved from /opt/airflow/dags/dag.py
[2026-05-13T10:07:53.909+0000] {processor.py:183} INFO - Processing /opt/airflow/dags/dag.py took 0.119 seconds
[2026-05-13T10:07:55.854+0000] {processor.py:161} INFO - Started process (PID=2636) to work on /opt/airflow/dags/dag.py
[2026-05-13T10:07:55.858+0000] {processor.py:830} INFO - Processing file /opt/airflow/dags/dag.py for tasks to queue
[2026-05-13T10:07:55.861+0000] {logging_mixin.py:188} INFO - [2026-05-13T10:07:55.860+0000] {dagbag.py:538} INFO - Filling up the DagBag from /opt/airflow/dags/dag.py
[2026-05-13T10:07:55.896+0000] {logging_mixin.py:188} INFO - [2026-05-13T10:07:55.895+0000] {dagbag.py:348} ERROR - Failed to import: /opt/airflow/dags/dag.py
Traceback (most recent call last):
  File "/home/airflow/.local/lib/python3.11/site-packages/airflow/models/dagbag.py", line 344, in parse
    loader.exec_module(new_module)
  File "<frozen importlib._bootstrap_external>", line 936, in exec_module
  File "<frozen importlib._bootstrap_external>", line 1074, in get_code
  File "<frozen importlib._bootstrap_external>", line 1004, in source_to_code
  File "<frozen importlib._bootstrap>", line 241, in _call_with_frames_removed
  File "/opt/airflow/dags/dag.py", line 10
    from kafla. run_producer
                            ^
SyntaxError: invalid syntax
[2026-05-13T10:07:55.897+0000] {processor.py:842} WARNING - No viable dags retrieved from /opt/airflow/dags/dag.py
[2026-05-13T10:07:55.924+0000] {processor.py:183} INFO - Processing /opt/airflow/dags/dag.py took 0.075 seconds
[2026-05-13T10:08:01.988+0000] {processor.py:161} INFO - Started process (PID=2641) to work on /opt/airflow/dags/dag.py
[2026-05-13T10:08:01.990+0000] {processor.py:830} INFO - Processing file /opt/airflow/dags/dag.py for tasks to queue
[2026-05-13T10:08:01.992+0000] {logging_mixin.py:188} INFO - [2026-05-13T10:08:01.991+0000] {dagbag.py:538} INFO - Filling up the DagBag from /opt/airflow/dags/dag.py
[2026-05-13T10:08:02.044+0000] {logging_mixin.py:188} INFO - [2026-05-13T10:08:02.043+0000] {dagbag.py:348} ERROR - Failed to import: /opt/airflow/dags/dag.py
Traceback (most recent call last):
  File "/home/airflow/.local/lib/python3.11/site-packages/airflow/models/dagbag.py", line 344, in parse
    loader.exec_module(new_module)
  File "<frozen importlib._bootstrap_external>", line 936, in exec_module
  File "<frozen importlib._bootstrap_external>", line 1074, in get_code
  File "<frozen importlib._bootstrap_external>", line 1004, in source_to_code
  File "<frozen importlib._bootstrap>", line 241, in _call_with_frames_removed
  File "/opt/airflow/dags/dag.py", line 10
    from kafla.kafka run_producer
                     ^^^^^^^^^^^^
SyntaxError: invalid syntax
[2026-05-13T10:08:02.046+0000] {processor.py:842} WARNING - No viable dags retrieved from /opt/airflow/dags/dag.py
[2026-05-13T10:08:02.086+0000] {processor.py:183} INFO - Processing /opt/airflow/dags/dag.py took 0.105 seconds
[2026-05-13T10:08:08.153+0000] {processor.py:161} INFO - Started process (PID=2646) to work on /opt/airflow/dags/dag.py
[2026-05-13T10:08:08.155+0000] {processor.py:830} INFO - Processing file /opt/airflow/dags/dag.py for tasks to queue
[2026-05-13T10:08:08.158+0000] {logging_mixin.py:188} INFO - [2026-05-13T10:08:08.157+0000] {dagbag.py:538} INFO - Filling up the DagBag from /opt/airflow/dags/dag.py
[2026-05-13T10:08:08.220+0000] {logging_mixin.py:188} INFO - [2026-05-13T10:08:08.218+0000] {dagbag.py:348} ERROR - Failed to import: /opt/airflow/dags/dag.py
Traceback (most recent call last):
  File "/home/airflow/.local/lib/python3.11/site-packages/airflow/models/dagbag.py", line 344, in parse
    loader.exec_module(new_module)
  File "<frozen importlib._bootstrap_external>", line 936, in exec_module
  File "<frozen importlib._bootstrap_external>", line 1074, in get_code
  File "<frozen importlib._bootstrap_external>", line 1004, in source_to_code
  File "<frozen importlib._bootstrap>", line 241, in _call_with_frames_removed
  File "/opt/airflow/dags/dag.py", line 10
    from kafla.kafka_producer run_producer
                              ^^^^^^^^^^^^
SyntaxError: invalid syntax
[2026-05-13T10:08:08.222+0000] {processor.py:842} WARNING - No viable dags retrieved from /opt/airflow/dags/dag.py
[2026-05-13T10:08:08.271+0000] {processor.py:183} INFO - Processing /opt/airflow/dags/dag.py took 0.123 seconds
[2026-05-13T10:08:09.275+0000] {processor.py:161} INFO - Started process (PID=2651) to work on /opt/airflow/dags/dag.py
[2026-05-13T10:08:09.277+0000] {processor.py:830} INFO - Processing file /opt/airflow/dags/dag.py for tasks to queue
[2026-05-13T10:08:09.280+0000] {logging_mixin.py:188} INFO - [2026-05-13T10:08:09.279+0000] {dagbag.py:538} INFO - Filling up the DagBag from /opt/airflow/dags/dag.py
[2026-05-13T10:08:09.347+0000] {logging_mixin.py:188} INFO - [2026-05-13T10:08:09.344+0000] {dagbag.py:348} ERROR - Failed to import: /opt/airflow/dags/dag.py
Traceback (most recent call last):
  File "/home/airflow/.local/lib/python3.11/site-packages/airflow/models/dagbag.py", line 344, in parse
    loader.exec_module(new_module)
  File "<frozen importlib._bootstrap_external>", line 936, in exec_module
  File "<frozen importlib._bootstrap_external>", line 1074, in get_code
  File "<frozen importlib._bootstrap_external>", line 1004, in source_to_code
  File "<frozen importlib._bootstrap>", line 241, in _call_with_frames_removed
  File "/opt/airflow/dags/dag.py", line 10
    from kafla.kafka_producer  run_producer
                               ^^^^^^^^^^^^
SyntaxError: invalid syntax
[2026-05-13T10:08:09.349+0000] {processor.py:842} WARNING - No viable dags retrieved from /opt/airflow/dags/dag.py
[2026-05-13T10:08:09.397+0000] {processor.py:183} INFO - Processing /opt/airflow/dags/dag.py took 0.129 seconds
[2026-05-13T10:08:13.452+0000] {processor.py:161} INFO - Started process (PID=2656) to work on /opt/airflow/dags/dag.py
[2026-05-13T10:08:13.455+0000] {processor.py:830} INFO - Processing file /opt/airflow/dags/dag.py for tasks to queue
[2026-05-13T10:08:13.457+0000] {logging_mixin.py:188} INFO - [2026-05-13T10:08:13.456+0000] {dagbag.py:538} INFO - Filling up the DagBag from /opt/airflow/dags/dag.py
[2026-05-13T10:08:13.517+0000] {logging_mixin.py:188} INFO - [2026-05-13T10:08:13.515+0000] {dagbag.py:348} ERROR - Failed to import: /opt/airflow/dags/dag.py
Traceback (most recent call last):
  File "/home/airflow/.local/lib/python3.11/site-packages/airflow/models/dagbag.py", line 344, in parse
    loader.exec_module(new_module)
  File "<frozen importlib._bootstrap_external>", line 936, in exec_module
  File "<frozen importlib._bootstrap_external>", line 1074, in get_code
  File "<frozen importlib._bootstrap_external>", line 1004, in source_to_code
  File "<frozen importlib._bootstrap>", line 241, in _call_with_frames_removed
  File "/opt/airflow/dags/dag.py", line 10
    from kafka.kafka_producer  run_producer
                               ^^^^^^^^^^^^
SyntaxError: invalid syntax
[2026-05-13T10:08:13.519+0000] {processor.py:842} WARNING - No viable dags retrieved from /opt/airflow/dags/dag.py
[2026-05-13T10:08:13.566+0000] {processor.py:183} INFO - Processing /opt/airflow/dags/dag.py took 0.120 seconds
[2026-05-13T10:08:16.636+0000] {processor.py:161} INFO - Started process (PID=2661) to work on /opt/airflow/dags/dag.py
[2026-05-13T10:08:16.638+0000] {processor.py:830} INFO - Processing file /opt/airflow/dags/dag.py for tasks to queue
[2026-05-13T10:08:16.640+0000] {logging_mixin.py:188} INFO - [2026-05-13T10:08:16.640+0000] {dagbag.py:538} INFO - Filling up the DagBag from /opt/airflow/dags/dag.py
[2026-05-13T10:08:18.171+0000] {logging_mixin.py:188} INFO - [2026-05-13T10:08:18.161+0000] {dagbag.py:348} ERROR - Failed to import: /opt/airflow/dags/dag.py
Traceback (most recent call last):
  File "/home/airflow/.local/lib/python3.11/site-packages/airflow/models/dagbag.py", line 344, in parse
    loader.exec_module(new_module)
  File "<frozen importlib._bootstrap_external>", line 940, in exec_module
  File "<frozen importlib._bootstrap>", line 241, in _call_with_frames_removed
  File "/opt/airflow/dags/dag.py", line 10, in <module>
    from kafka.kafka_producer import  run_producer
ModuleNotFoundError: No module named 'kafka.kafka_producer'
[2026-05-13T10:08:18.175+0000] {processor.py:842} WARNING - No viable dags retrieved from /opt/airflow/dags/dag.py
[2026-05-13T10:08:18.205+0000] {processor.py:183} INFO - Processing /opt/airflow/dags/dag.py took 1.573 seconds
[2026-05-13T10:08:23.753+0000] {processor.py:161} INFO - Started process (PID=2679) to work on /opt/airflow/dags/dag.py
[2026-05-13T10:08:23.755+0000] {processor.py:830} INFO - Processing file /opt/airflow/dags/dag.py for tasks to queue
[2026-05-13T10:08:23.757+0000] {logging_mixin.py:188} INFO - [2026-05-13T10:08:23.756+0000] {dagbag.py:538} INFO - Filling up the DagBag from /opt/airflow/dags/dag.py
[2026-05-13T10:08:25.328+0000] {logging_mixin.py:188} INFO - [2026-05-13T10:08:25.314+0000] {dagbag.py:348} ERROR - Failed to import: /opt/airflow/dags/dag.py
Traceback (most recent call last):
  File "/home/airflow/.local/lib/python3.11/site-packages/airflow/models/dagbag.py", line 344, in parse
    loader.exec_module(new_module)
  File "<frozen importlib._bootstrap_external>", line 940, in exec_module
  File "<frozen importlib._bootstrap>", line 241, in _call_with_frames_removed
  File "/opt/airflow/dags/dag.py", line 10, in <module>
    from kafka.kafka_producer import  run_producer
ModuleNotFoundError: No module named 'kafka.kafka_producer'
[2026-05-13T10:08:25.332+0000] {processor.py:842} WARNING - No viable dags retrieved from /opt/airflow/dags/dag.py
[2026-05-13T10:08:25.369+0000] {processor.py:183} INFO - Processing /opt/airflow/dags/dag.py took 1.622 seconds
[2026-05-13T10:08:26.368+0000] {processor.py:161} INFO - Started process (PID=2697) to work on /opt/airflow/dags/dag.py
[2026-05-13T10:08:26.371+0000] {processor.py:830} INFO - Processing file /opt/airflow/dags/dag.py for tasks to queue
[2026-05-13T10:08:26.374+0000] {logging_mixin.py:188} INFO - [2026-05-13T10:08:26.372+0000] {dagbag.py:538} INFO - Filling up the DagBag from /opt/airflow/dags/dag.py
[2026-05-13T10:08:26.403+0000] {logging_mixin.py:188} INFO - [2026-05-13T10:08:26.402+0000] {dagbag.py:348} ERROR - Failed to import: /opt/airflow/dags/dag.py
Traceback (most recent call last):
  File "/home/airflow/.local/lib/python3.11/site-packages/airflow/models/dagbag.py", line 344, in parse
    loader.exec_module(new_module)
  File "<frozen importlib._bootstrap_external>", line 936, in exec_module
  File "<frozen importlib._bootstrap_external>", line 1074, in get_code
  File "<frozen importlib._bootstrap_external>", line 1004, in source_to_code
  File "<frozen importlib._bootstrap>", line 241, in _call_with_frames_removed
  File "/opt/airflow/dags/dag.py", line 159
    )
    ^
SyntaxError: positional argument follows keyword argument
[2026-05-13T10:08:26.404+0000] {processor.py:842} WARNING - No viable dags retrieved from /opt/airflow/dags/dag.py
[2026-05-13T10:08:26.430+0000] {processor.py:183} INFO - Processing /opt/airflow/dags/dag.py took 0.067 seconds
[2026-05-13T10:08:30.564+0000] {processor.py:161} INFO - Started process (PID=2702) to work on /opt/airflow/dags/dag.py
[2026-05-13T10:08:30.566+0000] {processor.py:830} INFO - Processing file /opt/airflow/dags/dag.py for tasks to queue
[2026-05-13T10:08:30.568+0000] {logging_mixin.py:188} INFO - [2026-05-13T10:08:30.568+0000] {dagbag.py:538} INFO - Filling up the DagBag from /opt/airflow/dags/dag.py
[2026-05-13T10:08:30.640+0000] {logging_mixin.py:188} INFO - [2026-05-13T10:08:30.638+0000] {dagbag.py:348} ERROR - Failed to import: /opt/airflow/dags/dag.py
Traceback (most recent call last):
  File "/home/airflow/.local/lib/python3.11/site-packages/airflow/models/dagbag.py", line 344, in parse
    loader.exec_module(new_module)
  File "<frozen importlib._bootstrap_external>", line 936, in exec_module
  File "<frozen importlib._bootstrap_external>", line 1074, in get_code
  File "<frozen importlib._bootstrap_external>", line 1004, in source_to_code
  File "<frozen importlib._bootstrap>", line 241, in _call_with_frames_removed
  File "/opt/airflow/dags/dag.py", line 159
    )
    ^
SyntaxError: invalid syntax
[2026-05-13T10:08:30.642+0000] {processor.py:842} WARNING - No viable dags retrieved from /opt/airflow/dags/dag.py
[2026-05-13T10:08:30.691+0000] {processor.py:183} INFO - Processing /opt/airflow/dags/dag.py took 0.132 seconds
[2026-05-13T10:08:31.591+0000] {processor.py:161} INFO - Started process (PID=2707) to work on /opt/airflow/dags/dag.py
[2026-05-13T10:08:31.593+0000] {processor.py:830} INFO - Processing file /opt/airflow/dags/dag.py for tasks to queue
[2026-05-13T10:08:31.594+0000] {logging_mixin.py:188} INFO - [2026-05-13T10:08:31.594+0000] {dagbag.py:538} INFO - Filling up the DagBag from /opt/airflow/dags/dag.py
[2026-05-13T10:08:33.216+0000] {logging_mixin.py:188} INFO - [2026-05-13T10:08:33.204+0000] {dagbag.py:348} ERROR - Failed to import: /opt/airflow/dags/dag.py
Traceback (most recent call last):
  File "/home/airflow/.local/lib/python3.11/site-packages/airflow/models/dagbag.py", line 344, in parse
    loader.exec_module(new_module)
  File "<frozen importlib._bootstrap_external>", line 940, in exec_module
  File "<frozen importlib._bootstrap>", line 241, in _call_with_frames_removed
  File "/opt/airflow/dags/dag.py", line 10, in <module>
    from kafka.kafka_producer import  run_producer
ModuleNotFoundError: No module named 'kafka.kafka_producer'
[2026-05-13T10:08:33.220+0000] {processor.py:842} WARNING - No viable dags retrieved from /opt/airflow/dags/dag.py
[2026-05-13T10:08:33.251+0000] {processor.py:183} INFO - Processing /opt/airflow/dags/dag.py took 1.665 seconds
[2026-05-13T10:08:44.480+0000] {processor.py:161} INFO - Started process (PID=2725) to work on /opt/airflow/dags/dag.py
[2026-05-13T10:08:44.482+0000] {processor.py:830} INFO - Processing file /opt/airflow/dags/dag.py for tasks to queue
[2026-05-13T10:08:44.485+0000] {logging_mixin.py:188} INFO - [2026-05-13T10:08:44.484+0000] {dagbag.py:538} INFO - Filling up the DagBag from /opt/airflow/dags/dag.py
[2026-05-13T10:08:44.560+0000] {logging_mixin.py:188} INFO - [2026-05-13T10:08:44.558+0000] {dagbag.py:348} ERROR - Failed to import: /opt/airflow/dags/dag.py
Traceback (most recent call last):
  File "/home/airflow/.local/lib/python3.11/site-packages/airflow/models/dagbag.py", line 344, in parse
    loader.exec_module(new_module)
  File "<frozen importlib._bootstrap_external>", line 936, in exec_module
  File "<frozen importlib._bootstrap_external>", line 1074, in get_code
  File "<frozen importlib._bootstrap_external>", line 1004, in source_to_code
  File "<frozen importlib._bootstrap>", line 241, in _call_with_frames_removed
  File "/opt/airflow/dags/dag.py", line 159
    parquet_path: str, topic: str = TOPIC
                                  ^
SyntaxError: invalid syntax
[2026-05-13T10:08:44.562+0000] {processor.py:842} WARNING - No viable dags retrieved from /opt/airflow/dags/dag.py
[2026-05-13T10:08:44.609+0000] {processor.py:183} INFO - Processing /opt/airflow/dags/dag.py took 0.135 seconds
[2026-05-13T10:08:46.531+0000] {processor.py:161} INFO - Started process (PID=2730) to work on /opt/airflow/dags/dag.py
[2026-05-13T10:08:46.534+0000] {processor.py:830} INFO - Processing file /opt/airflow/dags/dag.py for tasks to queue
[2026-05-13T10:08:46.536+0000] {logging_mixin.py:188} INFO - [2026-05-13T10:08:46.536+0000] {dagbag.py:538} INFO - Filling up the DagBag from /opt/airflow/dags/dag.py
[2026-05-13T10:08:46.576+0000] {logging_mixin.py:188} INFO - [2026-05-13T10:08:46.575+0000] {dagbag.py:348} ERROR - Failed to import: /opt/airflow/dags/dag.py
Traceback (most recent call last):
  File "/home/airflow/.local/lib/python3.11/site-packages/airflow/models/dagbag.py", line 344, in parse
    loader.exec_module(new_module)
  File "<frozen importlib._bootstrap_external>", line 936, in exec_module
  File "<frozen importlib._bootstrap_external>", line 1074, in get_code
  File "<frozen importlib._bootstrap_external>", line 1004, in source_to_code
  File "<frozen importlib._bootstrap>", line 241, in _call_with_frames_removed
  File "/opt/airflow/dags/dag.py", line 159
    parquet_path: str, topic: 
                            ^
SyntaxError: expression expected after dictionary key and ':'
[2026-05-13T10:08:46.577+0000] {processor.py:842} WARNING - No viable dags retrieved from /opt/airflow/dags/dag.py
[2026-05-13T10:08:46.618+0000] {processor.py:183} INFO - Processing /opt/airflow/dags/dag.py took 0.092 seconds
[2026-05-13T10:08:47.606+0000] {processor.py:161} INFO - Started process (PID=2735) to work on /opt/airflow/dags/dag.py
[2026-05-13T10:08:47.611+0000] {processor.py:830} INFO - Processing file /opt/airflow/dags/dag.py for tasks to queue
[2026-05-13T10:08:47.613+0000] {logging_mixin.py:188} INFO - [2026-05-13T10:08:47.612+0000] {dagbag.py:538} INFO - Filling up the DagBag from /opt/airflow/dags/dag.py
[2026-05-13T10:08:47.660+0000] {logging_mixin.py:188} INFO - [2026-05-13T10:08:47.658+0000] {dagbag.py:348} ERROR - Failed to import: /opt/airflow/dags/dag.py
Traceback (most recent call last):
  File "/home/airflow/.local/lib/python3.11/site-packages/airflow/models/dagbag.py", line 344, in parse
    loader.exec_module(new_module)
  File "<frozen importlib._bootstrap_external>", line 936, in exec_module
  File "<frozen importlib._bootstrap_external>", line 1074, in get_code
  File "<frozen importlib._bootstrap_external>", line 1004, in source_to_code
  File "<frozen importlib._bootstrap>", line 241, in _call_with_frames_removed
  File "/opt/airflow/dags/dag.py", line 160
    topic: 
         ^
SyntaxError: expression expected after dictionary key and ':'
[2026-05-13T10:08:47.662+0000] {processor.py:842} WARNING - No viable dags retrieved from /opt/airflow/dags/dag.py
[2026-05-13T10:08:47.697+0000] {processor.py:183} INFO - Processing /opt/airflow/dags/dag.py took 0.095 seconds
[2026-05-13T10:08:52.808+0000] {processor.py:161} INFO - Started process (PID=2740) to work on /opt/airflow/dags/dag.py
[2026-05-13T10:08:52.810+0000] {processor.py:830} INFO - Processing file /opt/airflow/dags/dag.py for tasks to queue
[2026-05-13T10:08:52.813+0000] {logging_mixin.py:188} INFO - [2026-05-13T10:08:52.812+0000] {dagbag.py:538} INFO - Filling up the DagBag from /opt/airflow/dags/dag.py
[2026-05-13T10:08:52.887+0000] {logging_mixin.py:188} INFO - [2026-05-13T10:08:52.885+0000] {dagbag.py:348} ERROR - Failed to import: /opt/airflow/dags/dag.py
Traceback (most recent call last):
  File "/home/airflow/.local/lib/python3.11/site-packages/airflow/models/dagbag.py", line 344, in parse
    loader.exec_module(new_module)
  File "<frozen importlib._bootstrap_external>", line 936, in exec_module
  File "<frozen importlib._bootstrap_external>", line 1074, in get_code
  File "<frozen importlib._bootstrap_external>", line 1004, in source_to_code
  File "<frozen importlib._bootstrap>", line 241, in _call_with_frames_removed
  File "/opt/airflow/dags/dag.py", line 159
    parquet_path: , 
                ^
SyntaxError: expression expected after dictionary key and ':'
[2026-05-13T10:08:52.889+0000] {processor.py:842} WARNING - No viable dags retrieved from /opt/airflow/dags/dag.py
[2026-05-13T10:08:52.940+0000] {processor.py:183} INFO - Processing /opt/airflow/dags/dag.py took 0.137 seconds
[2026-05-13T10:08:56.925+0000] {processor.py:161} INFO - Started process (PID=2745) to work on /opt/airflow/dags/dag.py
[2026-05-13T10:08:56.927+0000] {processor.py:830} INFO - Processing file /opt/airflow/dags/dag.py for tasks to queue
[2026-05-13T10:08:56.930+0000] {logging_mixin.py:188} INFO - [2026-05-13T10:08:56.929+0000] {dagbag.py:538} INFO - Filling up the DagBag from /opt/airflow/dags/dag.py
[2026-05-13T10:08:56.996+0000] {logging_mixin.py:188} INFO - [2026-05-13T10:08:56.994+0000] {dagbag.py:348} ERROR - Failed to import: /opt/airflow/dags/dag.py
Traceback (most recent call last):
  File "/home/airflow/.local/lib/python3.11/site-packages/airflow/models/dagbag.py", line 344, in parse
    loader.exec_module(new_module)
  File "<frozen importlib._bootstrap_external>", line 936, in exec_module
  File "<frozen importlib._bootstrap_external>", line 1074, in get_code
  File "<frozen importlib._bootstrap_external>", line 1004, in source_to_code
  File "<frozen importlib._bootstrap>", line 241, in _call_with_frames_removed
  File "/opt/airflow/dags/dag.py", line 159
    "parquet_path": , 
                  ^
SyntaxError: expression expected after dictionary key and ':'
[2026-05-13T10:08:56.998+0000] {processor.py:842} WARNING - No viable dags retrieved from /opt/airflow/dags/dag.py
[2026-05-13T10:08:57.047+0000] {processor.py:183} INFO - Processing /opt/airflow/dags/dag.py took 0.129 seconds
[2026-05-13T10:09:16.238+0000] {processor.py:161} INFO - Started process (PID=2750) to work on /opt/airflow/dags/dag.py
[2026-05-13T10:09:16.239+0000] {processor.py:830} INFO - Processing file /opt/airflow/dags/dag.py for tasks to queue
[2026-05-13T10:09:16.241+0000] {logging_mixin.py:188} INFO - [2026-05-13T10:09:16.240+0000] {dagbag.py:538} INFO - Filling up the DagBag from /opt/airflow/dags/dag.py
[2026-05-13T10:09:16.266+0000] {logging_mixin.py:188} INFO - [2026-05-13T10:09:16.264+0000] {dagbag.py:348} ERROR - Failed to import: /opt/airflow/dags/dag.py
Traceback (most recent call last):
  File "/home/airflow/.local/lib/python3.11/site-packages/airflow/models/dagbag.py", line 344, in parse
    loader.exec_module(new_module)
  File "<frozen importlib._bootstrap_external>", line 936, in exec_module
  File "<frozen importlib._bootstrap_external>", line 1074, in get_code
  File "<frozen importlib._bootstrap_external>", line 1004, in source_to_code
  File "<frozen importlib._bootstrap>", line 241, in _call_with_frames_removed
  File "/opt/airflow/dags/dag.py", line 160
    "topic": 
           ^
SyntaxError: expression expected after dictionary key and ':'
[2026-05-13T10:09:16.268+0000] {processor.py:842} WARNING - No viable dags retrieved from /opt/airflow/dags/dag.py
[2026-05-13T10:09:16.320+0000] {processor.py:183} INFO - Processing /opt/airflow/dags/dag.py took 0.086 seconds
[2026-05-13T10:09:32.516+0000] {processor.py:161} INFO - Started process (PID=2755) to work on /opt/airflow/dags/dag.py
[2026-05-13T10:09:32.519+0000] {processor.py:830} INFO - Processing file /opt/airflow/dags/dag.py for tasks to queue
[2026-05-13T10:09:32.521+0000] {logging_mixin.py:188} INFO - [2026-05-13T10:09:32.521+0000] {dagbag.py:538} INFO - Filling up the DagBag from /opt/airflow/dags/dag.py
[2026-05-13T10:09:34.177+0000] {logging_mixin.py:188} INFO - [2026-05-13T10:09:34.168+0000] {dagbag.py:348} ERROR - Failed to import: /opt/airflow/dags/dag.py
Traceback (most recent call last):
  File "/home/airflow/.local/lib/python3.11/site-packages/airflow/models/dagbag.py", line 344, in parse
    loader.exec_module(new_module)
  File "<frozen importlib._bootstrap_external>", line 940, in exec_module
  File "<frozen importlib._bootstrap>", line 241, in _call_with_frames_removed
  File "/opt/airflow/dags/dag.py", line 10, in <module>
    from kafka.kafka_producer import  run_producer
ModuleNotFoundError: No module named 'kafka.kafka_producer'
[2026-05-13T10:09:34.180+0000] {processor.py:842} WARNING - No viable dags retrieved from /opt/airflow/dags/dag.py
[2026-05-13T10:09:34.213+0000] {processor.py:183} INFO - Processing /opt/airflow/dags/dag.py took 1.703 seconds
[2026-05-13T10:09:37.356+0000] {processor.py:161} INFO - Started process (PID=2773) to work on /opt/airflow/dags/dag.py
[2026-05-13T10:09:37.358+0000] {processor.py:830} INFO - Processing file /opt/airflow/dags/dag.py for tasks to queue
[2026-05-13T10:09:37.360+0000] {logging_mixin.py:188} INFO - [2026-05-13T10:09:37.360+0000] {dagbag.py:538} INFO - Filling up the DagBag from /opt/airflow/dags/dag.py
[2026-05-13T10:09:37.418+0000] {logging_mixin.py:188} INFO - [2026-05-13T10:09:37.416+0000] {dagbag.py:348} ERROR - Failed to import: /opt/airflow/dags/dag.py
Traceback (most recent call last):
  File "/home/airflow/.local/lib/python3.11/site-packages/airflow/models/dagbag.py", line 344, in parse
    loader.exec_module(new_module)
  File "<frozen importlib._bootstrap_external>", line 936, in exec_module
  File "<frozen importlib._bootstrap_external>", line 1074, in get_code
  File "<frozen importlib._bootstrap_external>", line 1004, in source_to_code
  File "<frozen importlib._bootstrap>", line 241, in _call_with_frames_removed
  File "/opt/airflow/dags/dag.py", line 160
    "topic": 
           ^
SyntaxError: expression expected after dictionary key and ':'
[2026-05-13T10:09:37.419+0000] {processor.py:842} WARNING - No viable dags retrieved from /opt/airflow/dags/dag.py
[2026-05-13T10:09:37.458+0000] {processor.py:183} INFO - Processing /opt/airflow/dags/dag.py took 0.108 seconds
[2026-05-13T10:09:45.485+0000] {processor.py:161} INFO - Started process (PID=2778) to work on /opt/airflow/dags/dag.py
[2026-05-13T10:09:45.487+0000] {processor.py:830} INFO - Processing file /opt/airflow/dags/dag.py for tasks to queue
[2026-05-13T10:09:45.490+0000] {logging_mixin.py:188} INFO - [2026-05-13T10:09:45.489+0000] {dagbag.py:538} INFO - Filling up the DagBag from /opt/airflow/dags/dag.py
[2026-05-13T10:09:47.098+0000] {logging_mixin.py:188} INFO - [2026-05-13T10:09:47.084+0000] {dagbag.py:348} ERROR - Failed to import: /opt/airflow/dags/dag.py
Traceback (most recent call last):
  File "/home/airflow/.local/lib/python3.11/site-packages/airflow/models/dagbag.py", line 344, in parse
    loader.exec_module(new_module)
  File "<frozen importlib._bootstrap_external>", line 940, in exec_module
  File "<frozen importlib._bootstrap>", line 241, in _call_with_frames_removed
  File "/opt/airflow/dags/dag.py", line 10, in <module>
    from kafka.kafka_producer import  run_producer
ModuleNotFoundError: No module named 'kafka.kafka_producer'
[2026-05-13T10:09:47.102+0000] {processor.py:842} WARNING - No viable dags retrieved from /opt/airflow/dags/dag.py
[2026-05-13T10:09:47.149+0000] {processor.py:183} INFO - Processing /opt/airflow/dags/dag.py took 1.671 seconds
[2026-05-13T10:09:47.655+0000] {processor.py:161} INFO - Started process (PID=2796) to work on /opt/airflow/dags/dag.py
[2026-05-13T10:09:47.657+0000] {processor.py:830} INFO - Processing file /opt/airflow/dags/dag.py for tasks to queue
[2026-05-13T10:09:47.659+0000] {logging_mixin.py:188} INFO - [2026-05-13T10:09:47.659+0000] {dagbag.py:538} INFO - Filling up the DagBag from /opt/airflow/dags/dag.py
[2026-05-13T10:09:49.061+0000] {logging_mixin.py:188} INFO - [2026-05-13T10:09:49.046+0000] {dagbag.py:348} ERROR - Failed to import: /opt/airflow/dags/dag.py
Traceback (most recent call last):
  File "/home/airflow/.local/lib/python3.11/site-packages/airflow/models/dagbag.py", line 344, in parse
    loader.exec_module(new_module)
  File "<frozen importlib._bootstrap_external>", line 940, in exec_module
  File "<frozen importlib._bootstrap>", line 241, in _call_with_frames_removed
  File "/opt/airflow/dags/dag.py", line 10, in <module>
    from kafka.kafka_producer import  run_producer
ModuleNotFoundError: No module named 'kafka.kafka_producer'
[2026-05-13T10:09:49.065+0000] {processor.py:842} WARNING - No viable dags retrieved from /opt/airflow/dags/dag.py
[2026-05-13T10:09:49.104+0000] {processor.py:183} INFO - Processing /opt/airflow/dags/dag.py took 1.455 seconds
[2026-05-13T10:10:04.868+0000] {processor.py:161} INFO - Started process (PID=2814) to work on /opt/airflow/dags/dag.py
[2026-05-13T10:10:04.870+0000] {processor.py:830} INFO - Processing file /opt/airflow/dags/dag.py for tasks to queue
[2026-05-13T10:10:04.871+0000] {logging_mixin.py:188} INFO - [2026-05-13T10:10:04.871+0000] {dagbag.py:538} INFO - Filling up the DagBag from /opt/airflow/dags/dag.py
[2026-05-13T10:10:06.456+0000] {logging_mixin.py:188} INFO - [2026-05-13T10:10:06.447+0000] {dagbag.py:348} ERROR - Failed to import: /opt/airflow/dags/dag.py
Traceback (most recent call last):
  File "/home/airflow/.local/lib/python3.11/site-packages/airflow/models/dagbag.py", line 344, in parse
    loader.exec_module(new_module)
  File "<frozen importlib._bootstrap_external>", line 940, in exec_module
  File "<frozen importlib._bootstrap>", line 241, in _call_with_frames_removed
  File "/opt/airflow/dags/dag.py", line 10, in <module>
    from kafka.kafka_producer import  run_producer
ModuleNotFoundError: No module named 'kafka.kafka_producer'
[2026-05-13T10:10:06.459+0000] {processor.py:842} WARNING - No viable dags retrieved from /opt/airflow/dags/dag.py
[2026-05-13T10:10:06.485+0000] {processor.py:183} INFO - Processing /opt/airflow/dags/dag.py took 1.624 seconds
[2026-05-13T10:10:07.438+0000] {processor.py:161} INFO - Started process (PID=2832) to work on /opt/airflow/dags/dag.py
[2026-05-13T10:10:07.440+0000] {processor.py:830} INFO - Processing file /opt/airflow/dags/dag.py for tasks to queue
[2026-05-13T10:10:07.443+0000] {logging_mixin.py:188} INFO - [2026-05-13T10:10:07.442+0000] {dagbag.py:538} INFO - Filling up the DagBag from /opt/airflow/dags/dag.py
[2026-05-13T10:10:07.522+0000] {logging_mixin.py:188} INFO - [2026-05-13T10:10:07.520+0000] {dagbag.py:348} ERROR - Failed to import: /opt/airflow/dags/dag.py
Traceback (most recent call last):
  File "/home/airflow/.local/lib/python3.11/site-packages/airflow/models/dagbag.py", line 344, in parse
    loader.exec_module(new_module)
  File "<frozen importlib._bootstrap_external>", line 936, in exec_module
  File "<frozen importlib._bootstrap_external>", line 1074, in get_code
  File "<frozen importlib._bootstrap_external>", line 1004, in source_to_code
  File "<frozen importlib._bootstrap>", line 241, in _call_with_frames_removed
  File "/opt/airflow/dags/dag.py", line 177
    task_entrenamineto >> 
                          ^
SyntaxError: invalid syntax
[2026-05-13T10:10:07.524+0000] {processor.py:842} WARNING - No viable dags retrieved from /opt/airflow/dags/dag.py
[2026-05-13T10:10:07.598+0000] {processor.py:183} INFO - Processing /opt/airflow/dags/dag.py took 0.166 seconds
[2026-05-13T10:10:14.682+0000] {processor.py:161} INFO - Started process (PID=2837) to work on /opt/airflow/dags/dag.py
[2026-05-13T10:10:14.684+0000] {processor.py:830} INFO - Processing file /opt/airflow/dags/dag.py for tasks to queue
[2026-05-13T10:10:14.686+0000] {logging_mixin.py:188} INFO - [2026-05-13T10:10:14.686+0000] {dagbag.py:538} INFO - Filling up the DagBag from /opt/airflow/dags/dag.py
[2026-05-13T10:10:16.196+0000] {logging_mixin.py:188} INFO - [2026-05-13T10:10:16.186+0000] {dagbag.py:348} ERROR - Failed to import: /opt/airflow/dags/dag.py
Traceback (most recent call last):
  File "/home/airflow/.local/lib/python3.11/site-packages/airflow/models/dagbag.py", line 344, in parse
    loader.exec_module(new_module)
  File "<frozen importlib._bootstrap_external>", line 940, in exec_module
  File "<frozen importlib._bootstrap>", line 241, in _call_with_frames_removed
  File "/opt/airflow/dags/dag.py", line 10, in <module>
    from kafka.kafka_producer import  run_producer
ModuleNotFoundError: No module named 'kafka.kafka_producer'
[2026-05-13T10:10:16.199+0000] {processor.py:842} WARNING - No viable dags retrieved from /opt/airflow/dags/dag.py
[2026-05-13T10:10:16.233+0000] {processor.py:183} INFO - Processing /opt/airflow/dags/dag.py took 1.555 seconds
[2026-05-13T10:10:46.623+0000] {processor.py:161} INFO - Started process (PID=2855) to work on /opt/airflow/dags/dag.py
[2026-05-13T10:10:46.625+0000] {processor.py:830} INFO - Processing file /opt/airflow/dags/dag.py for tasks to queue
[2026-05-13T10:10:46.628+0000] {logging_mixin.py:188} INFO - [2026-05-13T10:10:46.627+0000] {dagbag.py:538} INFO - Filling up the DagBag from /opt/airflow/dags/dag.py
[2026-05-13T10:10:48.175+0000] {logging_mixin.py:188} INFO - [2026-05-13T10:10:48.160+0000] {dagbag.py:348} ERROR - Failed to import: /opt/airflow/dags/dag.py
Traceback (most recent call last):
  File "/home/airflow/.local/lib/python3.11/site-packages/airflow/models/dagbag.py", line 344, in parse
    loader.exec_module(new_module)
  File "<frozen importlib._bootstrap_external>", line 940, in exec_module
  File "<frozen importlib._bootstrap>", line 241, in _call_with_frames_removed
  File "/opt/airflow/dags/dag.py", line 10, in <module>
    from kafka.kafka_producer import  run_producer
ModuleNotFoundError: No module named 'kafka.kafka_producer'
[2026-05-13T10:10:48.180+0000] {processor.py:842} WARNING - No viable dags retrieved from /opt/airflow/dags/dag.py
[2026-05-13T10:10:48.229+0000] {processor.py:183} INFO - Processing /opt/airflow/dags/dag.py took 1.612 seconds
[2026-05-13T10:11:18.511+0000] {processor.py:161} INFO - Started process (PID=2873) to work on /opt/airflow/dags/dag.py
[2026-05-13T10:11:18.514+0000] {processor.py:830} INFO - Processing file /opt/airflow/dags/dag.py for tasks to queue
[2026-05-13T10:11:18.517+0000] {logging_mixin.py:188} INFO - [2026-05-13T10:11:18.516+0000] {dagbag.py:538} INFO - Filling up the DagBag from /opt/airflow/dags/dag.py
[2026-05-13T10:11:20.021+0000] {logging_mixin.py:188} INFO - [2026-05-13T10:11:20.008+0000] {dagbag.py:348} ERROR - Failed to import: /opt/airflow/dags/dag.py
Traceback (most recent call last):
  File "/home/airflow/.local/lib/python3.11/site-packages/airflow/models/dagbag.py", line 344, in parse
    loader.exec_module(new_module)
  File "<frozen importlib._bootstrap_external>", line 940, in exec_module
  File "<frozen importlib._bootstrap>", line 241, in _call_with_frames_removed
  File "/opt/airflow/dags/dag.py", line 10, in <module>
    from kafka.kafka_producer import  run_producer
ModuleNotFoundError: No module named 'kafka.kafka_producer'
[2026-05-13T10:11:20.025+0000] {processor.py:842} WARNING - No viable dags retrieved from /opt/airflow/dags/dag.py
[2026-05-13T10:11:20.098+0000] {processor.py:183} INFO - Processing /opt/airflow/dags/dag.py took 1.593 seconds
[2026-05-13T10:11:50.499+0000] {processor.py:161} INFO - Started process (PID=2891) to work on /opt/airflow/dags/dag.py
[2026-05-13T10:11:50.502+0000] {processor.py:830} INFO - Processing file /opt/airflow/dags/dag.py for tasks to queue
[2026-05-13T10:11:50.504+0000] {logging_mixin.py:188} INFO - [2026-05-13T10:11:50.503+0000] {dagbag.py:538} INFO - Filling up the DagBag from /opt/airflow/dags/dag.py
[2026-05-13T10:11:52.142+0000] {logging_mixin.py:188} INFO - [2026-05-13T10:11:52.127+0000] {dagbag.py:348} ERROR - Failed to import: /opt/airflow/dags/dag.py
Traceback (most recent call last):
  File "/home/airflow/.local/lib/python3.11/site-packages/airflow/models/dagbag.py", line 344, in parse
    loader.exec_module(new_module)
  File "<frozen importlib._bootstrap_external>", line 940, in exec_module
  File "<frozen importlib._bootstrap>", line 241, in _call_with_frames_removed
  File "/opt/airflow/dags/dag.py", line 10, in <module>
    from kafka.kafka_producer import  run_producer
ModuleNotFoundError: No module named 'kafka.kafka_producer'
[2026-05-13T10:11:52.147+0000] {processor.py:842} WARNING - No viable dags retrieved from /opt/airflow/dags/dag.py
[2026-05-13T10:11:52.191+0000] {processor.py:183} INFO - Processing /opt/airflow/dags/dag.py took 1.698 seconds
[2026-05-13T10:12:22.606+0000] {processor.py:161} INFO - Started process (PID=2909) to work on /opt/airflow/dags/dag.py
[2026-05-13T10:12:22.609+0000] {processor.py:830} INFO - Processing file /opt/airflow/dags/dag.py for tasks to queue
[2026-05-13T10:12:22.612+0000] {logging_mixin.py:188} INFO - [2026-05-13T10:12:22.611+0000] {dagbag.py:538} INFO - Filling up the DagBag from /opt/airflow/dags/dag.py
[2026-05-13T10:12:24.228+0000] {logging_mixin.py:188} INFO - [2026-05-13T10:12:24.213+0000] {dagbag.py:348} ERROR - Failed to import: /opt/airflow/dags/dag.py
Traceback (most recent call last):
  File "/home/airflow/.local/lib/python3.11/site-packages/airflow/models/dagbag.py", line 344, in parse
    loader.exec_module(new_module)
  File "<frozen importlib._bootstrap_external>", line 940, in exec_module
  File "<frozen importlib._bootstrap>", line 241, in _call_with_frames_removed
  File "/opt/airflow/dags/dag.py", line 10, in <module>
    from kafka.kafka_producer import  run_producer
ModuleNotFoundError: No module named 'kafka.kafka_producer'
[2026-05-13T10:12:24.233+0000] {processor.py:842} WARNING - No viable dags retrieved from /opt/airflow/dags/dag.py
[2026-05-13T10:12:24.281+0000] {processor.py:183} INFO - Processing /opt/airflow/dags/dag.py took 1.683 seconds
[2026-05-13T10:12:54.492+0000] {processor.py:161} INFO - Started process (PID=2927) to work on /opt/airflow/dags/dag.py
[2026-05-13T10:12:54.495+0000] {processor.py:830} INFO - Processing file /opt/airflow/dags/dag.py for tasks to queue
[2026-05-13T10:12:54.497+0000] {logging_mixin.py:188} INFO - [2026-05-13T10:12:54.496+0000] {dagbag.py:538} INFO - Filling up the DagBag from /opt/airflow/dags/dag.py
[2026-05-13T10:12:55.964+0000] {logging_mixin.py:188} INFO - [2026-05-13T10:12:55.956+0000] {dagbag.py:348} ERROR - Failed to import: /opt/airflow/dags/dag.py
Traceback (most recent call last):
  File "/home/airflow/.local/lib/python3.11/site-packages/airflow/models/dagbag.py", line 344, in parse
    loader.exec_module(new_module)
  File "<frozen importlib._bootstrap_external>", line 940, in exec_module
  File "<frozen importlib._bootstrap>", line 241, in _call_with_frames_removed
  File "/opt/airflow/dags/dag.py", line 10, in <module>
    from kafka.kafka_producer import  run_producer
ModuleNotFoundError: No module named 'kafka.kafka_producer'
[2026-05-13T10:12:55.967+0000] {processor.py:842} WARNING - No viable dags retrieved from /opt/airflow/dags/dag.py
[2026-05-13T10:12:55.993+0000] {processor.py:183} INFO - Processing /opt/airflow/dags/dag.py took 1.508 seconds
[2026-05-13T10:13:26.311+0000] {processor.py:161} INFO - Started process (PID=2945) to work on /opt/airflow/dags/dag.py
[2026-05-13T10:13:26.313+0000] {processor.py:830} INFO - Processing file /opt/airflow/dags/dag.py for tasks to queue
[2026-05-13T10:13:26.315+0000] {logging_mixin.py:188} INFO - [2026-05-13T10:13:26.314+0000] {dagbag.py:538} INFO - Filling up the DagBag from /opt/airflow/dags/dag.py
[2026-05-13T10:13:27.960+0000] {logging_mixin.py:188} INFO - [2026-05-13T10:13:27.946+0000] {dagbag.py:348} ERROR - Failed to import: /opt/airflow/dags/dag.py
Traceback (most recent call last):
  File "/home/airflow/.local/lib/python3.11/site-packages/airflow/models/dagbag.py", line 344, in parse
    loader.exec_module(new_module)
  File "<frozen importlib._bootstrap_external>", line 940, in exec_module
  File "<frozen importlib._bootstrap>", line 241, in _call_with_frames_removed
  File "/opt/airflow/dags/dag.py", line 10, in <module>
    from kafka.kafka_producer import  run_producer
ModuleNotFoundError: No module named 'kafka.kafka_producer'
[2026-05-13T10:13:27.964+0000] {processor.py:842} WARNING - No viable dags retrieved from /opt/airflow/dags/dag.py
[2026-05-13T10:13:28.003+0000] {processor.py:183} INFO - Processing /opt/airflow/dags/dag.py took 1.697 seconds
[2026-05-13T10:13:58.262+0000] {processor.py:161} INFO - Started process (PID=2963) to work on /opt/airflow/dags/dag.py
[2026-05-13T10:13:58.264+0000] {processor.py:830} INFO - Processing file /opt/airflow/dags/dag.py for tasks to queue
[2026-05-13T10:13:58.267+0000] {logging_mixin.py:188} INFO - [2026-05-13T10:13:58.266+0000] {dagbag.py:538} INFO - Filling up the DagBag from /opt/airflow/dags/dag.py
[2026-05-13T10:13:59.847+0000] {logging_mixin.py:188} INFO - [2026-05-13T10:13:59.838+0000] {dagbag.py:348} ERROR - Failed to import: /opt/airflow/dags/dag.py
Traceback (most recent call last):
  File "/home/airflow/.local/lib/python3.11/site-packages/airflow/models/dagbag.py", line 344, in parse
    loader.exec_module(new_module)
  File "<frozen importlib._bootstrap_external>", line 940, in exec_module
  File "<frozen importlib._bootstrap>", line 241, in _call_with_frames_removed
  File "/opt/airflow/dags/dag.py", line 10, in <module>
    from kafka.kafka_producer import  run_producer
ModuleNotFoundError: No module named 'kafka.kafka_producer'
[2026-05-13T10:13:59.851+0000] {processor.py:842} WARNING - No viable dags retrieved from /opt/airflow/dags/dag.py
[2026-05-13T10:13:59.882+0000] {processor.py:183} INFO - Processing /opt/airflow/dags/dag.py took 1.628 seconds
[2026-05-13T10:14:30.293+0000] {processor.py:161} INFO - Started process (PID=2981) to work on /opt/airflow/dags/dag.py
[2026-05-13T10:14:30.296+0000] {processor.py:830} INFO - Processing file /opt/airflow/dags/dag.py for tasks to queue
[2026-05-13T10:14:30.298+0000] {logging_mixin.py:188} INFO - [2026-05-13T10:14:30.298+0000] {dagbag.py:538} INFO - Filling up the DagBag from /opt/airflow/dags/dag.py
[2026-05-13T10:14:31.841+0000] {logging_mixin.py:188} INFO - [2026-05-13T10:14:31.826+0000] {dagbag.py:348} ERROR - Failed to import: /opt/airflow/dags/dag.py
Traceback (most recent call last):
  File "/home/airflow/.local/lib/python3.11/site-packages/airflow/models/dagbag.py", line 344, in parse
    loader.exec_module(new_module)
  File "<frozen importlib._bootstrap_external>", line 940, in exec_module
  File "<frozen importlib._bootstrap>", line 241, in _call_with_frames_removed
  File "/opt/airflow/dags/dag.py", line 10, in <module>
    from kafka.kafka_producer import  run_producer
ModuleNotFoundError: No module named 'kafka.kafka_producer'
[2026-05-13T10:14:31.846+0000] {processor.py:842} WARNING - No viable dags retrieved from /opt/airflow/dags/dag.py
[2026-05-13T10:14:31.890+0000] {processor.py:183} INFO - Processing /opt/airflow/dags/dag.py took 1.603 seconds
[2026-05-13T10:15:02.303+0000] {processor.py:161} INFO - Started process (PID=2999) to work on /opt/airflow/dags/dag.py
[2026-05-13T10:15:02.305+0000] {processor.py:830} INFO - Processing file /opt/airflow/dags/dag.py for tasks to queue
[2026-05-13T10:15:02.306+0000] {logging_mixin.py:188} INFO - [2026-05-13T10:15:02.306+0000] {dagbag.py:538} INFO - Filling up the DagBag from /opt/airflow/dags/dag.py
[2026-05-13T10:15:03.808+0000] {logging_mixin.py:188} INFO - [2026-05-13T10:15:03.793+0000] {dagbag.py:348} ERROR - Failed to import: /opt/airflow/dags/dag.py
Traceback (most recent call last):
  File "/home/airflow/.local/lib/python3.11/site-packages/airflow/models/dagbag.py", line 344, in parse
    loader.exec_module(new_module)
  File "<frozen importlib._bootstrap_external>", line 940, in exec_module
  File "<frozen importlib._bootstrap>", line 241, in _call_with_frames_removed
  File "/opt/airflow/dags/dag.py", line 10, in <module>
    from kafka.kafka_producer import  run_producer
ModuleNotFoundError: No module named 'kafka.kafka_producer'
[2026-05-13T10:15:03.813+0000] {processor.py:842} WARNING - No viable dags retrieved from /opt/airflow/dags/dag.py
[2026-05-13T10:15:03.858+0000] {processor.py:183} INFO - Processing /opt/airflow/dags/dag.py took 1.559 seconds
[2026-05-13T10:15:34.369+0000] {processor.py:161} INFO - Started process (PID=3017) to work on /opt/airflow/dags/dag.py
[2026-05-13T10:15:34.371+0000] {processor.py:830} INFO - Processing file /opt/airflow/dags/dag.py for tasks to queue
[2026-05-13T10:15:34.374+0000] {logging_mixin.py:188} INFO - [2026-05-13T10:15:34.374+0000] {dagbag.py:538} INFO - Filling up the DagBag from /opt/airflow/dags/dag.py
[2026-05-13T10:15:36.054+0000] {logging_mixin.py:188} INFO - [2026-05-13T10:15:36.044+0000] {dagbag.py:348} ERROR - Failed to import: /opt/airflow/dags/dag.py
Traceback (most recent call last):
  File "/home/airflow/.local/lib/python3.11/site-packages/airflow/models/dagbag.py", line 344, in parse
    loader.exec_module(new_module)
  File "<frozen importlib._bootstrap_external>", line 940, in exec_module
  File "<frozen importlib._bootstrap>", line 241, in _call_with_frames_removed
  File "/opt/airflow/dags/dag.py", line 10, in <module>
    from kafka.kafka_producer import  run_producer
ModuleNotFoundError: No module named 'kafka.kafka_producer'
[2026-05-13T10:15:36.058+0000] {processor.py:842} WARNING - No viable dags retrieved from /opt/airflow/dags/dag.py
[2026-05-13T10:15:36.093+0000] {processor.py:183} INFO - Processing /opt/airflow/dags/dag.py took 1.732 seconds
[2026-05-13T10:16:06.504+0000] {processor.py:161} INFO - Started process (PID=3035) to work on /opt/airflow/dags/dag.py
[2026-05-13T10:16:06.508+0000] {processor.py:830} INFO - Processing file /opt/airflow/dags/dag.py for tasks to queue
[2026-05-13T10:16:06.510+0000] {logging_mixin.py:188} INFO - [2026-05-13T10:16:06.509+0000] {dagbag.py:538} INFO - Filling up the DagBag from /opt/airflow/dags/dag.py
[2026-05-13T10:16:08.185+0000] {logging_mixin.py:188} INFO - [2026-05-13T10:16:08.169+0000] {dagbag.py:348} ERROR - Failed to import: /opt/airflow/dags/dag.py
Traceback (most recent call last):
  File "/home/airflow/.local/lib/python3.11/site-packages/airflow/models/dagbag.py", line 344, in parse
    loader.exec_module(new_module)
  File "<frozen importlib._bootstrap_external>", line 940, in exec_module
  File "<frozen importlib._bootstrap>", line 241, in _call_with_frames_removed
  File "/opt/airflow/dags/dag.py", line 10, in <module>
    from kafka.kafka_producer import  run_producer
ModuleNotFoundError: No module named 'kafka.kafka_producer'
[2026-05-13T10:16:08.189+0000] {processor.py:842} WARNING - No viable dags retrieved from /opt/airflow/dags/dag.py
[2026-05-13T10:16:08.237+0000] {processor.py:183} INFO - Processing /opt/airflow/dags/dag.py took 1.746 seconds
[2026-05-13T10:16:38.616+0000] {processor.py:161} INFO - Started process (PID=3053) to work on /opt/airflow/dags/dag.py
[2026-05-13T10:16:38.618+0000] {processor.py:830} INFO - Processing file /opt/airflow/dags/dag.py for tasks to queue
[2026-05-13T10:16:38.622+0000] {logging_mixin.py:188} INFO - [2026-05-13T10:16:38.620+0000] {dagbag.py:538} INFO - Filling up the DagBag from /opt/airflow/dags/dag.py
[2026-05-13T10:16:40.347+0000] {logging_mixin.py:188} INFO - [2026-05-13T10:16:40.332+0000] {dagbag.py:348} ERROR - Failed to import: /opt/airflow/dags/dag.py
Traceback (most recent call last):
  File "/home/airflow/.local/lib/python3.11/site-packages/airflow/models/dagbag.py", line 344, in parse
    loader.exec_module(new_module)
  File "<frozen importlib._bootstrap_external>", line 940, in exec_module
  File "<frozen importlib._bootstrap>", line 241, in _call_with_frames_removed
  File "/opt/airflow/dags/dag.py", line 10, in <module>
    from kafka.kafka_producer import  run_producer
ModuleNotFoundError: No module named 'kafka.kafka_producer'
[2026-05-13T10:16:40.351+0000] {processor.py:842} WARNING - No viable dags retrieved from /opt/airflow/dags/dag.py
[2026-05-13T10:16:40.394+0000] {processor.py:183} INFO - Processing /opt/airflow/dags/dag.py took 1.783 seconds
[2026-05-13T10:17:10.538+0000] {processor.py:161} INFO - Started process (PID=3071) to work on /opt/airflow/dags/dag.py
[2026-05-13T10:17:10.541+0000] {processor.py:830} INFO - Processing file /opt/airflow/dags/dag.py for tasks to queue
[2026-05-13T10:17:10.544+0000] {logging_mixin.py:188} INFO - [2026-05-13T10:17:10.543+0000] {dagbag.py:538} INFO - Filling up the DagBag from /opt/airflow/dags/dag.py
[2026-05-13T10:17:12.267+0000] {logging_mixin.py:188} INFO - [2026-05-13T10:17:12.254+0000] {dagbag.py:348} ERROR - Failed to import: /opt/airflow/dags/dag.py
Traceback (most recent call last):
  File "/home/airflow/.local/lib/python3.11/site-packages/airflow/models/dagbag.py", line 344, in parse
    loader.exec_module(new_module)
  File "<frozen importlib._bootstrap_external>", line 940, in exec_module
  File "<frozen importlib._bootstrap>", line 241, in _call_with_frames_removed
  File "/opt/airflow/dags/dag.py", line 10, in <module>
    from kafka.kafka_producer import  run_producer
ModuleNotFoundError: No module named 'kafka.kafka_producer'
[2026-05-13T10:17:12.271+0000] {processor.py:842} WARNING - No viable dags retrieved from /opt/airflow/dags/dag.py
[2026-05-13T10:17:12.310+0000] {processor.py:183} INFO - Processing /opt/airflow/dags/dag.py took 1.780 seconds
[2026-05-13T10:17:42.712+0000] {processor.py:161} INFO - Started process (PID=3089) to work on /opt/airflow/dags/dag.py
[2026-05-13T10:17:42.714+0000] {processor.py:830} INFO - Processing file /opt/airflow/dags/dag.py for tasks to queue
[2026-05-13T10:17:42.717+0000] {logging_mixin.py:188} INFO - [2026-05-13T10:17:42.716+0000] {dagbag.py:538} INFO - Filling up the DagBag from /opt/airflow/dags/dag.py
[2026-05-13T10:17:44.386+0000] {logging_mixin.py:188} INFO - [2026-05-13T10:17:44.380+0000] {dagbag.py:348} ERROR - Failed to import: /opt/airflow/dags/dag.py
Traceback (most recent call last):
  File "/home/airflow/.local/lib/python3.11/site-packages/airflow/models/dagbag.py", line 344, in parse
    loader.exec_module(new_module)
  File "<frozen importlib._bootstrap_external>", line 940, in exec_module
  File "<frozen importlib._bootstrap>", line 241, in _call_with_frames_removed
  File "/opt/airflow/dags/dag.py", line 10, in <module>
    from kafka.kafka_producer import  run_producer
ModuleNotFoundError: No module named 'kafka.kafka_producer'
[2026-05-13T10:17:44.388+0000] {processor.py:842} WARNING - No viable dags retrieved from /opt/airflow/dags/dag.py
[2026-05-13T10:17:44.414+0000] {processor.py:183} INFO - Processing /opt/airflow/dags/dag.py took 1.709 seconds
[2026-05-13T10:18:14.806+0000] {processor.py:161} INFO - Started process (PID=3107) to work on /opt/airflow/dags/dag.py
[2026-05-13T10:18:14.809+0000] {processor.py:830} INFO - Processing file /opt/airflow/dags/dag.py for tasks to queue
[2026-05-13T10:18:14.811+0000] {logging_mixin.py:188} INFO - [2026-05-13T10:18:14.811+0000] {dagbag.py:538} INFO - Filling up the DagBag from /opt/airflow/dags/dag.py
[2026-05-13T10:18:16.375+0000] {logging_mixin.py:188} INFO - [2026-05-13T10:18:16.368+0000] {dagbag.py:348} ERROR - Failed to import: /opt/airflow/dags/dag.py
Traceback (most recent call last):
  File "/home/airflow/.local/lib/python3.11/site-packages/airflow/models/dagbag.py", line 344, in parse
    loader.exec_module(new_module)
  File "<frozen importlib._bootstrap_external>", line 940, in exec_module
  File "<frozen importlib._bootstrap>", line 241, in _call_with_frames_removed
  File "/opt/airflow/dags/dag.py", line 10, in <module>
    from kafka.kafka_producer import  run_producer
ModuleNotFoundError: No module named 'kafka.kafka_producer'
[2026-05-13T10:18:16.378+0000] {processor.py:842} WARNING - No viable dags retrieved from /opt/airflow/dags/dag.py
[2026-05-13T10:18:16.406+0000] {processor.py:183} INFO - Processing /opt/airflow/dags/dag.py took 1.605 seconds
[2026-05-13T10:18:46.711+0000] {processor.py:161} INFO - Started process (PID=3125) to work on /opt/airflow/dags/dag.py
[2026-05-13T10:18:46.713+0000] {processor.py:830} INFO - Processing file /opt/airflow/dags/dag.py for tasks to queue
[2026-05-13T10:18:46.716+0000] {logging_mixin.py:188} INFO - [2026-05-13T10:18:46.715+0000] {dagbag.py:538} INFO - Filling up the DagBag from /opt/airflow/dags/dag.py
[2026-05-13T10:18:48.404+0000] {logging_mixin.py:188} INFO - [2026-05-13T10:18:48.391+0000] {dagbag.py:348} ERROR - Failed to import: /opt/airflow/dags/dag.py
Traceback (most recent call last):
  File "/home/airflow/.local/lib/python3.11/site-packages/airflow/models/dagbag.py", line 344, in parse
    loader.exec_module(new_module)
  File "<frozen importlib._bootstrap_external>", line 940, in exec_module
  File "<frozen importlib._bootstrap>", line 241, in _call_with_frames_removed
  File "/opt/airflow/dags/dag.py", line 10, in <module>
    from kafka.kafka_producer import  run_producer
ModuleNotFoundError: No module named 'kafka.kafka_producer'
[2026-05-13T10:18:48.409+0000] {processor.py:842} WARNING - No viable dags retrieved from /opt/airflow/dags/dag.py
[2026-05-13T10:18:48.454+0000] {processor.py:183} INFO - Processing /opt/airflow/dags/dag.py took 1.749 seconds
[2026-05-13T10:19:18.892+0000] {processor.py:161} INFO - Started process (PID=3143) to work on /opt/airflow/dags/dag.py
[2026-05-13T10:19:18.895+0000] {processor.py:830} INFO - Processing file /opt/airflow/dags/dag.py for tasks to queue
[2026-05-13T10:19:18.897+0000] {logging_mixin.py:188} INFO - [2026-05-13T10:19:18.897+0000] {dagbag.py:538} INFO - Filling up the DagBag from /opt/airflow/dags/dag.py
[2026-05-13T10:19:20.498+0000] {logging_mixin.py:188} INFO - [2026-05-13T10:19:20.487+0000] {dagbag.py:348} ERROR - Failed to import: /opt/airflow/dags/dag.py
Traceback (most recent call last):
  File "/home/airflow/.local/lib/python3.11/site-packages/airflow/models/dagbag.py", line 344, in parse
    loader.exec_module(new_module)
  File "<frozen importlib._bootstrap_external>", line 940, in exec_module
  File "<frozen importlib._bootstrap>", line 241, in _call_with_frames_removed
  File "/opt/airflow/dags/dag.py", line 10, in <module>
    from kafka.kafka_producer import  run_producer
ModuleNotFoundError: No module named 'kafka.kafka_producer'
[2026-05-13T10:19:20.501+0000] {processor.py:842} WARNING - No viable dags retrieved from /opt/airflow/dags/dag.py
[2026-05-13T10:19:20.531+0000] {processor.py:183} INFO - Processing /opt/airflow/dags/dag.py took 1.646 seconds
[2026-05-13T10:19:50.930+0000] {processor.py:161} INFO - Started process (PID=3161) to work on /opt/airflow/dags/dag.py
[2026-05-13T10:19:50.933+0000] {processor.py:830} INFO - Processing file /opt/airflow/dags/dag.py for tasks to queue
[2026-05-13T10:19:50.936+0000] {logging_mixin.py:188} INFO - [2026-05-13T10:19:50.935+0000] {dagbag.py:538} INFO - Filling up the DagBag from /opt/airflow/dags/dag.py
[2026-05-13T10:19:52.562+0000] {logging_mixin.py:188} INFO - [2026-05-13T10:19:52.542+0000] {dagbag.py:348} ERROR - Failed to import: /opt/airflow/dags/dag.py
Traceback (most recent call last):
  File "/home/airflow/.local/lib/python3.11/site-packages/airflow/models/dagbag.py", line 344, in parse
    loader.exec_module(new_module)
  File "<frozen importlib._bootstrap_external>", line 940, in exec_module
  File "<frozen importlib._bootstrap>", line 241, in _call_with_frames_removed
  File "/opt/airflow/dags/dag.py", line 10, in <module>
    from kafka.kafka_producer import  run_producer
ModuleNotFoundError: No module named 'kafka.kafka_producer'
[2026-05-13T10:19:52.567+0000] {processor.py:842} WARNING - No viable dags retrieved from /opt/airflow/dags/dag.py
[2026-05-13T10:19:52.612+0000] {processor.py:183} INFO - Processing /opt/airflow/dags/dag.py took 1.689 seconds
[2026-05-13T10:20:22.811+0000] {processor.py:161} INFO - Started process (PID=3179) to work on /opt/airflow/dags/dag.py
[2026-05-13T10:20:22.814+0000] {processor.py:830} INFO - Processing file /opt/airflow/dags/dag.py for tasks to queue
[2026-05-13T10:20:22.817+0000] {logging_mixin.py:188} INFO - [2026-05-13T10:20:22.816+0000] {dagbag.py:538} INFO - Filling up the DagBag from /opt/airflow/dags/dag.py
[2026-05-13T10:20:24.463+0000] {logging_mixin.py:188} INFO - [2026-05-13T10:20:24.456+0000] {dagbag.py:348} ERROR - Failed to import: /opt/airflow/dags/dag.py
Traceback (most recent call last):
  File "/home/airflow/.local/lib/python3.11/site-packages/airflow/models/dagbag.py", line 344, in parse
    loader.exec_module(new_module)
  File "<frozen importlib._bootstrap_external>", line 940, in exec_module
  File "<frozen importlib._bootstrap>", line 241, in _call_with_frames_removed
  File "/opt/airflow/dags/dag.py", line 10, in <module>
    from kafka.kafka_producer import  run_producer
ModuleNotFoundError: No module named 'kafka.kafka_producer'
[2026-05-13T10:20:24.465+0000] {processor.py:842} WARNING - No viable dags retrieved from /opt/airflow/dags/dag.py
[2026-05-13T10:20:24.496+0000] {processor.py:183} INFO - Processing /opt/airflow/dags/dag.py took 1.692 seconds
[2026-05-13T10:20:54.881+0000] {processor.py:161} INFO - Started process (PID=3197) to work on /opt/airflow/dags/dag.py
[2026-05-13T10:20:54.883+0000] {processor.py:830} INFO - Processing file /opt/airflow/dags/dag.py for tasks to queue
[2026-05-13T10:20:54.885+0000] {logging_mixin.py:188} INFO - [2026-05-13T10:20:54.884+0000] {dagbag.py:538} INFO - Filling up the DagBag from /opt/airflow/dags/dag.py
[2026-05-13T10:20:56.503+0000] {logging_mixin.py:188} INFO - [2026-05-13T10:20:56.493+0000] {dagbag.py:348} ERROR - Failed to import: /opt/airflow/dags/dag.py
Traceback (most recent call last):
  File "/home/airflow/.local/lib/python3.11/site-packages/airflow/models/dagbag.py", line 344, in parse
    loader.exec_module(new_module)
  File "<frozen importlib._bootstrap_external>", line 940, in exec_module
  File "<frozen importlib._bootstrap>", line 241, in _call_with_frames_removed
  File "/opt/airflow/dags/dag.py", line 10, in <module>
    from kafka.kafka_producer import  run_producer
ModuleNotFoundError: No module named 'kafka.kafka_producer'
[2026-05-13T10:20:56.506+0000] {processor.py:842} WARNING - No viable dags retrieved from /opt/airflow/dags/dag.py
[2026-05-13T10:20:56.537+0000] {processor.py:183} INFO - Processing /opt/airflow/dags/dag.py took 1.660 seconds
[2026-05-13T10:21:26.930+0000] {processor.py:161} INFO - Started process (PID=3215) to work on /opt/airflow/dags/dag.py
[2026-05-13T10:21:26.933+0000] {processor.py:830} INFO - Processing file /opt/airflow/dags/dag.py for tasks to queue
[2026-05-13T10:21:26.935+0000] {logging_mixin.py:188} INFO - [2026-05-13T10:21:26.935+0000] {dagbag.py:538} INFO - Filling up the DagBag from /opt/airflow/dags/dag.py
[2026-05-13T10:21:28.596+0000] {logging_mixin.py:188} INFO - [2026-05-13T10:21:28.582+0000] {dagbag.py:348} ERROR - Failed to import: /opt/airflow/dags/dag.py
Traceback (most recent call last):
  File "/home/airflow/.local/lib/python3.11/site-packages/airflow/models/dagbag.py", line 344, in parse
    loader.exec_module(new_module)
  File "<frozen importlib._bootstrap_external>", line 940, in exec_module
  File "<frozen importlib._bootstrap>", line 241, in _call_with_frames_removed
  File "/opt/airflow/dags/dag.py", line 10, in <module>
    from kafka.kafka_producer import  run_producer
ModuleNotFoundError: No module named 'kafka.kafka_producer'
[2026-05-13T10:21:28.601+0000] {processor.py:842} WARNING - No viable dags retrieved from /opt/airflow/dags/dag.py
[2026-05-13T10:21:28.646+0000] {processor.py:183} INFO - Processing /opt/airflow/dags/dag.py took 1.722 seconds
[2026-05-13T10:21:58.969+0000] {processor.py:161} INFO - Started process (PID=3233) to work on /opt/airflow/dags/dag.py
[2026-05-13T10:21:58.971+0000] {processor.py:830} INFO - Processing file /opt/airflow/dags/dag.py for tasks to queue
[2026-05-13T10:21:58.974+0000] {logging_mixin.py:188} INFO - [2026-05-13T10:21:58.973+0000] {dagbag.py:538} INFO - Filling up the DagBag from /opt/airflow/dags/dag.py
[2026-05-13T10:22:00.571+0000] {logging_mixin.py:188} INFO - [2026-05-13T10:22:00.555+0000] {dagbag.py:348} ERROR - Failed to import: /opt/airflow/dags/dag.py
Traceback (most recent call last):
  File "/home/airflow/.local/lib/python3.11/site-packages/airflow/models/dagbag.py", line 344, in parse
    loader.exec_module(new_module)
  File "<frozen importlib._bootstrap_external>", line 940, in exec_module
  File "<frozen importlib._bootstrap>", line 241, in _call_with_frames_removed
  File "/opt/airflow/dags/dag.py", line 10, in <module>
    from kafka.kafka_producer import  run_producer
ModuleNotFoundError: No module named 'kafka.kafka_producer'
[2026-05-13T10:22:00.576+0000] {processor.py:842} WARNING - No viable dags retrieved from /opt/airflow/dags/dag.py
[2026-05-13T10:22:00.627+0000] {processor.py:183} INFO - Processing /opt/airflow/dags/dag.py took 1.664 seconds
[2026-05-13T10:22:31.076+0000] {processor.py:161} INFO - Started process (PID=3251) to work on /opt/airflow/dags/dag.py
[2026-05-13T10:22:31.079+0000] {processor.py:830} INFO - Processing file /opt/airflow/dags/dag.py for tasks to queue
[2026-05-13T10:22:31.082+0000] {logging_mixin.py:188} INFO - [2026-05-13T10:22:31.081+0000] {dagbag.py:538} INFO - Filling up the DagBag from /opt/airflow/dags/dag.py
[2026-05-13T10:22:32.754+0000] {logging_mixin.py:188} INFO - [2026-05-13T10:22:32.738+0000] {dagbag.py:348} ERROR - Failed to import: /opt/airflow/dags/dag.py
Traceback (most recent call last):
  File "/home/airflow/.local/lib/python3.11/site-packages/airflow/models/dagbag.py", line 344, in parse
    loader.exec_module(new_module)
  File "<frozen importlib._bootstrap_external>", line 940, in exec_module
  File "<frozen importlib._bootstrap>", line 241, in _call_with_frames_removed
  File "/opt/airflow/dags/dag.py", line 10, in <module>
    from kafka.kafka_producer import  run_producer
ModuleNotFoundError: No module named 'kafka.kafka_producer'
[2026-05-13T10:22:32.758+0000] {processor.py:842} WARNING - No viable dags retrieved from /opt/airflow/dags/dag.py
[2026-05-13T10:22:32.803+0000] {processor.py:183} INFO - Processing /opt/airflow/dags/dag.py took 1.734 seconds
[2026-05-13T10:23:03.224+0000] {processor.py:161} INFO - Started process (PID=3269) to work on /opt/airflow/dags/dag.py
[2026-05-13T10:23:03.227+0000] {processor.py:830} INFO - Processing file /opt/airflow/dags/dag.py for tasks to queue
[2026-05-13T10:23:03.229+0000] {logging_mixin.py:188} INFO - [2026-05-13T10:23:03.228+0000] {dagbag.py:538} INFO - Filling up the DagBag from /opt/airflow/dags/dag.py
[2026-05-13T10:23:04.876+0000] {logging_mixin.py:188} INFO - [2026-05-13T10:23:04.862+0000] {dagbag.py:348} ERROR - Failed to import: /opt/airflow/dags/dag.py
Traceback (most recent call last):
  File "/home/airflow/.local/lib/python3.11/site-packages/airflow/models/dagbag.py", line 344, in parse
    loader.exec_module(new_module)
  File "<frozen importlib._bootstrap_external>", line 940, in exec_module
  File "<frozen importlib._bootstrap>", line 241, in _call_with_frames_removed
  File "/opt/airflow/dags/dag.py", line 10, in <module>
    from kafka.kafka_producer import  run_producer
ModuleNotFoundError: No module named 'kafka.kafka_producer'
[2026-05-13T10:23:04.881+0000] {processor.py:842} WARNING - No viable dags retrieved from /opt/airflow/dags/dag.py
[2026-05-13T10:23:04.928+0000] {processor.py:183} INFO - Processing /opt/airflow/dags/dag.py took 1.711 seconds
[2026-05-13T10:23:35.366+0000] {processor.py:161} INFO - Started process (PID=3287) to work on /opt/airflow/dags/dag.py
[2026-05-13T10:23:35.369+0000] {processor.py:830} INFO - Processing file /opt/airflow/dags/dag.py for tasks to queue
[2026-05-13T10:23:35.371+0000] {logging_mixin.py:188} INFO - [2026-05-13T10:23:35.370+0000] {dagbag.py:538} INFO - Filling up the DagBag from /opt/airflow/dags/dag.py
[2026-05-13T10:23:36.973+0000] {logging_mixin.py:188} INFO - [2026-05-13T10:23:36.961+0000] {dagbag.py:348} ERROR - Failed to import: /opt/airflow/dags/dag.py
Traceback (most recent call last):
  File "/home/airflow/.local/lib/python3.11/site-packages/airflow/models/dagbag.py", line 344, in parse
    loader.exec_module(new_module)
  File "<frozen importlib._bootstrap_external>", line 940, in exec_module
  File "<frozen importlib._bootstrap>", line 241, in _call_with_frames_removed
  File "/opt/airflow/dags/dag.py", line 10, in <module>
    from kafka.kafka_producer import  run_producer
ModuleNotFoundError: No module named 'kafka.kafka_producer'
[2026-05-13T10:23:36.976+0000] {processor.py:842} WARNING - No viable dags retrieved from /opt/airflow/dags/dag.py
[2026-05-13T10:23:37.019+0000] {processor.py:183} INFO - Processing /opt/airflow/dags/dag.py took 1.659 seconds
[2026-05-13T10:24:07.261+0000] {processor.py:161} INFO - Started process (PID=3305) to work on /opt/airflow/dags/dag.py
[2026-05-13T10:24:07.264+0000] {processor.py:830} INFO - Processing file /opt/airflow/dags/dag.py for tasks to queue
[2026-05-13T10:24:07.267+0000] {logging_mixin.py:188} INFO - [2026-05-13T10:24:07.266+0000] {dagbag.py:538} INFO - Filling up the DagBag from /opt/airflow/dags/dag.py
[2026-05-13T10:24:08.918+0000] {logging_mixin.py:188} INFO - [2026-05-13T10:24:08.904+0000] {dagbag.py:348} ERROR - Failed to import: /opt/airflow/dags/dag.py
Traceback (most recent call last):
  File "/home/airflow/.local/lib/python3.11/site-packages/airflow/models/dagbag.py", line 344, in parse
    loader.exec_module(new_module)
  File "<frozen importlib._bootstrap_external>", line 940, in exec_module
  File "<frozen importlib._bootstrap>", line 241, in _call_with_frames_removed
  File "/opt/airflow/dags/dag.py", line 10, in <module>
    from kafka.kafka_producer import  run_producer
ModuleNotFoundError: No module named 'kafka.kafka_producer'
[2026-05-13T10:24:08.923+0000] {processor.py:842} WARNING - No viable dags retrieved from /opt/airflow/dags/dag.py
[2026-05-13T10:24:08.970+0000] {processor.py:183} INFO - Processing /opt/airflow/dags/dag.py took 1.718 seconds
[2026-05-13T10:24:39.388+0000] {processor.py:161} INFO - Started process (PID=3323) to work on /opt/airflow/dags/dag.py
[2026-05-13T10:24:39.391+0000] {processor.py:830} INFO - Processing file /opt/airflow/dags/dag.py for tasks to queue
[2026-05-13T10:24:39.394+0000] {logging_mixin.py:188} INFO - [2026-05-13T10:24:39.393+0000] {dagbag.py:538} INFO - Filling up the DagBag from /opt/airflow/dags/dag.py
[2026-05-13T10:24:40.929+0000] {logging_mixin.py:188} INFO - [2026-05-13T10:24:40.917+0000] {dagbag.py:348} ERROR - Failed to import: /opt/airflow/dags/dag.py
Traceback (most recent call last):
  File "/home/airflow/.local/lib/python3.11/site-packages/airflow/models/dagbag.py", line 344, in parse
    loader.exec_module(new_module)
  File "<frozen importlib._bootstrap_external>", line 940, in exec_module
  File "<frozen importlib._bootstrap>", line 241, in _call_with_frames_removed
  File "/opt/airflow/dags/dag.py", line 10, in <module>
    from kafka.kafka_producer import  run_producer
ModuleNotFoundError: No module named 'kafka.kafka_producer'
[2026-05-13T10:24:40.932+0000] {processor.py:842} WARNING - No viable dags retrieved from /opt/airflow/dags/dag.py
[2026-05-13T10:24:40.965+0000] {processor.py:183} INFO - Processing /opt/airflow/dags/dag.py took 1.584 seconds
[2026-05-13T10:25:11.134+0000] {processor.py:161} INFO - Started process (PID=3341) to work on /opt/airflow/dags/dag.py
[2026-05-13T10:25:11.137+0000] {processor.py:830} INFO - Processing file /opt/airflow/dags/dag.py for tasks to queue
[2026-05-13T10:25:11.139+0000] {logging_mixin.py:188} INFO - [2026-05-13T10:25:11.139+0000] {dagbag.py:538} INFO - Filling up the DagBag from /opt/airflow/dags/dag.py
[2026-05-13T10:25:12.876+0000] {logging_mixin.py:188} INFO - [2026-05-13T10:25:12.862+0000] {dagbag.py:348} ERROR - Failed to import: /opt/airflow/dags/dag.py
Traceback (most recent call last):
  File "/home/airflow/.local/lib/python3.11/site-packages/airflow/models/dagbag.py", line 344, in parse
    loader.exec_module(new_module)
  File "<frozen importlib._bootstrap_external>", line 940, in exec_module
  File "<frozen importlib._bootstrap>", line 241, in _call_with_frames_removed
  File "/opt/airflow/dags/dag.py", line 10, in <module>
    from kafka.kafka_producer import  run_producer
ModuleNotFoundError: No module named 'kafka.kafka_producer'
[2026-05-13T10:25:12.881+0000] {processor.py:842} WARNING - No viable dags retrieved from /opt/airflow/dags/dag.py
[2026-05-13T10:25:12.930+0000] {processor.py:183} INFO - Processing /opt/airflow/dags/dag.py took 1.802 seconds
[2026-05-13T10:25:43.370+0000] {processor.py:161} INFO - Started process (PID=3359) to work on /opt/airflow/dags/dag.py
[2026-05-13T10:25:43.372+0000] {processor.py:830} INFO - Processing file /opt/airflow/dags/dag.py for tasks to queue
[2026-05-13T10:25:43.374+0000] {logging_mixin.py:188} INFO - [2026-05-13T10:25:43.373+0000] {dagbag.py:538} INFO - Filling up the DagBag from /opt/airflow/dags/dag.py
[2026-05-13T10:25:45.011+0000] {logging_mixin.py:188} INFO - [2026-05-13T10:25:44.997+0000] {dagbag.py:348} ERROR - Failed to import: /opt/airflow/dags/dag.py
Traceback (most recent call last):
  File "/home/airflow/.local/lib/python3.11/site-packages/airflow/models/dagbag.py", line 344, in parse
    loader.exec_module(new_module)
  File "<frozen importlib._bootstrap_external>", line 940, in exec_module
  File "<frozen importlib._bootstrap>", line 241, in _call_with_frames_removed
  File "/opt/airflow/dags/dag.py", line 10, in <module>
    from kafka.kafka_producer import  run_producer
ModuleNotFoundError: No module named 'kafka.kafka_producer'
[2026-05-13T10:25:45.016+0000] {processor.py:842} WARNING - No viable dags retrieved from /opt/airflow/dags/dag.py
[2026-05-13T10:25:45.062+0000] {processor.py:183} INFO - Processing /opt/airflow/dags/dag.py took 1.699 seconds
[2026-05-13T10:26:15.492+0000] {processor.py:161} INFO - Started process (PID=3377) to work on /opt/airflow/dags/dag.py
[2026-05-13T10:26:15.495+0000] {processor.py:830} INFO - Processing file /opt/airflow/dags/dag.py for tasks to queue
[2026-05-13T10:26:15.497+0000] {logging_mixin.py:188} INFO - [2026-05-13T10:26:15.497+0000] {dagbag.py:538} INFO - Filling up the DagBag from /opt/airflow/dags/dag.py
[2026-05-13T10:26:17.085+0000] {logging_mixin.py:188} INFO - [2026-05-13T10:26:17.071+0000] {dagbag.py:348} ERROR - Failed to import: /opt/airflow/dags/dag.py
Traceback (most recent call last):
  File "/home/airflow/.local/lib/python3.11/site-packages/airflow/models/dagbag.py", line 344, in parse
    loader.exec_module(new_module)
  File "<frozen importlib._bootstrap_external>", line 940, in exec_module
  File "<frozen importlib._bootstrap>", line 241, in _call_with_frames_removed
  File "/opt/airflow/dags/dag.py", line 10, in <module>
    from kafka.kafka_producer import  run_producer
ModuleNotFoundError: No module named 'kafka.kafka_producer'
[2026-05-13T10:26:17.090+0000] {processor.py:842} WARNING - No viable dags retrieved from /opt/airflow/dags/dag.py
[2026-05-13T10:26:17.140+0000] {processor.py:183} INFO - Processing /opt/airflow/dags/dag.py took 1.655 seconds
[2026-05-13T10:26:47.275+0000] {processor.py:161} INFO - Started process (PID=3395) to work on /opt/airflow/dags/dag.py
[2026-05-13T10:26:47.278+0000] {processor.py:830} INFO - Processing file /opt/airflow/dags/dag.py for tasks to queue
[2026-05-13T10:26:47.280+0000] {logging_mixin.py:188} INFO - [2026-05-13T10:26:47.280+0000] {dagbag.py:538} INFO - Filling up the DagBag from /opt/airflow/dags/dag.py
[2026-05-13T10:26:48.796+0000] {logging_mixin.py:188} INFO - [2026-05-13T10:26:48.785+0000] {dagbag.py:348} ERROR - Failed to import: /opt/airflow/dags/dag.py
Traceback (most recent call last):
  File "/home/airflow/.local/lib/python3.11/site-packages/airflow/models/dagbag.py", line 344, in parse
    loader.exec_module(new_module)
  File "<frozen importlib._bootstrap_external>", line 940, in exec_module
  File "<frozen importlib._bootstrap>", line 241, in _call_with_frames_removed
  File "/opt/airflow/dags/dag.py", line 10, in <module>
    from kafka.kafka_producer import  run_producer
ModuleNotFoundError: No module named 'kafka.kafka_producer'
[2026-05-13T10:26:48.801+0000] {processor.py:842} WARNING - No viable dags retrieved from /opt/airflow/dags/dag.py
[2026-05-13T10:26:48.847+0000] {processor.py:183} INFO - Processing /opt/airflow/dags/dag.py took 1.578 seconds
[2026-05-13T10:27:19.261+0000] {processor.py:161} INFO - Started process (PID=3413) to work on /opt/airflow/dags/dag.py
[2026-05-13T10:27:19.264+0000] {processor.py:830} INFO - Processing file /opt/airflow/dags/dag.py for tasks to queue
[2026-05-13T10:27:19.265+0000] {logging_mixin.py:188} INFO - [2026-05-13T10:27:19.265+0000] {dagbag.py:538} INFO - Filling up the DagBag from /opt/airflow/dags/dag.py
[2026-05-13T10:27:20.804+0000] {logging_mixin.py:188} INFO - [2026-05-13T10:27:20.790+0000] {dagbag.py:348} ERROR - Failed to import: /opt/airflow/dags/dag.py
Traceback (most recent call last):
  File "/home/airflow/.local/lib/python3.11/site-packages/airflow/models/dagbag.py", line 344, in parse
    loader.exec_module(new_module)
  File "<frozen importlib._bootstrap_external>", line 940, in exec_module
  File "<frozen importlib._bootstrap>", line 241, in _call_with_frames_removed
  File "/opt/airflow/dags/dag.py", line 10, in <module>
    from kafka.kafka_producer import  run_producer
ModuleNotFoundError: No module named 'kafka.kafka_producer'
[2026-05-13T10:27:20.808+0000] {processor.py:842} WARNING - No viable dags retrieved from /opt/airflow/dags/dag.py
[2026-05-13T10:27:20.891+0000] {processor.py:183} INFO - Processing /opt/airflow/dags/dag.py took 1.636 seconds
[2026-05-13T10:27:51.171+0000] {processor.py:161} INFO - Started process (PID=3431) to work on /opt/airflow/dags/dag.py
[2026-05-13T10:27:51.174+0000] {processor.py:830} INFO - Processing file /opt/airflow/dags/dag.py for tasks to queue
[2026-05-13T10:27:51.176+0000] {logging_mixin.py:188} INFO - [2026-05-13T10:27:51.176+0000] {dagbag.py:538} INFO - Filling up the DagBag from /opt/airflow/dags/dag.py
[2026-05-13T10:27:52.764+0000] {logging_mixin.py:188} INFO - [2026-05-13T10:27:52.756+0000] {dagbag.py:348} ERROR - Failed to import: /opt/airflow/dags/dag.py
Traceback (most recent call last):
  File "/home/airflow/.local/lib/python3.11/site-packages/airflow/models/dagbag.py", line 344, in parse
    loader.exec_module(new_module)
  File "<frozen importlib._bootstrap_external>", line 940, in exec_module
  File "<frozen importlib._bootstrap>", line 241, in _call_with_frames_removed
  File "/opt/airflow/dags/dag.py", line 10, in <module>
    from kafka.kafka_producer import  run_producer
ModuleNotFoundError: No module named 'kafka.kafka_producer'
[2026-05-13T10:27:52.767+0000] {processor.py:842} WARNING - No viable dags retrieved from /opt/airflow/dags/dag.py
[2026-05-13T10:27:52.801+0000] {processor.py:183} INFO - Processing /opt/airflow/dags/dag.py took 1.637 seconds
[2026-05-13T10:28:23.195+0000] {processor.py:161} INFO - Started process (PID=3449) to work on /opt/airflow/dags/dag.py
[2026-05-13T10:28:23.197+0000] {processor.py:830} INFO - Processing file /opt/airflow/dags/dag.py for tasks to queue
[2026-05-13T10:28:23.199+0000] {logging_mixin.py:188} INFO - [2026-05-13T10:28:23.199+0000] {dagbag.py:538} INFO - Filling up the DagBag from /opt/airflow/dags/dag.py
[2026-05-13T10:28:24.786+0000] {logging_mixin.py:188} INFO - [2026-05-13T10:28:24.781+0000] {dagbag.py:348} ERROR - Failed to import: /opt/airflow/dags/dag.py
Traceback (most recent call last):
  File "/home/airflow/.local/lib/python3.11/site-packages/airflow/models/dagbag.py", line 344, in parse
    loader.exec_module(new_module)
  File "<frozen importlib._bootstrap_external>", line 940, in exec_module
  File "<frozen importlib._bootstrap>", line 241, in _call_with_frames_removed
  File "/opt/airflow/dags/dag.py", line 10, in <module>
    from kafka.kafka_producer import  run_producer
ModuleNotFoundError: No module named 'kafka.kafka_producer'
[2026-05-13T10:28:24.787+0000] {processor.py:842} WARNING - No viable dags retrieved from /opt/airflow/dags/dag.py
[2026-05-13T10:28:24.821+0000] {processor.py:183} INFO - Processing /opt/airflow/dags/dag.py took 1.631 seconds
[2026-05-13T10:28:55.239+0000] {processor.py:161} INFO - Started process (PID=3467) to work on /opt/airflow/dags/dag.py
[2026-05-13T10:28:55.242+0000] {processor.py:830} INFO - Processing file /opt/airflow/dags/dag.py for tasks to queue
[2026-05-13T10:28:55.245+0000] {logging_mixin.py:188} INFO - [2026-05-13T10:28:55.244+0000] {dagbag.py:538} INFO - Filling up the DagBag from /opt/airflow/dags/dag.py
[2026-05-13T10:28:56.829+0000] {logging_mixin.py:188} INFO - [2026-05-13T10:28:56.817+0000] {dagbag.py:348} ERROR - Failed to import: /opt/airflow/dags/dag.py
Traceback (most recent call last):
  File "/home/airflow/.local/lib/python3.11/site-packages/airflow/models/dagbag.py", line 344, in parse
    loader.exec_module(new_module)
  File "<frozen importlib._bootstrap_external>", line 940, in exec_module
  File "<frozen importlib._bootstrap>", line 241, in _call_with_frames_removed
  File "/opt/airflow/dags/dag.py", line 10, in <module>
    from kafka.kafka_producer import  run_producer
ModuleNotFoundError: No module named 'kafka.kafka_producer'
[2026-05-13T10:28:56.833+0000] {processor.py:842} WARNING - No viable dags retrieved from /opt/airflow/dags/dag.py
[2026-05-13T10:28:56.867+0000] {processor.py:183} INFO - Processing /opt/airflow/dags/dag.py took 1.636 seconds
[2026-05-13T10:29:27.182+0000] {processor.py:161} INFO - Started process (PID=3485) to work on /opt/airflow/dags/dag.py
[2026-05-13T10:29:27.184+0000] {processor.py:830} INFO - Processing file /opt/airflow/dags/dag.py for tasks to queue
[2026-05-13T10:29:27.187+0000] {logging_mixin.py:188} INFO - [2026-05-13T10:29:27.186+0000] {dagbag.py:538} INFO - Filling up the DagBag from /opt/airflow/dags/dag.py
[2026-05-13T10:29:28.746+0000] {logging_mixin.py:188} INFO - [2026-05-13T10:29:28.735+0000] {dagbag.py:348} ERROR - Failed to import: /opt/airflow/dags/dag.py
Traceback (most recent call last):
  File "/home/airflow/.local/lib/python3.11/site-packages/airflow/models/dagbag.py", line 344, in parse
    loader.exec_module(new_module)
  File "<frozen importlib._bootstrap_external>", line 940, in exec_module
  File "<frozen importlib._bootstrap>", line 241, in _call_with_frames_removed
  File "/opt/airflow/dags/dag.py", line 10, in <module>
    from kafka.kafka_producer import  run_producer
ModuleNotFoundError: No module named 'kafka.kafka_producer'
[2026-05-13T10:29:28.751+0000] {processor.py:842} WARNING - No viable dags retrieved from /opt/airflow/dags/dag.py
[2026-05-13T10:29:28.797+0000] {processor.py:183} INFO - Processing /opt/airflow/dags/dag.py took 1.621 seconds
[2026-05-13T10:29:59.192+0000] {processor.py:161} INFO - Started process (PID=3503) to work on /opt/airflow/dags/dag.py
[2026-05-13T10:29:59.195+0000] {processor.py:830} INFO - Processing file /opt/airflow/dags/dag.py for tasks to queue
[2026-05-13T10:29:59.197+0000] {logging_mixin.py:188} INFO - [2026-05-13T10:29:59.197+0000] {dagbag.py:538} INFO - Filling up the DagBag from /opt/airflow/dags/dag.py
[2026-05-13T10:30:00.776+0000] {logging_mixin.py:188} INFO - [2026-05-13T10:30:00.764+0000] {dagbag.py:348} ERROR - Failed to import: /opt/airflow/dags/dag.py
Traceback (most recent call last):
  File "/home/airflow/.local/lib/python3.11/site-packages/airflow/models/dagbag.py", line 344, in parse
    loader.exec_module(new_module)
  File "<frozen importlib._bootstrap_external>", line 940, in exec_module
  File "<frozen importlib._bootstrap>", line 241, in _call_with_frames_removed
  File "/opt/airflow/dags/dag.py", line 10, in <module>
    from kafka.kafka_producer import  run_producer
ModuleNotFoundError: No module named 'kafka.kafka_producer'
[2026-05-13T10:30:00.780+0000] {processor.py:842} WARNING - No viable dags retrieved from /opt/airflow/dags/dag.py
[2026-05-13T10:30:00.823+0000] {processor.py:183} INFO - Processing /opt/airflow/dags/dag.py took 1.638 seconds
[2026-05-13T10:30:31.381+0000] {processor.py:161} INFO - Started process (PID=3521) to work on /opt/airflow/dags/dag.py
[2026-05-13T10:30:31.383+0000] {processor.py:830} INFO - Processing file /opt/airflow/dags/dag.py for tasks to queue
[2026-05-13T10:30:31.385+0000] {logging_mixin.py:188} INFO - [2026-05-13T10:30:31.384+0000] {dagbag.py:538} INFO - Filling up the DagBag from /opt/airflow/dags/dag.py
[2026-05-13T10:30:32.868+0000] {logging_mixin.py:188} INFO - [2026-05-13T10:30:32.858+0000] {dagbag.py:348} ERROR - Failed to import: /opt/airflow/dags/dag.py
Traceback (most recent call last):
  File "/home/airflow/.local/lib/python3.11/site-packages/airflow/models/dagbag.py", line 344, in parse
    loader.exec_module(new_module)
  File "<frozen importlib._bootstrap_external>", line 940, in exec_module
  File "<frozen importlib._bootstrap>", line 241, in _call_with_frames_removed
  File "/opt/airflow/dags/dag.py", line 10, in <module>
    from kafka.kafka_producer import  run_producer
ModuleNotFoundError: No module named 'kafka.kafka_producer'
[2026-05-13T10:30:32.872+0000] {processor.py:842} WARNING - No viable dags retrieved from /opt/airflow/dags/dag.py
[2026-05-13T10:30:32.904+0000] {processor.py:183} INFO - Processing /opt/airflow/dags/dag.py took 1.527 seconds
[2026-05-13T10:31:03.168+0000] {processor.py:161} INFO - Started process (PID=3539) to work on /opt/airflow/dags/dag.py
[2026-05-13T10:31:03.171+0000] {processor.py:830} INFO - Processing file /opt/airflow/dags/dag.py for tasks to queue
[2026-05-13T10:31:03.173+0000] {logging_mixin.py:188} INFO - [2026-05-13T10:31:03.172+0000] {dagbag.py:538} INFO - Filling up the DagBag from /opt/airflow/dags/dag.py
[2026-05-13T10:31:04.865+0000] {logging_mixin.py:188} INFO - [2026-05-13T10:31:04.860+0000] {dagbag.py:348} ERROR - Failed to import: /opt/airflow/dags/dag.py
Traceback (most recent call last):
  File "/home/airflow/.local/lib/python3.11/site-packages/airflow/models/dagbag.py", line 344, in parse
    loader.exec_module(new_module)
  File "<frozen importlib._bootstrap_external>", line 940, in exec_module
  File "<frozen importlib._bootstrap>", line 241, in _call_with_frames_removed
  File "/opt/airflow/dags/dag.py", line 10, in <module>
    from kafka.kafka_producer import  run_producer
ModuleNotFoundError: No module named 'kafka.kafka_producer'
[2026-05-13T10:31:04.867+0000] {processor.py:842} WARNING - No viable dags retrieved from /opt/airflow/dags/dag.py
[2026-05-13T10:31:04.934+0000] {processor.py:183} INFO - Processing /opt/airflow/dags/dag.py took 1.772 seconds
[2026-05-13T10:31:35.343+0000] {processor.py:161} INFO - Started process (PID=3557) to work on /opt/airflow/dags/dag.py
[2026-05-13T10:31:35.346+0000] {processor.py:830} INFO - Processing file /opt/airflow/dags/dag.py for tasks to queue
[2026-05-13T10:31:35.348+0000] {logging_mixin.py:188} INFO - [2026-05-13T10:31:35.348+0000] {dagbag.py:538} INFO - Filling up the DagBag from /opt/airflow/dags/dag.py
[2026-05-13T10:31:37.056+0000] {logging_mixin.py:188} INFO - [2026-05-13T10:31:37.046+0000] {dagbag.py:348} ERROR - Failed to import: /opt/airflow/dags/dag.py
Traceback (most recent call last):
  File "/home/airflow/.local/lib/python3.11/site-packages/airflow/models/dagbag.py", line 344, in parse
    loader.exec_module(new_module)
  File "<frozen importlib._bootstrap_external>", line 940, in exec_module
  File "<frozen importlib._bootstrap>", line 241, in _call_with_frames_removed
  File "/opt/airflow/dags/dag.py", line 10, in <module>
    from kafka.kafka_producer import  run_producer
ModuleNotFoundError: No module named 'kafka.kafka_producer'
[2026-05-13T10:31:37.059+0000] {processor.py:842} WARNING - No viable dags retrieved from /opt/airflow/dags/dag.py
[2026-05-13T10:31:37.091+0000] {processor.py:183} INFO - Processing /opt/airflow/dags/dag.py took 1.754 seconds
[2026-05-13T10:32:07.504+0000] {processor.py:161} INFO - Started process (PID=3575) to work on /opt/airflow/dags/dag.py
[2026-05-13T10:32:07.507+0000] {processor.py:830} INFO - Processing file /opt/airflow/dags/dag.py for tasks to queue
[2026-05-13T10:32:07.510+0000] {logging_mixin.py:188} INFO - [2026-05-13T10:32:07.509+0000] {dagbag.py:538} INFO - Filling up the DagBag from /opt/airflow/dags/dag.py
[2026-05-13T10:32:09.115+0000] {logging_mixin.py:188} INFO - [2026-05-13T10:32:09.103+0000] {dagbag.py:348} ERROR - Failed to import: /opt/airflow/dags/dag.py
Traceback (most recent call last):
  File "/home/airflow/.local/lib/python3.11/site-packages/airflow/models/dagbag.py", line 344, in parse
    loader.exec_module(new_module)
  File "<frozen importlib._bootstrap_external>", line 940, in exec_module
  File "<frozen importlib._bootstrap>", line 241, in _call_with_frames_removed
  File "/opt/airflow/dags/dag.py", line 10, in <module>
    from kafka.kafka_producer import  run_producer
ModuleNotFoundError: No module named 'kafka.kafka_producer'
[2026-05-13T10:32:09.119+0000] {processor.py:842} WARNING - No viable dags retrieved from /opt/airflow/dags/dag.py
[2026-05-13T10:32:09.166+0000] {processor.py:183} INFO - Processing /opt/airflow/dags/dag.py took 1.672 seconds
[2026-05-13T10:32:39.560+0000] {processor.py:161} INFO - Started process (PID=3593) to work on /opt/airflow/dags/dag.py
[2026-05-13T10:32:39.562+0000] {processor.py:830} INFO - Processing file /opt/airflow/dags/dag.py for tasks to queue
[2026-05-13T10:32:39.564+0000] {logging_mixin.py:188} INFO - [2026-05-13T10:32:39.563+0000] {dagbag.py:538} INFO - Filling up the DagBag from /opt/airflow/dags/dag.py
[2026-05-13T10:32:41.154+0000] {logging_mixin.py:188} INFO - [2026-05-13T10:32:41.146+0000] {dagbag.py:348} ERROR - Failed to import: /opt/airflow/dags/dag.py
Traceback (most recent call last):
  File "/home/airflow/.local/lib/python3.11/site-packages/airflow/models/dagbag.py", line 344, in parse
    loader.exec_module(new_module)
  File "<frozen importlib._bootstrap_external>", line 940, in exec_module
  File "<frozen importlib._bootstrap>", line 241, in _call_with_frames_removed
  File "/opt/airflow/dags/dag.py", line 10, in <module>
    from kafka.kafka_producer import  run_producer
ModuleNotFoundError: No module named 'kafka.kafka_producer'
[2026-05-13T10:32:41.157+0000] {processor.py:842} WARNING - No viable dags retrieved from /opt/airflow/dags/dag.py
[2026-05-13T10:32:41.191+0000] {processor.py:183} INFO - Processing /opt/airflow/dags/dag.py took 1.636 seconds
[2026-05-13T10:33:11.498+0000] {processor.py:161} INFO - Started process (PID=3611) to work on /opt/airflow/dags/dag.py
[2026-05-13T10:33:11.500+0000] {processor.py:830} INFO - Processing file /opt/airflow/dags/dag.py for tasks to queue
[2026-05-13T10:33:11.503+0000] {logging_mixin.py:188} INFO - [2026-05-13T10:33:11.502+0000] {dagbag.py:538} INFO - Filling up the DagBag from /opt/airflow/dags/dag.py
[2026-05-13T10:33:13.080+0000] {logging_mixin.py:188} INFO - [2026-05-13T10:33:13.063+0000] {dagbag.py:348} ERROR - Failed to import: /opt/airflow/dags/dag.py
Traceback (most recent call last):
  File "/home/airflow/.local/lib/python3.11/site-packages/airflow/models/dagbag.py", line 344, in parse
    loader.exec_module(new_module)
  File "<frozen importlib._bootstrap_external>", line 940, in exec_module
  File "<frozen importlib._bootstrap>", line 241, in _call_with_frames_removed
  File "/opt/airflow/dags/dag.py", line 10, in <module>
    from kafka.kafka_producer import  run_producer
ModuleNotFoundError: No module named 'kafka.kafka_producer'
[2026-05-13T10:33:13.084+0000] {processor.py:842} WARNING - No viable dags retrieved from /opt/airflow/dags/dag.py
[2026-05-13T10:33:13.129+0000] {processor.py:183} INFO - Processing /opt/airflow/dags/dag.py took 1.638 seconds
[2026-05-13T10:33:43.551+0000] {processor.py:161} INFO - Started process (PID=3629) to work on /opt/airflow/dags/dag.py
[2026-05-13T10:33:43.554+0000] {processor.py:830} INFO - Processing file /opt/airflow/dags/dag.py for tasks to queue
[2026-05-13T10:33:43.556+0000] {logging_mixin.py:188} INFO - [2026-05-13T10:33:43.555+0000] {dagbag.py:538} INFO - Filling up the DagBag from /opt/airflow/dags/dag.py
[2026-05-13T10:33:45.184+0000] {logging_mixin.py:188} INFO - [2026-05-13T10:33:45.170+0000] {dagbag.py:348} ERROR - Failed to import: /opt/airflow/dags/dag.py
Traceback (most recent call last):
  File "/home/airflow/.local/lib/python3.11/site-packages/airflow/models/dagbag.py", line 344, in parse
    loader.exec_module(new_module)
  File "<frozen importlib._bootstrap_external>", line 940, in exec_module
  File "<frozen importlib._bootstrap>", line 241, in _call_with_frames_removed
  File "/opt/airflow/dags/dag.py", line 10, in <module>
    from kafka.kafka_producer import  run_producer
ModuleNotFoundError: No module named 'kafka.kafka_producer'
[2026-05-13T10:33:45.189+0000] {processor.py:842} WARNING - No viable dags retrieved from /opt/airflow/dags/dag.py
[2026-05-13T10:33:45.234+0000] {processor.py:183} INFO - Processing /opt/airflow/dags/dag.py took 1.690 seconds
[2026-05-13T10:34:15.660+0000] {processor.py:161} INFO - Started process (PID=3647) to work on /opt/airflow/dags/dag.py
[2026-05-13T10:34:15.663+0000] {processor.py:830} INFO - Processing file /opt/airflow/dags/dag.py for tasks to queue
[2026-05-13T10:34:15.666+0000] {logging_mixin.py:188} INFO - [2026-05-13T10:34:15.665+0000] {dagbag.py:538} INFO - Filling up the DagBag from /opt/airflow/dags/dag.py
[2026-05-13T10:34:17.272+0000] {logging_mixin.py:188} INFO - [2026-05-13T10:34:17.262+0000] {dagbag.py:348} ERROR - Failed to import: /opt/airflow/dags/dag.py
Traceback (most recent call last):
  File "/home/airflow/.local/lib/python3.11/site-packages/airflow/models/dagbag.py", line 344, in parse
    loader.exec_module(new_module)
  File "<frozen importlib._bootstrap_external>", line 940, in exec_module
  File "<frozen importlib._bootstrap>", line 241, in _call_with_frames_removed
  File "/opt/airflow/dags/dag.py", line 10, in <module>
    from kafka.kafka_producer import  run_producer
ModuleNotFoundError: No module named 'kafka.kafka_producer'
[2026-05-13T10:34:17.275+0000] {processor.py:842} WARNING - No viable dags retrieved from /opt/airflow/dags/dag.py
[2026-05-13T10:34:17.316+0000] {processor.py:183} INFO - Processing /opt/airflow/dags/dag.py took 1.663 seconds
[2026-05-13T10:34:47.468+0000] {processor.py:161} INFO - Started process (PID=3665) to work on /opt/airflow/dags/dag.py
[2026-05-13T10:34:47.470+0000] {processor.py:830} INFO - Processing file /opt/airflow/dags/dag.py for tasks to queue
[2026-05-13T10:34:47.473+0000] {logging_mixin.py:188} INFO - [2026-05-13T10:34:47.472+0000] {dagbag.py:538} INFO - Filling up the DagBag from /opt/airflow/dags/dag.py
[2026-05-13T10:34:49.048+0000] {logging_mixin.py:188} INFO - [2026-05-13T10:34:49.041+0000] {dagbag.py:348} ERROR - Failed to import: /opt/airflow/dags/dag.py
Traceback (most recent call last):
  File "/home/airflow/.local/lib/python3.11/site-packages/airflow/models/dagbag.py", line 344, in parse
    loader.exec_module(new_module)
  File "<frozen importlib._bootstrap_external>", line 940, in exec_module
  File "<frozen importlib._bootstrap>", line 241, in _call_with_frames_removed
  File "/opt/airflow/dags/dag.py", line 10, in <module>
    from kafka.kafka_producer import  run_producer
ModuleNotFoundError: No module named 'kafka.kafka_producer'
[2026-05-13T10:34:49.051+0000] {processor.py:842} WARNING - No viable dags retrieved from /opt/airflow/dags/dag.py
[2026-05-13T10:34:49.076+0000] {processor.py:183} INFO - Processing /opt/airflow/dags/dag.py took 1.615 seconds
[2026-05-13T10:35:19.556+0000] {processor.py:161} INFO - Started process (PID=3683) to work on /opt/airflow/dags/dag.py
[2026-05-13T10:35:19.558+0000] {processor.py:830} INFO - Processing file /opt/airflow/dags/dag.py for tasks to queue
[2026-05-13T10:35:19.559+0000] {logging_mixin.py:188} INFO - [2026-05-13T10:35:19.559+0000] {dagbag.py:538} INFO - Filling up the DagBag from /opt/airflow/dags/dag.py
[2026-05-13T10:35:21.185+0000] {logging_mixin.py:188} INFO - [2026-05-13T10:35:21.169+0000] {dagbag.py:348} ERROR - Failed to import: /opt/airflow/dags/dag.py
Traceback (most recent call last):
  File "/home/airflow/.local/lib/python3.11/site-packages/airflow/models/dagbag.py", line 344, in parse
    loader.exec_module(new_module)
  File "<frozen importlib._bootstrap_external>", line 940, in exec_module
  File "<frozen importlib._bootstrap>", line 241, in _call_with_frames_removed
  File "/opt/airflow/dags/dag.py", line 10, in <module>
    from kafka.kafka_producer import  run_producer
ModuleNotFoundError: No module named 'kafka.kafka_producer'
[2026-05-13T10:35:21.189+0000] {processor.py:842} WARNING - No viable dags retrieved from /opt/airflow/dags/dag.py
[2026-05-13T10:35:21.234+0000] {processor.py:183} INFO - Processing /opt/airflow/dags/dag.py took 1.683 seconds
[2026-05-13T10:35:51.611+0000] {processor.py:161} INFO - Started process (PID=3701) to work on /opt/airflow/dags/dag.py
[2026-05-13T10:35:51.614+0000] {processor.py:830} INFO - Processing file /opt/airflow/dags/dag.py for tasks to queue
[2026-05-13T10:35:51.616+0000] {logging_mixin.py:188} INFO - [2026-05-13T10:35:51.615+0000] {dagbag.py:538} INFO - Filling up the DagBag from /opt/airflow/dags/dag.py
[2026-05-13T10:35:53.337+0000] {logging_mixin.py:188} INFO - [2026-05-13T10:35:53.331+0000] {dagbag.py:348} ERROR - Failed to import: /opt/airflow/dags/dag.py
Traceback (most recent call last):
  File "/home/airflow/.local/lib/python3.11/site-packages/airflow/models/dagbag.py", line 344, in parse
    loader.exec_module(new_module)
  File "<frozen importlib._bootstrap_external>", line 940, in exec_module
  File "<frozen importlib._bootstrap>", line 241, in _call_with_frames_removed
  File "/opt/airflow/dags/dag.py", line 10, in <module>
    from kafka.kafka_producer import  run_producer
ModuleNotFoundError: No module named 'kafka.kafka_producer'
[2026-05-13T10:35:53.339+0000] {processor.py:842} WARNING - No viable dags retrieved from /opt/airflow/dags/dag.py
[2026-05-13T10:35:53.362+0000] {processor.py:183} INFO - Processing /opt/airflow/dags/dag.py took 1.758 seconds
[2026-05-13T10:36:23.565+0000] {processor.py:161} INFO - Started process (PID=3719) to work on /opt/airflow/dags/dag.py
[2026-05-13T10:36:23.566+0000] {processor.py:830} INFO - Processing file /opt/airflow/dags/dag.py for tasks to queue
[2026-05-13T10:36:23.568+0000] {logging_mixin.py:188} INFO - [2026-05-13T10:36:23.567+0000] {dagbag.py:538} INFO - Filling up the DagBag from /opt/airflow/dags/dag.py
[2026-05-13T10:36:25.008+0000] {logging_mixin.py:188} INFO - [2026-05-13T10:36:24.999+0000] {dagbag.py:348} ERROR - Failed to import: /opt/airflow/dags/dag.py
Traceback (most recent call last):
  File "/home/airflow/.local/lib/python3.11/site-packages/airflow/models/dagbag.py", line 344, in parse
    loader.exec_module(new_module)
  File "<frozen importlib._bootstrap_external>", line 940, in exec_module
  File "<frozen importlib._bootstrap>", line 241, in _call_with_frames_removed
  File "/opt/airflow/dags/dag.py", line 10, in <module>
    from kafka.kafka_producer import  run_producer
ModuleNotFoundError: No module named 'kafka.kafka_producer'
[2026-05-13T10:36:25.012+0000] {processor.py:842} WARNING - No viable dags retrieved from /opt/airflow/dags/dag.py
[2026-05-13T10:36:25.078+0000] {processor.py:183} INFO - Processing /opt/airflow/dags/dag.py took 1.517 seconds
[2026-05-13T10:36:55.557+0000] {processor.py:161} INFO - Started process (PID=3737) to work on /opt/airflow/dags/dag.py
[2026-05-13T10:36:55.558+0000] {processor.py:830} INFO - Processing file /opt/airflow/dags/dag.py for tasks to queue
[2026-05-13T10:36:55.561+0000] {logging_mixin.py:188} INFO - [2026-05-13T10:36:55.560+0000] {dagbag.py:538} INFO - Filling up the DagBag from /opt/airflow/dags/dag.py
[2026-05-13T10:36:57.054+0000] {logging_mixin.py:188} INFO - [2026-05-13T10:36:57.038+0000] {dagbag.py:348} ERROR - Failed to import: /opt/airflow/dags/dag.py
Traceback (most recent call last):
  File "/home/airflow/.local/lib/python3.11/site-packages/airflow/models/dagbag.py", line 344, in parse
    loader.exec_module(new_module)
  File "<frozen importlib._bootstrap_external>", line 940, in exec_module
  File "<frozen importlib._bootstrap>", line 241, in _call_with_frames_removed
  File "/opt/airflow/dags/dag.py", line 10, in <module>
    from kafka.kafka_producer import  run_producer
ModuleNotFoundError: No module named 'kafka.kafka_producer'
[2026-05-13T10:36:57.059+0000] {processor.py:842} WARNING - No viable dags retrieved from /opt/airflow/dags/dag.py
[2026-05-13T10:36:57.107+0000] {processor.py:183} INFO - Processing /opt/airflow/dags/dag.py took 1.555 seconds
[2026-05-13T10:37:27.368+0000] {processor.py:161} INFO - Started process (PID=3755) to work on /opt/airflow/dags/dag.py
[2026-05-13T10:37:27.371+0000] {processor.py:830} INFO - Processing file /opt/airflow/dags/dag.py for tasks to queue
[2026-05-13T10:37:27.372+0000] {logging_mixin.py:188} INFO - [2026-05-13T10:37:27.372+0000] {dagbag.py:538} INFO - Filling up the DagBag from /opt/airflow/dags/dag.py
[2026-05-13T10:37:28.857+0000] {logging_mixin.py:188} INFO - [2026-05-13T10:37:28.843+0000] {dagbag.py:348} ERROR - Failed to import: /opt/airflow/dags/dag.py
Traceback (most recent call last):
  File "/home/airflow/.local/lib/python3.11/site-packages/airflow/models/dagbag.py", line 344, in parse
    loader.exec_module(new_module)
  File "<frozen importlib._bootstrap_external>", line 940, in exec_module
  File "<frozen importlib._bootstrap>", line 241, in _call_with_frames_removed
  File "/opt/airflow/dags/dag.py", line 10, in <module>
    from kafka.kafka_producer import  run_producer
ModuleNotFoundError: No module named 'kafka.kafka_producer'
[2026-05-13T10:37:28.862+0000] {processor.py:842} WARNING - No viable dags retrieved from /opt/airflow/dags/dag.py
[2026-05-13T10:37:28.894+0000] {processor.py:183} INFO - Processing /opt/airflow/dags/dag.py took 1.531 seconds
[2026-05-13T10:37:59.287+0000] {processor.py:161} INFO - Started process (PID=3773) to work on /opt/airflow/dags/dag.py
[2026-05-13T10:37:59.290+0000] {processor.py:830} INFO - Processing file /opt/airflow/dags/dag.py for tasks to queue
[2026-05-13T10:37:59.292+0000] {logging_mixin.py:188} INFO - [2026-05-13T10:37:59.292+0000] {dagbag.py:538} INFO - Filling up the DagBag from /opt/airflow/dags/dag.py
[2026-05-13T10:38:00.768+0000] {logging_mixin.py:188} INFO - [2026-05-13T10:38:00.754+0000] {dagbag.py:348} ERROR - Failed to import: /opt/airflow/dags/dag.py
Traceback (most recent call last):
  File "/home/airflow/.local/lib/python3.11/site-packages/airflow/models/dagbag.py", line 344, in parse
    loader.exec_module(new_module)
  File "<frozen importlib._bootstrap_external>", line 940, in exec_module
  File "<frozen importlib._bootstrap>", line 241, in _call_with_frames_removed
  File "/opt/airflow/dags/dag.py", line 10, in <module>
    from kafka.kafka_producer import  run_producer
ModuleNotFoundError: No module named 'kafka.kafka_producer'
[2026-05-13T10:38:00.773+0000] {processor.py:842} WARNING - No viable dags retrieved from /opt/airflow/dags/dag.py
[2026-05-13T10:38:00.816+0000] {processor.py:183} INFO - Processing /opt/airflow/dags/dag.py took 1.534 seconds
[2026-05-13T10:38:31.101+0000] {processor.py:161} INFO - Started process (PID=3791) to work on /opt/airflow/dags/dag.py
[2026-05-13T10:38:31.103+0000] {processor.py:830} INFO - Processing file /opt/airflow/dags/dag.py for tasks to queue
[2026-05-13T10:38:31.105+0000] {logging_mixin.py:188} INFO - [2026-05-13T10:38:31.105+0000] {dagbag.py:538} INFO - Filling up the DagBag from /opt/airflow/dags/dag.py
[2026-05-13T10:38:32.629+0000] {logging_mixin.py:188} INFO - [2026-05-13T10:38:32.616+0000] {dagbag.py:348} ERROR - Failed to import: /opt/airflow/dags/dag.py
Traceback (most recent call last):
  File "/home/airflow/.local/lib/python3.11/site-packages/airflow/models/dagbag.py", line 344, in parse
    loader.exec_module(new_module)
  File "<frozen importlib._bootstrap_external>", line 940, in exec_module
  File "<frozen importlib._bootstrap>", line 241, in _call_with_frames_removed
  File "/opt/airflow/dags/dag.py", line 10, in <module>
    from kafka.kafka_producer import  run_producer
ModuleNotFoundError: No module named 'kafka.kafka_producer'
[2026-05-13T10:38:32.632+0000] {processor.py:842} WARNING - No viable dags retrieved from /opt/airflow/dags/dag.py
[2026-05-13T10:38:32.667+0000] {processor.py:183} INFO - Processing /opt/airflow/dags/dag.py took 1.572 seconds
[2026-05-13T10:39:03.017+0000] {processor.py:161} INFO - Started process (PID=3809) to work on /opt/airflow/dags/dag.py
[2026-05-13T10:39:03.020+0000] {processor.py:830} INFO - Processing file /opt/airflow/dags/dag.py for tasks to queue
[2026-05-13T10:39:03.022+0000] {logging_mixin.py:188} INFO - [2026-05-13T10:39:03.021+0000] {dagbag.py:538} INFO - Filling up the DagBag from /opt/airflow/dags/dag.py
[2026-05-13T10:39:04.572+0000] {logging_mixin.py:188} INFO - [2026-05-13T10:39:04.559+0000] {dagbag.py:348} ERROR - Failed to import: /opt/airflow/dags/dag.py
Traceback (most recent call last):
  File "/home/airflow/.local/lib/python3.11/site-packages/airflow/models/dagbag.py", line 344, in parse
    loader.exec_module(new_module)
  File "<frozen importlib._bootstrap_external>", line 940, in exec_module
  File "<frozen importlib._bootstrap>", line 241, in _call_with_frames_removed
  File "/opt/airflow/dags/dag.py", line 10, in <module>
    from kafka.kafka_producer import  run_producer
ModuleNotFoundError: No module named 'kafka.kafka_producer'
[2026-05-13T10:39:04.576+0000] {processor.py:842} WARNING - No viable dags retrieved from /opt/airflow/dags/dag.py
[2026-05-13T10:39:04.612+0000] {processor.py:183} INFO - Processing /opt/airflow/dags/dag.py took 1.600 seconds
[2026-05-13T10:39:34.810+0000] {processor.py:161} INFO - Started process (PID=3827) to work on /opt/airflow/dags/dag.py
[2026-05-13T10:39:34.813+0000] {processor.py:830} INFO - Processing file /opt/airflow/dags/dag.py for tasks to queue
[2026-05-13T10:39:34.815+0000] {logging_mixin.py:188} INFO - [2026-05-13T10:39:34.814+0000] {dagbag.py:538} INFO - Filling up the DagBag from /opt/airflow/dags/dag.py
[2026-05-13T10:39:36.435+0000] {logging_mixin.py:188} INFO - [2026-05-13T10:39:36.419+0000] {dagbag.py:348} ERROR - Failed to import: /opt/airflow/dags/dag.py
Traceback (most recent call last):
  File "/home/airflow/.local/lib/python3.11/site-packages/airflow/models/dagbag.py", line 344, in parse
    loader.exec_module(new_module)
  File "<frozen importlib._bootstrap_external>", line 940, in exec_module
  File "<frozen importlib._bootstrap>", line 241, in _call_with_frames_removed
  File "/opt/airflow/dags/dag.py", line 10, in <module>
    from kafka.kafka_producer import  run_producer
ModuleNotFoundError: No module named 'kafka.kafka_producer'
[2026-05-13T10:39:36.440+0000] {processor.py:842} WARNING - No viable dags retrieved from /opt/airflow/dags/dag.py
[2026-05-13T10:39:36.483+0000] {processor.py:183} INFO - Processing /opt/airflow/dags/dag.py took 1.679 seconds
[2026-05-13T10:40:06.885+0000] {processor.py:161} INFO - Started process (PID=3845) to work on /opt/airflow/dags/dag.py
[2026-05-13T10:40:06.888+0000] {processor.py:830} INFO - Processing file /opt/airflow/dags/dag.py for tasks to queue
[2026-05-13T10:40:06.890+0000] {logging_mixin.py:188} INFO - [2026-05-13T10:40:06.889+0000] {dagbag.py:538} INFO - Filling up the DagBag from /opt/airflow/dags/dag.py
[2026-05-13T10:40:08.415+0000] {logging_mixin.py:188} INFO - [2026-05-13T10:40:08.401+0000] {dagbag.py:348} ERROR - Failed to import: /opt/airflow/dags/dag.py
Traceback (most recent call last):
  File "/home/airflow/.local/lib/python3.11/site-packages/airflow/models/dagbag.py", line 344, in parse
    loader.exec_module(new_module)
  File "<frozen importlib._bootstrap_external>", line 940, in exec_module
  File "<frozen importlib._bootstrap>", line 241, in _call_with_frames_removed
  File "/opt/airflow/dags/dag.py", line 10, in <module>
    from kafka.kafka_producer import  run_producer
ModuleNotFoundError: No module named 'kafka.kafka_producer'
[2026-05-13T10:40:08.420+0000] {processor.py:842} WARNING - No viable dags retrieved from /opt/airflow/dags/dag.py
[2026-05-13T10:40:08.457+0000] {processor.py:183} INFO - Processing /opt/airflow/dags/dag.py took 1.583 seconds
[2026-05-13T10:40:38.626+0000] {processor.py:161} INFO - Started process (PID=3863) to work on /opt/airflow/dags/dag.py
[2026-05-13T10:40:38.629+0000] {processor.py:830} INFO - Processing file /opt/airflow/dags/dag.py for tasks to queue
[2026-05-13T10:40:38.632+0000] {logging_mixin.py:188} INFO - [2026-05-13T10:40:38.631+0000] {dagbag.py:538} INFO - Filling up the DagBag from /opt/airflow/dags/dag.py
[2026-05-13T10:40:40.272+0000] {logging_mixin.py:188} INFO - [2026-05-13T10:40:40.258+0000] {dagbag.py:348} ERROR - Failed to import: /opt/airflow/dags/dag.py
Traceback (most recent call last):
  File "/home/airflow/.local/lib/python3.11/site-packages/airflow/models/dagbag.py", line 344, in parse
    loader.exec_module(new_module)
  File "<frozen importlib._bootstrap_external>", line 940, in exec_module
  File "<frozen importlib._bootstrap>", line 241, in _call_with_frames_removed
  File "/opt/airflow/dags/dag.py", line 10, in <module>
    from kafka.kafka_producer import  run_producer
ModuleNotFoundError: No module named 'kafka.kafka_producer'
[2026-05-13T10:40:40.277+0000] {processor.py:842} WARNING - No viable dags retrieved from /opt/airflow/dags/dag.py
[2026-05-13T10:40:40.323+0000] {processor.py:183} INFO - Processing /opt/airflow/dags/dag.py took 1.704 seconds
[2026-05-13T10:41:10.726+0000] {processor.py:161} INFO - Started process (PID=3881) to work on /opt/airflow/dags/dag.py
[2026-05-13T10:41:10.730+0000] {processor.py:830} INFO - Processing file /opt/airflow/dags/dag.py for tasks to queue
[2026-05-13T10:41:10.732+0000] {logging_mixin.py:188} INFO - [2026-05-13T10:41:10.731+0000] {dagbag.py:538} INFO - Filling up the DagBag from /opt/airflow/dags/dag.py
[2026-05-13T10:41:12.394+0000] {logging_mixin.py:188} INFO - [2026-05-13T10:41:12.382+0000] {dagbag.py:348} ERROR - Failed to import: /opt/airflow/dags/dag.py
Traceback (most recent call last):
  File "/home/airflow/.local/lib/python3.11/site-packages/airflow/models/dagbag.py", line 344, in parse
    loader.exec_module(new_module)
  File "<frozen importlib._bootstrap_external>", line 940, in exec_module
  File "<frozen importlib._bootstrap>", line 241, in _call_with_frames_removed
  File "/opt/airflow/dags/dag.py", line 10, in <module>
    from kafka.kafka_producer import  run_producer
ModuleNotFoundError: No module named 'kafka.kafka_producer'
[2026-05-13T10:41:12.398+0000] {processor.py:842} WARNING - No viable dags retrieved from /opt/airflow/dags/dag.py
[2026-05-13T10:41:12.429+0000] {processor.py:183} INFO - Processing /opt/airflow/dags/dag.py took 1.709 seconds
[2026-05-13T10:41:42.586+0000] {processor.py:161} INFO - Started process (PID=3899) to work on /opt/airflow/dags/dag.py
[2026-05-13T10:41:42.589+0000] {processor.py:830} INFO - Processing file /opt/airflow/dags/dag.py for tasks to queue
[2026-05-13T10:41:42.592+0000] {logging_mixin.py:188} INFO - [2026-05-13T10:41:42.591+0000] {dagbag.py:538} INFO - Filling up the DagBag from /opt/airflow/dags/dag.py
[2026-05-13T10:41:44.286+0000] {logging_mixin.py:188} INFO - [2026-05-13T10:41:44.271+0000] {dagbag.py:348} ERROR - Failed to import: /opt/airflow/dags/dag.py
Traceback (most recent call last):
  File "/home/airflow/.local/lib/python3.11/site-packages/airflow/models/dagbag.py", line 344, in parse
    loader.exec_module(new_module)
  File "<frozen importlib._bootstrap_external>", line 940, in exec_module
  File "<frozen importlib._bootstrap>", line 241, in _call_with_frames_removed
  File "/opt/airflow/dags/dag.py", line 10, in <module>
    from kafka.kafka_producer import  run_producer
ModuleNotFoundError: No module named 'kafka.kafka_producer'
[2026-05-13T10:41:44.290+0000] {processor.py:842} WARNING - No viable dags retrieved from /opt/airflow/dags/dag.py
[2026-05-13T10:41:44.333+0000] {processor.py:183} INFO - Processing /opt/airflow/dags/dag.py took 1.754 seconds
[2026-05-13T10:42:14.732+0000] {processor.py:161} INFO - Started process (PID=3917) to work on /opt/airflow/dags/dag.py
[2026-05-13T10:42:14.735+0000] {processor.py:830} INFO - Processing file /opt/airflow/dags/dag.py for tasks to queue
[2026-05-13T10:42:14.738+0000] {logging_mixin.py:188} INFO - [2026-05-13T10:42:14.737+0000] {dagbag.py:538} INFO - Filling up the DagBag from /opt/airflow/dags/dag.py
[2026-05-13T10:42:16.349+0000] {logging_mixin.py:188} INFO - [2026-05-13T10:42:16.338+0000] {dagbag.py:348} ERROR - Failed to import: /opt/airflow/dags/dag.py
Traceback (most recent call last):
  File "/home/airflow/.local/lib/python3.11/site-packages/airflow/models/dagbag.py", line 344, in parse
    loader.exec_module(new_module)
  File "<frozen importlib._bootstrap_external>", line 940, in exec_module
  File "<frozen importlib._bootstrap>", line 241, in _call_with_frames_removed
  File "/opt/airflow/dags/dag.py", line 10, in <module>
    from kafka.kafka_producer import  run_producer
ModuleNotFoundError: No module named 'kafka.kafka_producer'
[2026-05-13T10:42:16.353+0000] {processor.py:842} WARNING - No viable dags retrieved from /opt/airflow/dags/dag.py
[2026-05-13T10:42:16.394+0000] {processor.py:183} INFO - Processing /opt/airflow/dags/dag.py took 1.666 seconds
[2026-05-13T10:42:46.778+0000] {processor.py:161} INFO - Started process (PID=3935) to work on /opt/airflow/dags/dag.py
[2026-05-13T10:42:46.781+0000] {processor.py:830} INFO - Processing file /opt/airflow/dags/dag.py for tasks to queue
[2026-05-13T10:42:46.784+0000] {logging_mixin.py:188} INFO - [2026-05-13T10:42:46.783+0000] {dagbag.py:538} INFO - Filling up the DagBag from /opt/airflow/dags/dag.py
[2026-05-13T10:42:48.394+0000] {logging_mixin.py:188} INFO - [2026-05-13T10:42:48.381+0000] {dagbag.py:348} ERROR - Failed to import: /opt/airflow/dags/dag.py
Traceback (most recent call last):
  File "/home/airflow/.local/lib/python3.11/site-packages/airflow/models/dagbag.py", line 344, in parse
    loader.exec_module(new_module)
  File "<frozen importlib._bootstrap_external>", line 940, in exec_module
  File "<frozen importlib._bootstrap>", line 241, in _call_with_frames_removed
  File "/opt/airflow/dags/dag.py", line 10, in <module>
    from kafka.kafka_producer import  run_producer
ModuleNotFoundError: No module named 'kafka.kafka_producer'
[2026-05-13T10:42:48.398+0000] {processor.py:842} WARNING - No viable dags retrieved from /opt/airflow/dags/dag.py
[2026-05-13T10:42:48.444+0000] {processor.py:183} INFO - Processing /opt/airflow/dags/dag.py took 1.675 seconds
[2026-05-13T10:43:18.748+0000] {processor.py:161} INFO - Started process (PID=3953) to work on /opt/airflow/dags/dag.py
[2026-05-13T10:43:18.751+0000] {processor.py:830} INFO - Processing file /opt/airflow/dags/dag.py for tasks to queue
[2026-05-13T10:43:18.753+0000] {logging_mixin.py:188} INFO - [2026-05-13T10:43:18.752+0000] {dagbag.py:538} INFO - Filling up the DagBag from /opt/airflow/dags/dag.py
[2026-05-13T10:43:20.446+0000] {logging_mixin.py:188} INFO - [2026-05-13T10:43:20.432+0000] {dagbag.py:348} ERROR - Failed to import: /opt/airflow/dags/dag.py
Traceback (most recent call last):
  File "/home/airflow/.local/lib/python3.11/site-packages/airflow/models/dagbag.py", line 344, in parse
    loader.exec_module(new_module)
  File "<frozen importlib._bootstrap_external>", line 940, in exec_module
  File "<frozen importlib._bootstrap>", line 241, in _call_with_frames_removed
  File "/opt/airflow/dags/dag.py", line 10, in <module>
    from kafka.kafka_producer import  run_producer
ModuleNotFoundError: No module named 'kafka.kafka_producer'
[2026-05-13T10:43:20.450+0000] {processor.py:842} WARNING - No viable dags retrieved from /opt/airflow/dags/dag.py
[2026-05-13T10:43:20.499+0000] {processor.py:183} INFO - Processing /opt/airflow/dags/dag.py took 1.757 seconds
[2026-05-13T10:43:50.941+0000] {processor.py:161} INFO - Started process (PID=3971) to work on /opt/airflow/dags/dag.py
[2026-05-13T10:43:50.944+0000] {processor.py:830} INFO - Processing file /opt/airflow/dags/dag.py for tasks to queue
[2026-05-13T10:43:50.947+0000] {logging_mixin.py:188} INFO - [2026-05-13T10:43:50.946+0000] {dagbag.py:538} INFO - Filling up the DagBag from /opt/airflow/dags/dag.py
[2026-05-13T10:43:52.495+0000] {logging_mixin.py:188} INFO - [2026-05-13T10:43:52.483+0000] {dagbag.py:348} ERROR - Failed to import: /opt/airflow/dags/dag.py
Traceback (most recent call last):
  File "/home/airflow/.local/lib/python3.11/site-packages/airflow/models/dagbag.py", line 344, in parse
    loader.exec_module(new_module)
  File "<frozen importlib._bootstrap_external>", line 940, in exec_module
  File "<frozen importlib._bootstrap>", line 241, in _call_with_frames_removed
  File "/opt/airflow/dags/dag.py", line 10, in <module>
    from kafka.kafka_producer import  run_producer
ModuleNotFoundError: No module named 'kafka.kafka_producer'
[2026-05-13T10:43:52.500+0000] {processor.py:842} WARNING - No viable dags retrieved from /opt/airflow/dags/dag.py
[2026-05-13T10:43:52.546+0000] {processor.py:183} INFO - Processing /opt/airflow/dags/dag.py took 1.613 seconds
[2026-05-13T10:50:09.225+0000] {processor.py:161} INFO - Started process (PID=168) to work on /opt/airflow/dags/dag.py
[2026-05-13T10:50:09.228+0000] {processor.py:830} INFO - Processing file /opt/airflow/dags/dag.py for tasks to queue
[2026-05-13T10:50:09.231+0000] {logging_mixin.py:188} INFO - [2026-05-13T10:50:09.230+0000] {dagbag.py:538} INFO - Filling up the DagBag from /opt/airflow/dags/dag.py
[2026-05-13T10:50:11.786+0000] {logging_mixin.py:188} INFO - [2026-05-13T10:50:11.776+0000] {dagbag.py:348} ERROR - Failed to import: /opt/airflow/dags/dag.py
Traceback (most recent call last):
  File "/home/airflow/.local/lib/python3.11/site-packages/airflow/models/dagbag.py", line 344, in parse
    loader.exec_module(new_module)
  File "<frozen importlib._bootstrap_external>", line 940, in exec_module
  File "<frozen importlib._bootstrap>", line 241, in _call_with_frames_removed
  File "/opt/airflow/dags/dag.py", line 10, in <module>
    from kafka.kafka_producer import  run_producer
ModuleNotFoundError: No module named 'kafka.kafka_producer'
[2026-05-13T10:50:11.790+0000] {processor.py:842} WARNING - No viable dags retrieved from /opt/airflow/dags/dag.py
[2026-05-13T10:50:11.817+0000] {processor.py:183} INFO - Processing /opt/airflow/dags/dag.py took 2.598 seconds
[2026-05-13T10:50:42.217+0000] {processor.py:161} INFO - Started process (PID=186) to work on /opt/airflow/dags/dag.py
[2026-05-13T10:50:42.222+0000] {processor.py:830} INFO - Processing file /opt/airflow/dags/dag.py for tasks to queue
[2026-05-13T10:50:42.227+0000] {logging_mixin.py:188} INFO - [2026-05-13T10:50:42.225+0000] {dagbag.py:538} INFO - Filling up the DagBag from /opt/airflow/dags/dag.py
[2026-05-13T10:50:44.941+0000] {logging_mixin.py:188} INFO - [2026-05-13T10:50:44.931+0000] {dagbag.py:348} ERROR - Failed to import: /opt/airflow/dags/dag.py
Traceback (most recent call last):
  File "/home/airflow/.local/lib/python3.11/site-packages/airflow/models/dagbag.py", line 344, in parse
    loader.exec_module(new_module)
  File "<frozen importlib._bootstrap_external>", line 940, in exec_module
  File "<frozen importlib._bootstrap>", line 241, in _call_with_frames_removed
  File "/opt/airflow/dags/dag.py", line 10, in <module>
    from kafka.kafka_producer import  run_producer
ModuleNotFoundError: No module named 'kafka.kafka_producer'
[2026-05-13T10:50:44.944+0000] {processor.py:842} WARNING - No viable dags retrieved from /opt/airflow/dags/dag.py
[2026-05-13T10:50:45.011+0000] {processor.py:183} INFO - Processing /opt/airflow/dags/dag.py took 2.811 seconds
[2026-05-13T10:51:15.422+0000] {processor.py:161} INFO - Started process (PID=204) to work on /opt/airflow/dags/dag.py
[2026-05-13T10:51:15.426+0000] {processor.py:830} INFO - Processing file /opt/airflow/dags/dag.py for tasks to queue
[2026-05-13T10:51:15.430+0000] {logging_mixin.py:188} INFO - [2026-05-13T10:51:15.429+0000] {dagbag.py:538} INFO - Filling up the DagBag from /opt/airflow/dags/dag.py
[2026-05-13T10:51:17.591+0000] {logging_mixin.py:188} INFO - [2026-05-13T10:51:17.581+0000] {dagbag.py:348} ERROR - Failed to import: /opt/airflow/dags/dag.py
Traceback (most recent call last):
  File "/home/airflow/.local/lib/python3.11/site-packages/airflow/models/dagbag.py", line 344, in parse
    loader.exec_module(new_module)
  File "<frozen importlib._bootstrap_external>", line 940, in exec_module
  File "<frozen importlib._bootstrap>", line 241, in _call_with_frames_removed
  File "/opt/airflow/dags/dag.py", line 10, in <module>
    from kafka.kafka_producer import  run_producer
ModuleNotFoundError: No module named 'kafka.kafka_producer'
[2026-05-13T10:51:17.596+0000] {processor.py:842} WARNING - No viable dags retrieved from /opt/airflow/dags/dag.py
[2026-05-13T10:51:17.637+0000] {processor.py:183} INFO - Processing /opt/airflow/dags/dag.py took 2.221 seconds
[2026-05-13T10:51:35.973+0000] {processor.py:161} INFO - Started process (PID=222) to work on /opt/airflow/dags/dag.py
[2026-05-13T10:51:35.978+0000] {processor.py:830} INFO - Processing file /opt/airflow/dags/dag.py for tasks to queue
[2026-05-13T10:51:35.982+0000] {logging_mixin.py:188} INFO - [2026-05-13T10:51:35.981+0000] {dagbag.py:538} INFO - Filling up the DagBag from /opt/airflow/dags/dag.py
[2026-05-13T10:51:37.539+0000] {logging_mixin.py:188} INFO - [2026-05-13T10:51:37.526+0000] {dagbag.py:348} ERROR - Failed to import: /opt/airflow/dags/dag.py
Traceback (most recent call last):
  File "/home/airflow/.local/lib/python3.11/site-packages/airflow/models/dagbag.py", line 344, in parse
    loader.exec_module(new_module)
  File "<frozen importlib._bootstrap_external>", line 940, in exec_module
  File "<frozen importlib._bootstrap>", line 241, in _call_with_frames_removed
  File "/opt/airflow/dags/dag.py", line 10, in <module>
    from kafka.kafka_producer import run_producer
ModuleNotFoundError: No module named 'kafka.kafka_producer'
[2026-05-13T10:51:37.544+0000] {processor.py:842} WARNING - No viable dags retrieved from /opt/airflow/dags/dag.py
[2026-05-13T10:51:37.596+0000] {processor.py:183} INFO - Processing /opt/airflow/dags/dag.py took 1.631 seconds
[2026-05-13T10:52:07.962+0000] {processor.py:161} INFO - Started process (PID=240) to work on /opt/airflow/dags/dag.py
[2026-05-13T10:52:07.964+0000] {processor.py:830} INFO - Processing file /opt/airflow/dags/dag.py for tasks to queue
[2026-05-13T10:52:07.967+0000] {logging_mixin.py:188} INFO - [2026-05-13T10:52:07.966+0000] {dagbag.py:538} INFO - Filling up the DagBag from /opt/airflow/dags/dag.py
[2026-05-13T10:52:09.662+0000] {logging_mixin.py:188} INFO - [2026-05-13T10:52:09.651+0000] {dagbag.py:348} ERROR - Failed to import: /opt/airflow/dags/dag.py
Traceback (most recent call last):
  File "/home/airflow/.local/lib/python3.11/site-packages/airflow/models/dagbag.py", line 344, in parse
    loader.exec_module(new_module)
  File "<frozen importlib._bootstrap_external>", line 940, in exec_module
  File "<frozen importlib._bootstrap>", line 241, in _call_with_frames_removed
  File "/opt/airflow/dags/dag.py", line 10, in <module>
    from kafka.kafka_producer import run_producer
ModuleNotFoundError: No module named 'kafka.kafka_producer'
[2026-05-13T10:52:09.665+0000] {processor.py:842} WARNING - No viable dags retrieved from /opt/airflow/dags/dag.py
[2026-05-13T10:52:09.709+0000] {processor.py:183} INFO - Processing /opt/airflow/dags/dag.py took 1.755 seconds
[2026-05-13T10:52:40.130+0000] {processor.py:161} INFO - Started process (PID=258) to work on /opt/airflow/dags/dag.py
[2026-05-13T10:52:40.133+0000] {processor.py:830} INFO - Processing file /opt/airflow/dags/dag.py for tasks to queue
[2026-05-13T10:52:40.136+0000] {logging_mixin.py:188} INFO - [2026-05-13T10:52:40.135+0000] {dagbag.py:538} INFO - Filling up the DagBag from /opt/airflow/dags/dag.py
[2026-05-13T10:52:41.692+0000] {logging_mixin.py:188} INFO - [2026-05-13T10:52:41.682+0000] {dagbag.py:348} ERROR - Failed to import: /opt/airflow/dags/dag.py
Traceback (most recent call last):
  File "/home/airflow/.local/lib/python3.11/site-packages/airflow/models/dagbag.py", line 344, in parse
    loader.exec_module(new_module)
  File "<frozen importlib._bootstrap_external>", line 940, in exec_module
  File "<frozen importlib._bootstrap>", line 241, in _call_with_frames_removed
  File "/opt/airflow/dags/dag.py", line 10, in <module>
    from kafka.kafka_producer import run_producer
ModuleNotFoundError: No module named 'kafka.kafka_producer'
[2026-05-13T10:52:41.695+0000] {processor.py:842} WARNING - No viable dags retrieved from /opt/airflow/dags/dag.py
[2026-05-13T10:52:41.725+0000] {processor.py:183} INFO - Processing /opt/airflow/dags/dag.py took 1.601 seconds
[2026-05-13T10:53:12.146+0000] {processor.py:161} INFO - Started process (PID=276) to work on /opt/airflow/dags/dag.py
[2026-05-13T10:53:12.148+0000] {processor.py:830} INFO - Processing file /opt/airflow/dags/dag.py for tasks to queue
[2026-05-13T10:53:12.150+0000] {logging_mixin.py:188} INFO - [2026-05-13T10:53:12.150+0000] {dagbag.py:538} INFO - Filling up the DagBag from /opt/airflow/dags/dag.py
[2026-05-13T10:53:13.760+0000] {logging_mixin.py:188} INFO - [2026-05-13T10:53:13.749+0000] {dagbag.py:348} ERROR - Failed to import: /opt/airflow/dags/dag.py
Traceback (most recent call last):
  File "/home/airflow/.local/lib/python3.11/site-packages/airflow/models/dagbag.py", line 344, in parse
    loader.exec_module(new_module)
  File "<frozen importlib._bootstrap_external>", line 940, in exec_module
  File "<frozen importlib._bootstrap>", line 241, in _call_with_frames_removed
  File "/opt/airflow/dags/dag.py", line 10, in <module>
    from kafka.kafka_producer import run_producer
ModuleNotFoundError: No module named 'kafka.kafka_producer'
[2026-05-13T10:53:13.764+0000] {processor.py:842} WARNING - No viable dags retrieved from /opt/airflow/dags/dag.py
[2026-05-13T10:53:13.801+0000] {processor.py:183} INFO - Processing /opt/airflow/dags/dag.py took 1.661 seconds
[2026-05-13T10:53:44.186+0000] {processor.py:161} INFO - Started process (PID=294) to work on /opt/airflow/dags/dag.py
[2026-05-13T10:53:44.189+0000] {processor.py:830} INFO - Processing file /opt/airflow/dags/dag.py for tasks to queue
[2026-05-13T10:53:44.192+0000] {logging_mixin.py:188} INFO - [2026-05-13T10:53:44.191+0000] {dagbag.py:538} INFO - Filling up the DagBag from /opt/airflow/dags/dag.py
[2026-05-13T10:53:45.750+0000] {logging_mixin.py:188} INFO - [2026-05-13T10:53:45.737+0000] {dagbag.py:348} ERROR - Failed to import: /opt/airflow/dags/dag.py
Traceback (most recent call last):
  File "/home/airflow/.local/lib/python3.11/site-packages/airflow/models/dagbag.py", line 344, in parse
    loader.exec_module(new_module)
  File "<frozen importlib._bootstrap_external>", line 940, in exec_module
  File "<frozen importlib._bootstrap>", line 241, in _call_with_frames_removed
  File "/opt/airflow/dags/dag.py", line 10, in <module>
    from kafka.kafka_producer import run_producer
ModuleNotFoundError: No module named 'kafka.kafka_producer'
[2026-05-13T10:53:45.753+0000] {processor.py:842} WARNING - No viable dags retrieved from /opt/airflow/dags/dag.py
[2026-05-13T10:53:45.793+0000] {processor.py:183} INFO - Processing /opt/airflow/dags/dag.py took 1.613 seconds
[2026-05-13T10:54:16.259+0000] {processor.py:161} INFO - Started process (PID=312) to work on /opt/airflow/dags/dag.py
[2026-05-13T10:54:16.262+0000] {processor.py:830} INFO - Processing file /opt/airflow/dags/dag.py for tasks to queue
[2026-05-13T10:54:16.264+0000] {logging_mixin.py:188} INFO - [2026-05-13T10:54:16.264+0000] {dagbag.py:538} INFO - Filling up the DagBag from /opt/airflow/dags/dag.py
[2026-05-13T10:54:18.078+0000] {logging_mixin.py:188} INFO - [2026-05-13T10:54:18.066+0000] {dagbag.py:348} ERROR - Failed to import: /opt/airflow/dags/dag.py
Traceback (most recent call last):
  File "/home/airflow/.local/lib/python3.11/site-packages/airflow/models/dagbag.py", line 344, in parse
    loader.exec_module(new_module)
  File "<frozen importlib._bootstrap_external>", line 940, in exec_module
  File "<frozen importlib._bootstrap>", line 241, in _call_with_frames_removed
  File "/opt/airflow/dags/dag.py", line 10, in <module>
    from kafka.kafka_producer import run_producer
ModuleNotFoundError: No module named 'kafka.kafka_producer'
[2026-05-13T10:54:18.082+0000] {processor.py:842} WARNING - No viable dags retrieved from /opt/airflow/dags/dag.py
[2026-05-13T10:54:18.115+0000] {processor.py:183} INFO - Processing /opt/airflow/dags/dag.py took 1.862 seconds
[2026-05-13T10:54:48.483+0000] {processor.py:161} INFO - Started process (PID=330) to work on /opt/airflow/dags/dag.py
[2026-05-13T10:54:48.485+0000] {processor.py:830} INFO - Processing file /opt/airflow/dags/dag.py for tasks to queue
[2026-05-13T10:54:48.488+0000] {logging_mixin.py:188} INFO - [2026-05-13T10:54:48.487+0000] {dagbag.py:538} INFO - Filling up the DagBag from /opt/airflow/dags/dag.py
[2026-05-13T10:54:50.299+0000] {logging_mixin.py:188} INFO - [2026-05-13T10:54:50.273+0000] {dagbag.py:348} ERROR - Failed to import: /opt/airflow/dags/dag.py
Traceback (most recent call last):
  File "/home/airflow/.local/lib/python3.11/site-packages/airflow/models/dagbag.py", line 344, in parse
    loader.exec_module(new_module)
  File "<frozen importlib._bootstrap_external>", line 940, in exec_module
  File "<frozen importlib._bootstrap>", line 241, in _call_with_frames_removed
  File "/opt/airflow/dags/dag.py", line 10, in <module>
    from kafka.kafka_producer import run_producer
  File "/opt/airflow/kafka/kafka_producer.py", line 6, in <module>
    from kafka import KafkaProducer
ImportError: cannot import name 'KafkaProducer' from 'kafka' (/opt/airflow/kafka/__init__.py)
[2026-05-13T10:54:50.307+0000] {processor.py:842} WARNING - No viable dags retrieved from /opt/airflow/dags/dag.py
[2026-05-13T10:54:50.348+0000] {processor.py:183} INFO - Processing /opt/airflow/dags/dag.py took 1.871 seconds
[2026-05-13T10:55:20.795+0000] {processor.py:161} INFO - Started process (PID=348) to work on /opt/airflow/dags/dag.py
[2026-05-13T10:55:20.799+0000] {processor.py:830} INFO - Processing file /opt/airflow/dags/dag.py for tasks to queue
[2026-05-13T10:55:20.801+0000] {logging_mixin.py:188} INFO - [2026-05-13T10:55:20.801+0000] {dagbag.py:538} INFO - Filling up the DagBag from /opt/airflow/dags/dag.py
[2026-05-13T10:55:22.597+0000] {logging_mixin.py:188} INFO - [2026-05-13T10:55:22.565+0000] {dagbag.py:348} ERROR - Failed to import: /opt/airflow/dags/dag.py
Traceback (most recent call last):
  File "/home/airflow/.local/lib/python3.11/site-packages/airflow/models/dagbag.py", line 344, in parse
    loader.exec_module(new_module)
  File "<frozen importlib._bootstrap_external>", line 940, in exec_module
  File "<frozen importlib._bootstrap>", line 241, in _call_with_frames_removed
  File "/opt/airflow/dags/dag.py", line 10, in <module>
    from kafka.kafka_producer import run_producer
  File "/opt/airflow/kafka/kafka_producer.py", line 6, in <module>
    from kafka import KafkaProducer
ImportError: cannot import name 'KafkaProducer' from 'kafka' (/opt/airflow/kafka/__init__.py)
[2026-05-13T10:55:22.607+0000] {processor.py:842} WARNING - No viable dags retrieved from /opt/airflow/dags/dag.py
[2026-05-13T10:55:22.665+0000] {processor.py:183} INFO - Processing /opt/airflow/dags/dag.py took 1.877 seconds
[2026-05-13T10:55:53.098+0000] {processor.py:161} INFO - Started process (PID=366) to work on /opt/airflow/dags/dag.py
[2026-05-13T10:55:53.100+0000] {processor.py:830} INFO - Processing file /opt/airflow/dags/dag.py for tasks to queue
[2026-05-13T10:55:53.103+0000] {logging_mixin.py:188} INFO - [2026-05-13T10:55:53.102+0000] {dagbag.py:538} INFO - Filling up the DagBag from /opt/airflow/dags/dag.py
[2026-05-13T10:55:54.726+0000] {logging_mixin.py:188} INFO - [2026-05-13T10:55:54.699+0000] {dagbag.py:348} ERROR - Failed to import: /opt/airflow/dags/dag.py
Traceback (most recent call last):
  File "/home/airflow/.local/lib/python3.11/site-packages/airflow/models/dagbag.py", line 344, in parse
    loader.exec_module(new_module)
  File "<frozen importlib._bootstrap_external>", line 940, in exec_module
  File "<frozen importlib._bootstrap>", line 241, in _call_with_frames_removed
  File "/opt/airflow/dags/dag.py", line 10, in <module>
    from kafka.kafka_producer import run_producer
  File "/opt/airflow/kafka/kafka_producer.py", line 6, in <module>
    from kafka import KafkaProducer
ImportError: cannot import name 'KafkaProducer' from 'kafka' (/opt/airflow/kafka/__init__.py)
[2026-05-13T10:55:54.734+0000] {processor.py:842} WARNING - No viable dags retrieved from /opt/airflow/dags/dag.py
[2026-05-13T10:55:54.781+0000] {processor.py:183} INFO - Processing /opt/airflow/dags/dag.py took 1.689 seconds
[2026-05-13T10:56:25.173+0000] {processor.py:161} INFO - Started process (PID=384) to work on /opt/airflow/dags/dag.py
[2026-05-13T10:56:25.177+0000] {processor.py:830} INFO - Processing file /opt/airflow/dags/dag.py for tasks to queue
[2026-05-13T10:56:25.179+0000] {logging_mixin.py:188} INFO - [2026-05-13T10:56:25.178+0000] {dagbag.py:538} INFO - Filling up the DagBag from /opt/airflow/dags/dag.py
[2026-05-13T10:56:26.864+0000] {logging_mixin.py:188} INFO - [2026-05-13T10:56:26.840+0000] {dagbag.py:348} ERROR - Failed to import: /opt/airflow/dags/dag.py
Traceback (most recent call last):
  File "/home/airflow/.local/lib/python3.11/site-packages/airflow/models/dagbag.py", line 344, in parse
    loader.exec_module(new_module)
  File "<frozen importlib._bootstrap_external>", line 940, in exec_module
  File "<frozen importlib._bootstrap>", line 241, in _call_with_frames_removed
  File "/opt/airflow/dags/dag.py", line 10, in <module>
    from kafka.kafka_producer import run_producer
  File "/opt/airflow/kafka/kafka_producer.py", line 6, in <module>
    from kafka import KafkaProducer
ImportError: cannot import name 'KafkaProducer' from 'kafka' (/opt/airflow/kafka/__init__.py)
[2026-05-13T10:56:26.867+0000] {processor.py:842} WARNING - No viable dags retrieved from /opt/airflow/dags/dag.py
[2026-05-13T10:56:26.899+0000] {processor.py:183} INFO - Processing /opt/airflow/dags/dag.py took 1.733 seconds
[2026-05-13T10:56:42.149+0000] {processor.py:161} INFO - Started process (PID=402) to work on /opt/airflow/dags/dag.py
[2026-05-13T10:56:42.152+0000] {processor.py:830} INFO - Processing file /opt/airflow/dags/dag.py for tasks to queue
[2026-05-13T10:56:42.153+0000] {logging_mixin.py:188} INFO - [2026-05-13T10:56:42.153+0000] {dagbag.py:538} INFO - Filling up the DagBag from /opt/airflow/dags/dag.py
[2026-05-13T10:56:43.502+0000] {logging_mixin.py:188} INFO - [2026-05-13T10:56:43.492+0000] {dagbag.py:348} ERROR - Failed to import: /opt/airflow/dags/dag.py
Traceback (most recent call last):
  File "/home/airflow/.local/lib/python3.11/site-packages/airflow/models/dagbag.py", line 344, in parse
    loader.exec_module(new_module)
  File "<frozen importlib._bootstrap_external>", line 940, in exec_module
  File "<frozen importlib._bootstrap>", line 241, in _call_with_frames_removed
  File "/opt/airflow/dags/dag.py", line 10, in <module>
    from kafka_streaming.kafka_producer import run_producer
ModuleNotFoundError: No module named 'kafka_streaming'
[2026-05-13T10:56:43.505+0000] {processor.py:842} WARNING - No viable dags retrieved from /opt/airflow/dags/dag.py
[2026-05-13T10:56:43.531+0000] {processor.py:183} INFO - Processing /opt/airflow/dags/dag.py took 1.387 seconds
[2026-05-13T10:57:13.948+0000] {processor.py:161} INFO - Started process (PID=420) to work on /opt/airflow/dags/dag.py
[2026-05-13T10:57:13.952+0000] {processor.py:830} INFO - Processing file /opt/airflow/dags/dag.py for tasks to queue
[2026-05-13T10:57:13.955+0000] {logging_mixin.py:188} INFO - [2026-05-13T10:57:13.954+0000] {dagbag.py:538} INFO - Filling up the DagBag from /opt/airflow/dags/dag.py
[2026-05-13T10:57:15.487+0000] {logging_mixin.py:188} INFO - [2026-05-13T10:57:15.476+0000] {dagbag.py:348} ERROR - Failed to import: /opt/airflow/dags/dag.py
Traceback (most recent call last):
  File "/home/airflow/.local/lib/python3.11/site-packages/airflow/models/dagbag.py", line 344, in parse
    loader.exec_module(new_module)
  File "<frozen importlib._bootstrap_external>", line 940, in exec_module
  File "<frozen importlib._bootstrap>", line 241, in _call_with_frames_removed
  File "/opt/airflow/dags/dag.py", line 10, in <module>
    from kafka_streaming.kafka_producer import run_producer
ModuleNotFoundError: No module named 'kafka_streaming'
[2026-05-13T10:57:15.491+0000] {processor.py:842} WARNING - No viable dags retrieved from /opt/airflow/dags/dag.py
[2026-05-13T10:57:15.525+0000] {processor.py:183} INFO - Processing /opt/airflow/dags/dag.py took 1.586 seconds
[2026-05-13T10:57:45.789+0000] {processor.py:161} INFO - Started process (PID=438) to work on /opt/airflow/dags/dag.py
[2026-05-13T10:57:45.791+0000] {processor.py:830} INFO - Processing file /opt/airflow/dags/dag.py for tasks to queue
[2026-05-13T10:57:45.793+0000] {logging_mixin.py:188} INFO - [2026-05-13T10:57:45.792+0000] {dagbag.py:538} INFO - Filling up the DagBag from /opt/airflow/dags/dag.py
[2026-05-13T10:57:47.225+0000] {logging_mixin.py:188} INFO - [2026-05-13T10:57:47.211+0000] {dagbag.py:348} ERROR - Failed to import: /opt/airflow/dags/dag.py
Traceback (most recent call last):
  File "/home/airflow/.local/lib/python3.11/site-packages/airflow/models/dagbag.py", line 344, in parse
    loader.exec_module(new_module)
  File "<frozen importlib._bootstrap_external>", line 940, in exec_module
  File "<frozen importlib._bootstrap>", line 241, in _call_with_frames_removed
  File "/opt/airflow/dags/dag.py", line 10, in <module>
    from kafka_streaming.kafka_producer import run_producer
ModuleNotFoundError: No module named 'kafka_streaming'
[2026-05-13T10:57:47.230+0000] {processor.py:842} WARNING - No viable dags retrieved from /opt/airflow/dags/dag.py
[2026-05-13T10:57:47.274+0000] {processor.py:183} INFO - Processing /opt/airflow/dags/dag.py took 1.488 seconds
[2026-05-13T10:58:17.684+0000] {processor.py:161} INFO - Started process (PID=456) to work on /opt/airflow/dags/dag.py
[2026-05-13T10:58:17.687+0000] {processor.py:830} INFO - Processing file /opt/airflow/dags/dag.py for tasks to queue
[2026-05-13T10:58:17.689+0000] {logging_mixin.py:188} INFO - [2026-05-13T10:58:17.688+0000] {dagbag.py:538} INFO - Filling up the DagBag from /opt/airflow/dags/dag.py
[2026-05-13T10:58:19.159+0000] {logging_mixin.py:188} INFO - [2026-05-13T10:58:19.147+0000] {dagbag.py:348} ERROR - Failed to import: /opt/airflow/dags/dag.py
Traceback (most recent call last):
  File "/home/airflow/.local/lib/python3.11/site-packages/airflow/models/dagbag.py", line 344, in parse
    loader.exec_module(new_module)
  File "<frozen importlib._bootstrap_external>", line 940, in exec_module
  File "<frozen importlib._bootstrap>", line 241, in _call_with_frames_removed
  File "/opt/airflow/dags/dag.py", line 10, in <module>
    from kafka_streaming.kafka_producer import run_producer
ModuleNotFoundError: No module named 'kafka_streaming'
[2026-05-13T10:58:19.163+0000] {processor.py:842} WARNING - No viable dags retrieved from /opt/airflow/dags/dag.py
[2026-05-13T10:58:19.205+0000] {processor.py:183} INFO - Processing /opt/airflow/dags/dag.py took 1.528 seconds
[2026-05-13T10:59:19.797+0000] {processor.py:161} INFO - Started process (PID=168) to work on /opt/airflow/dags/dag.py
[2026-05-13T10:59:19.799+0000] {processor.py:830} INFO - Processing file /opt/airflow/dags/dag.py for tasks to queue
[2026-05-13T10:59:19.801+0000] {logging_mixin.py:188} INFO - [2026-05-13T10:59:19.800+0000] {dagbag.py:538} INFO - Filling up the DagBag from /opt/airflow/dags/dag.py
[2026-05-13T10:59:22.128+0000] {logging_mixin.py:188} INFO - [2026-05-13T10:59:22.122+0000] {dagbag.py:348} ERROR - Failed to import: /opt/airflow/dags/dag.py
Traceback (most recent call last):
  File "/home/airflow/.local/lib/python3.11/site-packages/airflow/models/dagbag.py", line 344, in parse
    loader.exec_module(new_module)
  File "<frozen importlib._bootstrap_external>", line 940, in exec_module
  File "<frozen importlib._bootstrap>", line 241, in _call_with_frames_removed
  File "/opt/airflow/dags/dag.py", line 10, in <module>
    from kafka_streaming.kafka_producer import run_producer
ModuleNotFoundError: No module named 'kafka_streaming'
[2026-05-13T10:59:22.133+0000] {processor.py:842} WARNING - No viable dags retrieved from /opt/airflow/dags/dag.py
[2026-05-13T10:59:22.159+0000] {processor.py:183} INFO - Processing /opt/airflow/dags/dag.py took 2.365 seconds
[2026-05-13T10:59:52.529+0000] {processor.py:161} INFO - Started process (PID=186) to work on /opt/airflow/dags/dag.py
[2026-05-13T10:59:52.532+0000] {processor.py:830} INFO - Processing file /opt/airflow/dags/dag.py for tasks to queue
[2026-05-13T10:59:52.536+0000] {logging_mixin.py:188} INFO - [2026-05-13T10:59:52.534+0000] {dagbag.py:538} INFO - Filling up the DagBag from /opt/airflow/dags/dag.py
[2026-05-13T10:59:54.212+0000] {logging_mixin.py:188} INFO - [2026-05-13T10:59:54.200+0000] {dagbag.py:348} ERROR - Failed to import: /opt/airflow/dags/dag.py
Traceback (most recent call last):
  File "/home/airflow/.local/lib/python3.11/site-packages/airflow/models/dagbag.py", line 344, in parse
    loader.exec_module(new_module)
  File "<frozen importlib._bootstrap_external>", line 940, in exec_module
  File "<frozen importlib._bootstrap>", line 241, in _call_with_frames_removed
  File "/opt/airflow/dags/dag.py", line 10, in <module>
    from kafka_streaming.kafka_producer import run_producer
ModuleNotFoundError: No module named 'kafka_streaming'
[2026-05-13T10:59:54.217+0000] {processor.py:842} WARNING - No viable dags retrieved from /opt/airflow/dags/dag.py
[2026-05-13T10:59:54.265+0000] {processor.py:183} INFO - Processing /opt/airflow/dags/dag.py took 1.743 seconds
[2026-05-13T11:00:24.487+0000] {processor.py:161} INFO - Started process (PID=204) to work on /opt/airflow/dags/dag.py
[2026-05-13T11:00:24.490+0000] {processor.py:830} INFO - Processing file /opt/airflow/dags/dag.py for tasks to queue
[2026-05-13T11:00:24.492+0000] {logging_mixin.py:188} INFO - [2026-05-13T11:00:24.492+0000] {dagbag.py:538} INFO - Filling up the DagBag from /opt/airflow/dags/dag.py
[2026-05-13T11:00:26.039+0000] {logging_mixin.py:188} INFO - [2026-05-13T11:00:26.026+0000] {dagbag.py:348} ERROR - Failed to import: /opt/airflow/dags/dag.py
Traceback (most recent call last):
  File "/home/airflow/.local/lib/python3.11/site-packages/airflow/models/dagbag.py", line 344, in parse
    loader.exec_module(new_module)
  File "<frozen importlib._bootstrap_external>", line 940, in exec_module
  File "<frozen importlib._bootstrap>", line 241, in _call_with_frames_removed
  File "/opt/airflow/dags/dag.py", line 10, in <module>
    from kafka_streaming.kafka_producer import run_producer
ModuleNotFoundError: No module named 'kafka_streaming'
[2026-05-13T11:00:26.043+0000] {processor.py:842} WARNING - No viable dags retrieved from /opt/airflow/dags/dag.py
[2026-05-13T11:00:26.090+0000] {processor.py:183} INFO - Processing /opt/airflow/dags/dag.py took 1.611 seconds
[2026-05-13T11:00:56.521+0000] {processor.py:161} INFO - Started process (PID=222) to work on /opt/airflow/dags/dag.py
[2026-05-13T11:00:56.524+0000] {processor.py:830} INFO - Processing file /opt/airflow/dags/dag.py for tasks to queue
[2026-05-13T11:00:56.526+0000] {logging_mixin.py:188} INFO - [2026-05-13T11:00:56.525+0000] {dagbag.py:538} INFO - Filling up the DagBag from /opt/airflow/dags/dag.py
[2026-05-13T11:00:58.203+0000] {logging_mixin.py:188} INFO - [2026-05-13T11:00:58.188+0000] {dagbag.py:348} ERROR - Failed to import: /opt/airflow/dags/dag.py
Traceback (most recent call last):
  File "/home/airflow/.local/lib/python3.11/site-packages/airflow/models/dagbag.py", line 344, in parse
    loader.exec_module(new_module)
  File "<frozen importlib._bootstrap_external>", line 940, in exec_module
  File "<frozen importlib._bootstrap>", line 241, in _call_with_frames_removed
  File "/opt/airflow/dags/dag.py", line 10, in <module>
    from kafka_streaming.kafka_producer import run_producer
ModuleNotFoundError: No module named 'kafka_streaming'
[2026-05-13T11:00:58.207+0000] {processor.py:842} WARNING - No viable dags retrieved from /opt/airflow/dags/dag.py
[2026-05-13T11:00:58.254+0000] {processor.py:183} INFO - Processing /opt/airflow/dags/dag.py took 1.740 seconds
[2026-05-13T11:01:28.748+0000] {processor.py:161} INFO - Started process (PID=240) to work on /opt/airflow/dags/dag.py
[2026-05-13T11:01:28.751+0000] {processor.py:830} INFO - Processing file /opt/airflow/dags/dag.py for tasks to queue
[2026-05-13T11:01:28.753+0000] {logging_mixin.py:188} INFO - [2026-05-13T11:01:28.753+0000] {dagbag.py:538} INFO - Filling up the DagBag from /opt/airflow/dags/dag.py
[2026-05-13T11:01:30.196+0000] {logging_mixin.py:188} INFO - [2026-05-13T11:01:30.184+0000] {dagbag.py:348} ERROR - Failed to import: /opt/airflow/dags/dag.py
Traceback (most recent call last):
  File "/home/airflow/.local/lib/python3.11/site-packages/airflow/models/dagbag.py", line 344, in parse
    loader.exec_module(new_module)
  File "<frozen importlib._bootstrap_external>", line 940, in exec_module
  File "<frozen importlib._bootstrap>", line 241, in _call_with_frames_removed
  File "/opt/airflow/dags/dag.py", line 10, in <module>
    from kafka_streaming.kafka_producer import run_producer
ModuleNotFoundError: No module named 'kafka_streaming'
[2026-05-13T11:01:30.199+0000] {processor.py:842} WARNING - No viable dags retrieved from /opt/airflow/dags/dag.py
[2026-05-13T11:01:30.239+0000] {processor.py:183} INFO - Processing /opt/airflow/dags/dag.py took 1.497 seconds
[2026-05-13T11:02:00.602+0000] {processor.py:161} INFO - Started process (PID=258) to work on /opt/airflow/dags/dag.py
[2026-05-13T11:02:00.605+0000] {processor.py:830} INFO - Processing file /opt/airflow/dags/dag.py for tasks to queue
[2026-05-13T11:02:00.607+0000] {logging_mixin.py:188} INFO - [2026-05-13T11:02:00.606+0000] {dagbag.py:538} INFO - Filling up the DagBag from /opt/airflow/dags/dag.py
[2026-05-13T11:02:02.122+0000] {logging_mixin.py:188} INFO - [2026-05-13T11:02:02.109+0000] {dagbag.py:348} ERROR - Failed to import: /opt/airflow/dags/dag.py
Traceback (most recent call last):
  File "/home/airflow/.local/lib/python3.11/site-packages/airflow/models/dagbag.py", line 344, in parse
    loader.exec_module(new_module)
  File "<frozen importlib._bootstrap_external>", line 940, in exec_module
  File "<frozen importlib._bootstrap>", line 241, in _call_with_frames_removed
  File "/opt/airflow/dags/dag.py", line 10, in <module>
    from kafka_streaming.kafka_producer import run_producer
ModuleNotFoundError: No module named 'kafka_streaming'
[2026-05-13T11:02:02.126+0000] {processor.py:842} WARNING - No viable dags retrieved from /opt/airflow/dags/dag.py
[2026-05-13T11:02:02.174+0000] {processor.py:183} INFO - Processing /opt/airflow/dags/dag.py took 1.577 seconds
[2026-05-13T11:02:32.582+0000] {processor.py:161} INFO - Started process (PID=276) to work on /opt/airflow/dags/dag.py
[2026-05-13T11:02:32.585+0000] {processor.py:830} INFO - Processing file /opt/airflow/dags/dag.py for tasks to queue
[2026-05-13T11:02:32.588+0000] {logging_mixin.py:188} INFO - [2026-05-13T11:02:32.587+0000] {dagbag.py:538} INFO - Filling up the DagBag from /opt/airflow/dags/dag.py
[2026-05-13T11:02:34.218+0000] {logging_mixin.py:188} INFO - [2026-05-13T11:02:34.203+0000] {dagbag.py:348} ERROR - Failed to import: /opt/airflow/dags/dag.py
Traceback (most recent call last):
  File "/home/airflow/.local/lib/python3.11/site-packages/airflow/models/dagbag.py", line 344, in parse
    loader.exec_module(new_module)
  File "<frozen importlib._bootstrap_external>", line 940, in exec_module
  File "<frozen importlib._bootstrap>", line 241, in _call_with_frames_removed
  File "/opt/airflow/dags/dag.py", line 10, in <module>
    from kafka_streaming.kafka_producer import run_producer
ModuleNotFoundError: No module named 'kafka_streaming'
[2026-05-13T11:02:34.223+0000] {processor.py:842} WARNING - No viable dags retrieved from /opt/airflow/dags/dag.py
[2026-05-13T11:02:34.267+0000] {processor.py:183} INFO - Processing /opt/airflow/dags/dag.py took 1.692 seconds
[2026-05-13T11:03:28.652+0000] {processor.py:161} INFO - Started process (PID=168) to work on /opt/airflow/dags/dag.py
[2026-05-13T11:03:28.654+0000] {processor.py:830} INFO - Processing file /opt/airflow/dags/dag.py for tasks to queue
[2026-05-13T11:03:28.656+0000] {logging_mixin.py:188} INFO - [2026-05-13T11:03:28.655+0000] {dagbag.py:538} INFO - Filling up the DagBag from /opt/airflow/dags/dag.py
[2026-05-13T11:03:31.278+0000] {logging_mixin.py:188} INFO - [2026-05-13T11:03:31.259+0000] {dagbag.py:348} ERROR - Failed to import: /opt/airflow/dags/dag.py
Traceback (most recent call last):
  File "/home/airflow/.local/lib/python3.11/site-packages/airflow/models/dagbag.py", line 344, in parse
    loader.exec_module(new_module)
  File "<frozen importlib._bootstrap_external>", line 940, in exec_module
  File "<frozen importlib._bootstrap>", line 241, in _call_with_frames_removed
  File "/opt/airflow/dags/dag.py", line 10, in <module>
    from kafka_streaming.kafka_producer import run_producer
  File "/opt/airflow/kafka_streaming/kafka_producer.py", line 6, in <module>
    from kafka_streaming import KafkaProducer
ImportError: cannot import name 'KafkaProducer' from 'kafka_streaming' (/opt/airflow/kafka_streaming/__init__.py)
[2026-05-13T11:03:31.283+0000] {processor.py:842} WARNING - No viable dags retrieved from /opt/airflow/dags/dag.py
[2026-05-13T11:03:31.342+0000] {processor.py:183} INFO - Processing /opt/airflow/dags/dag.py took 2.694 seconds
[2026-05-13T11:04:01.697+0000] {processor.py:161} INFO - Started process (PID=186) to work on /opt/airflow/dags/dag.py
[2026-05-13T11:04:01.699+0000] {processor.py:830} INFO - Processing file /opt/airflow/dags/dag.py for tasks to queue
[2026-05-13T11:04:01.702+0000] {logging_mixin.py:188} INFO - [2026-05-13T11:04:01.700+0000] {dagbag.py:538} INFO - Filling up the DagBag from /opt/airflow/dags/dag.py
[2026-05-13T11:04:03.313+0000] {logging_mixin.py:188} INFO - [2026-05-13T11:04:03.282+0000] {dagbag.py:348} ERROR - Failed to import: /opt/airflow/dags/dag.py
Traceback (most recent call last):
  File "/home/airflow/.local/lib/python3.11/site-packages/airflow/models/dagbag.py", line 344, in parse
    loader.exec_module(new_module)
  File "<frozen importlib._bootstrap_external>", line 940, in exec_module
  File "<frozen importlib._bootstrap>", line 241, in _call_with_frames_removed
  File "/opt/airflow/dags/dag.py", line 10, in <module>
    from kafka_streaming.kafka_producer import run_producer
  File "/opt/airflow/kafka_streaming/kafka_producer.py", line 6, in <module>
    from kafka_streaming import KafkaProducer
ImportError: cannot import name 'KafkaProducer' from 'kafka_streaming' (/opt/airflow/kafka_streaming/__init__.py)
[2026-05-13T11:04:03.322+0000] {processor.py:842} WARNING - No viable dags retrieved from /opt/airflow/dags/dag.py
[2026-05-13T11:04:03.375+0000] {processor.py:183} INFO - Processing /opt/airflow/dags/dag.py took 1.685 seconds
[2026-05-13T11:04:33.791+0000] {processor.py:161} INFO - Started process (PID=204) to work on /opt/airflow/dags/dag.py
[2026-05-13T11:04:33.794+0000] {processor.py:830} INFO - Processing file /opt/airflow/dags/dag.py for tasks to queue
[2026-05-13T11:04:33.796+0000] {logging_mixin.py:188} INFO - [2026-05-13T11:04:33.795+0000] {dagbag.py:538} INFO - Filling up the DagBag from /opt/airflow/dags/dag.py
[2026-05-13T11:04:35.373+0000] {logging_mixin.py:188} INFO - [2026-05-13T11:04:35.349+0000] {dagbag.py:348} ERROR - Failed to import: /opt/airflow/dags/dag.py
Traceback (most recent call last):
  File "/home/airflow/.local/lib/python3.11/site-packages/airflow/models/dagbag.py", line 344, in parse
    loader.exec_module(new_module)
  File "<frozen importlib._bootstrap_external>", line 940, in exec_module
  File "<frozen importlib._bootstrap>", line 241, in _call_with_frames_removed
  File "/opt/airflow/dags/dag.py", line 10, in <module>
    from kafka_streaming.kafka_producer import run_producer
  File "/opt/airflow/kafka_streaming/kafka_producer.py", line 6, in <module>
    from kafka_streaming import KafkaProducer
ImportError: cannot import name 'KafkaProducer' from 'kafka_streaming' (/opt/airflow/kafka_streaming/__init__.py)
[2026-05-13T11:04:35.378+0000] {processor.py:842} WARNING - No viable dags retrieved from /opt/airflow/dags/dag.py
[2026-05-13T11:04:35.416+0000] {processor.py:183} INFO - Processing /opt/airflow/dags/dag.py took 1.634 seconds
[2026-05-13T11:05:05.628+0000] {processor.py:161} INFO - Started process (PID=222) to work on /opt/airflow/dags/dag.py
[2026-05-13T11:05:05.630+0000] {processor.py:830} INFO - Processing file /opt/airflow/dags/dag.py for tasks to queue
[2026-05-13T11:05:05.633+0000] {logging_mixin.py:188} INFO - [2026-05-13T11:05:05.632+0000] {dagbag.py:538} INFO - Filling up the DagBag from /opt/airflow/dags/dag.py
[2026-05-13T11:05:07.244+0000] {logging_mixin.py:188} INFO - [2026-05-13T11:05:07.214+0000] {dagbag.py:348} ERROR - Failed to import: /opt/airflow/dags/dag.py
Traceback (most recent call last):
  File "/home/airflow/.local/lib/python3.11/site-packages/airflow/models/dagbag.py", line 344, in parse
    loader.exec_module(new_module)
  File "<frozen importlib._bootstrap_external>", line 940, in exec_module
  File "<frozen importlib._bootstrap>", line 241, in _call_with_frames_removed
  File "/opt/airflow/dags/dag.py", line 10, in <module>
    from kafka_streaming.kafka_producer import run_producer
  File "/opt/airflow/kafka_streaming/kafka_producer.py", line 6, in <module>
    from kafka_streaming import KafkaProducer
ImportError: cannot import name 'KafkaProducer' from 'kafka_streaming' (/opt/airflow/kafka_streaming/__init__.py)
[2026-05-13T11:05:07.253+0000] {processor.py:842} WARNING - No viable dags retrieved from /opt/airflow/dags/dag.py
[2026-05-13T11:05:07.303+0000] {processor.py:183} INFO - Processing /opt/airflow/dags/dag.py took 1.681 seconds
[2026-05-13T11:05:37.719+0000] {processor.py:161} INFO - Started process (PID=240) to work on /opt/airflow/dags/dag.py
[2026-05-13T11:05:37.722+0000] {processor.py:830} INFO - Processing file /opt/airflow/dags/dag.py for tasks to queue
[2026-05-13T11:05:37.725+0000] {logging_mixin.py:188} INFO - [2026-05-13T11:05:37.724+0000] {dagbag.py:538} INFO - Filling up the DagBag from /opt/airflow/dags/dag.py
[2026-05-13T11:05:39.376+0000] {logging_mixin.py:188} INFO - [2026-05-13T11:05:39.348+0000] {dagbag.py:348} ERROR - Failed to import: /opt/airflow/dags/dag.py
Traceback (most recent call last):
  File "/home/airflow/.local/lib/python3.11/site-packages/airflow/models/dagbag.py", line 344, in parse
    loader.exec_module(new_module)
  File "<frozen importlib._bootstrap_external>", line 940, in exec_module
  File "<frozen importlib._bootstrap>", line 241, in _call_with_frames_removed
  File "/opt/airflow/dags/dag.py", line 10, in <module>
    from kafka_streaming.kafka_producer import run_producer
  File "/opt/airflow/kafka_streaming/kafka_producer.py", line 6, in <module>
    from kafka_streaming import KafkaProducer
ImportError: cannot import name 'KafkaProducer' from 'kafka_streaming' (/opt/airflow/kafka_streaming/__init__.py)
[2026-05-13T11:05:39.383+0000] {processor.py:842} WARNING - No viable dags retrieved from /opt/airflow/dags/dag.py
[2026-05-13T11:05:39.420+0000] {processor.py:183} INFO - Processing /opt/airflow/dags/dag.py took 1.710 seconds
[2026-05-13T11:06:09.802+0000] {processor.py:161} INFO - Started process (PID=258) to work on /opt/airflow/dags/dag.py
[2026-05-13T11:06:09.805+0000] {processor.py:830} INFO - Processing file /opt/airflow/dags/dag.py for tasks to queue
[2026-05-13T11:06:09.807+0000] {logging_mixin.py:188} INFO - [2026-05-13T11:06:09.807+0000] {dagbag.py:538} INFO - Filling up the DagBag from /opt/airflow/dags/dag.py
[2026-05-13T11:06:11.405+0000] {processor.py:840} INFO - DAG(s) 'workshop_etl_3' retrieved from /opt/airflow/dags/dag.py
[2026-05-13T11:06:11.829+0000] {logging_mixin.py:188} INFO - [2026-05-13T11:06:11.829+0000] {dag.py:3036} INFO - Sync 1 DAGs
[2026-05-13T11:06:11.842+0000] {logging_mixin.py:188} INFO - [2026-05-13T11:06:11.841+0000] {dag.py:3823} INFO - Setting next_dagrun for workshop_etl_3 to None, run_after=None
[2026-05-13T11:06:11.885+0000] {processor.py:183} INFO - Processing /opt/airflow/dags/dag.py took 2.090 seconds
[2026-05-13T11:06:42.165+0000] {processor.py:161} INFO - Started process (PID=276) to work on /opt/airflow/dags/dag.py
[2026-05-13T11:06:42.167+0000] {processor.py:830} INFO - Processing file /opt/airflow/dags/dag.py for tasks to queue
[2026-05-13T11:06:42.168+0000] {logging_mixin.py:188} INFO - [2026-05-13T11:06:42.168+0000] {dagbag.py:538} INFO - Filling up the DagBag from /opt/airflow/dags/dag.py
[2026-05-13T11:06:43.687+0000] {processor.py:840} INFO - DAG(s) 'workshop_etl_3' retrieved from /opt/airflow/dags/dag.py
[2026-05-13T11:06:43.730+0000] {logging_mixin.py:188} INFO - [2026-05-13T11:06:43.729+0000] {dag.py:3036} INFO - Sync 1 DAGs
[2026-05-13T11:06:43.743+0000] {logging_mixin.py:188} INFO - [2026-05-13T11:06:43.743+0000] {dag.py:3823} INFO - Setting next_dagrun for workshop_etl_3 to None, run_after=None
[2026-05-13T11:06:43.780+0000] {processor.py:183} INFO - Processing /opt/airflow/dags/dag.py took 1.621 seconds
[2026-05-13T11:07:14.186+0000] {processor.py:161} INFO - Started process (PID=294) to work on /opt/airflow/dags/dag.py
[2026-05-13T11:07:14.190+0000] {processor.py:830} INFO - Processing file /opt/airflow/dags/dag.py for tasks to queue
[2026-05-13T11:07:14.193+0000] {logging_mixin.py:188} INFO - [2026-05-13T11:07:14.192+0000] {dagbag.py:538} INFO - Filling up the DagBag from /opt/airflow/dags/dag.py
[2026-05-13T11:07:15.976+0000] {processor.py:840} INFO - DAG(s) 'workshop_etl_3' retrieved from /opt/airflow/dags/dag.py
[2026-05-13T11:07:16.025+0000] {logging_mixin.py:188} INFO - [2026-05-13T11:07:16.024+0000] {dag.py:3036} INFO - Sync 1 DAGs
[2026-05-13T11:07:16.045+0000] {logging_mixin.py:188} INFO - [2026-05-13T11:07:16.045+0000] {dag.py:3823} INFO - Setting next_dagrun for workshop_etl_3 to None, run_after=None
[2026-05-13T11:07:16.102+0000] {processor.py:183} INFO - Processing /opt/airflow/dags/dag.py took 1.925 seconds
[2026-05-13T11:07:46.534+0000] {processor.py:161} INFO - Started process (PID=312) to work on /opt/airflow/dags/dag.py
[2026-05-13T11:07:46.537+0000] {processor.py:830} INFO - Processing file /opt/airflow/dags/dag.py for tasks to queue
[2026-05-13T11:07:46.540+0000] {logging_mixin.py:188} INFO - [2026-05-13T11:07:46.539+0000] {dagbag.py:538} INFO - Filling up the DagBag from /opt/airflow/dags/dag.py
[2026-05-13T11:07:48.033+0000] {processor.py:840} INFO - DAG(s) 'workshop_etl_3' retrieved from /opt/airflow/dags/dag.py
[2026-05-13T11:07:48.070+0000] {logging_mixin.py:188} INFO - [2026-05-13T11:07:48.069+0000] {dag.py:3036} INFO - Sync 1 DAGs
[2026-05-13T11:07:48.088+0000] {logging_mixin.py:188} INFO - [2026-05-13T11:07:48.087+0000] {dag.py:3823} INFO - Setting next_dagrun for workshop_etl_3 to None, run_after=None
[2026-05-13T11:07:48.131+0000] {processor.py:183} INFO - Processing /opt/airflow/dags/dag.py took 1.604 seconds
[2026-05-13T11:08:18.510+0000] {processor.py:161} INFO - Started process (PID=330) to work on /opt/airflow/dags/dag.py
[2026-05-13T11:08:18.513+0000] {processor.py:830} INFO - Processing file /opt/airflow/dags/dag.py for tasks to queue
[2026-05-13T11:08:18.516+0000] {logging_mixin.py:188} INFO - [2026-05-13T11:08:18.515+0000] {dagbag.py:538} INFO - Filling up the DagBag from /opt/airflow/dags/dag.py
[2026-05-13T11:08:20.147+0000] {processor.py:840} INFO - DAG(s) 'workshop_etl_3' retrieved from /opt/airflow/dags/dag.py
[2026-05-13T11:08:20.189+0000] {logging_mixin.py:188} INFO - [2026-05-13T11:08:20.189+0000] {dag.py:3036} INFO - Sync 1 DAGs
[2026-05-13T11:08:20.204+0000] {logging_mixin.py:188} INFO - [2026-05-13T11:08:20.204+0000] {dag.py:3823} INFO - Setting next_dagrun for workshop_etl_3 to None, run_after=None
[2026-05-13T11:08:20.254+0000] {processor.py:183} INFO - Processing /opt/airflow/dags/dag.py took 1.751 seconds
[2026-05-13T11:08:50.574+0000] {processor.py:161} INFO - Started process (PID=563) to work on /opt/airflow/dags/dag.py
[2026-05-13T11:08:50.577+0000] {processor.py:830} INFO - Processing file /opt/airflow/dags/dag.py for tasks to queue
[2026-05-13T11:08:50.579+0000] {logging_mixin.py:188} INFO - [2026-05-13T11:08:50.579+0000] {dagbag.py:538} INFO - Filling up the DagBag from /opt/airflow/dags/dag.py
[2026-05-13T11:08:52.216+0000] {processor.py:840} INFO - DAG(s) 'workshop_etl_3' retrieved from /opt/airflow/dags/dag.py
[2026-05-13T11:08:52.263+0000] {logging_mixin.py:188} INFO - [2026-05-13T11:08:52.262+0000] {dag.py:3036} INFO - Sync 1 DAGs
[2026-05-13T11:08:52.283+0000] {logging_mixin.py:188} INFO - [2026-05-13T11:08:52.283+0000] {dag.py:3823} INFO - Setting next_dagrun for workshop_etl_3 to None, run_after=None
[2026-05-13T11:08:52.321+0000] {processor.py:183} INFO - Processing /opt/airflow/dags/dag.py took 1.752 seconds
[2026-05-13T11:09:22.724+0000] {processor.py:161} INFO - Started process (PID=657) to work on /opt/airflow/dags/dag.py
[2026-05-13T11:09:22.726+0000] {processor.py:830} INFO - Processing file /opt/airflow/dags/dag.py for tasks to queue
[2026-05-13T11:09:22.729+0000] {logging_mixin.py:188} INFO - [2026-05-13T11:09:22.728+0000] {dagbag.py:538} INFO - Filling up the DagBag from /opt/airflow/dags/dag.py
[2026-05-13T11:09:24.202+0000] {processor.py:840} INFO - DAG(s) 'workshop_etl_3' retrieved from /opt/airflow/dags/dag.py
[2026-05-13T11:09:24.238+0000] {logging_mixin.py:188} INFO - [2026-05-13T11:09:24.238+0000] {dag.py:3036} INFO - Sync 1 DAGs
[2026-05-13T11:09:24.255+0000] {logging_mixin.py:188} INFO - [2026-05-13T11:09:24.254+0000] {dag.py:3823} INFO - Setting next_dagrun for workshop_etl_3 to None, run_after=None
[2026-05-13T11:09:24.289+0000] {processor.py:183} INFO - Processing /opt/airflow/dags/dag.py took 1.572 seconds
[2026-05-13T11:09:54.700+0000] {processor.py:161} INFO - Started process (PID=675) to work on /opt/airflow/dags/dag.py
[2026-05-13T11:09:54.703+0000] {processor.py:830} INFO - Processing file /opt/airflow/dags/dag.py for tasks to queue
[2026-05-13T11:09:54.705+0000] {logging_mixin.py:188} INFO - [2026-05-13T11:09:54.705+0000] {dagbag.py:538} INFO - Filling up the DagBag from /opt/airflow/dags/dag.py
[2026-05-13T11:09:56.318+0000] {processor.py:840} INFO - DAG(s) 'workshop_etl_3' retrieved from /opt/airflow/dags/dag.py
[2026-05-13T11:09:56.359+0000] {logging_mixin.py:188} INFO - [2026-05-13T11:09:56.358+0000] {dag.py:3036} INFO - Sync 1 DAGs
[2026-05-13T11:09:56.372+0000] {logging_mixin.py:188} INFO - [2026-05-13T11:09:56.372+0000] {dag.py:3823} INFO - Setting next_dagrun for workshop_etl_3 to None, run_after=None
[2026-05-13T11:09:56.412+0000] {processor.py:183} INFO - Processing /opt/airflow/dags/dag.py took 1.718 seconds
[2026-05-13T11:10:26.560+0000] {processor.py:161} INFO - Started process (PID=693) to work on /opt/airflow/dags/dag.py
[2026-05-13T11:10:26.563+0000] {processor.py:830} INFO - Processing file /opt/airflow/dags/dag.py for tasks to queue
[2026-05-13T11:10:26.565+0000] {logging_mixin.py:188} INFO - [2026-05-13T11:10:26.565+0000] {dagbag.py:538} INFO - Filling up the DagBag from /opt/airflow/dags/dag.py
[2026-05-13T11:10:28.205+0000] {processor.py:840} INFO - DAG(s) 'workshop_etl_3' retrieved from /opt/airflow/dags/dag.py
[2026-05-13T11:10:28.249+0000] {logging_mixin.py:188} INFO - [2026-05-13T11:10:28.248+0000] {dag.py:3036} INFO - Sync 1 DAGs
[2026-05-13T11:10:28.268+0000] {logging_mixin.py:188} INFO - [2026-05-13T11:10:28.267+0000] {dag.py:3823} INFO - Setting next_dagrun for workshop_etl_3 to None, run_after=None
[2026-05-13T11:10:28.310+0000] {processor.py:183} INFO - Processing /opt/airflow/dags/dag.py took 1.757 seconds
[2026-05-13T11:10:58.734+0000] {processor.py:161} INFO - Started process (PID=711) to work on /opt/airflow/dags/dag.py
[2026-05-13T11:10:58.736+0000] {processor.py:830} INFO - Processing file /opt/airflow/dags/dag.py for tasks to queue
[2026-05-13T11:10:58.738+0000] {logging_mixin.py:188} INFO - [2026-05-13T11:10:58.737+0000] {dagbag.py:538} INFO - Filling up the DagBag from /opt/airflow/dags/dag.py
[2026-05-13T11:11:00.257+0000] {processor.py:840} INFO - DAG(s) 'workshop_etl_3' retrieved from /opt/airflow/dags/dag.py
[2026-05-13T11:11:00.291+0000] {logging_mixin.py:188} INFO - [2026-05-13T11:11:00.290+0000] {dag.py:3036} INFO - Sync 1 DAGs
[2026-05-13T11:11:00.320+0000] {logging_mixin.py:188} INFO - [2026-05-13T11:11:00.320+0000] {dag.py:3823} INFO - Setting next_dagrun for workshop_etl_3 to None, run_after=None
[2026-05-13T11:11:00.357+0000] {processor.py:183} INFO - Processing /opt/airflow/dags/dag.py took 1.629 seconds
[2026-05-13T11:11:30.781+0000] {processor.py:161} INFO - Started process (PID=755) to work on /opt/airflow/dags/dag.py
[2026-05-13T11:11:30.784+0000] {processor.py:830} INFO - Processing file /opt/airflow/dags/dag.py for tasks to queue
[2026-05-13T11:11:30.786+0000] {logging_mixin.py:188} INFO - [2026-05-13T11:11:30.785+0000] {dagbag.py:538} INFO - Filling up the DagBag from /opt/airflow/dags/dag.py
[2026-05-13T11:11:32.419+0000] {processor.py:840} INFO - DAG(s) 'workshop_etl_3' retrieved from /opt/airflow/dags/dag.py
[2026-05-13T11:11:32.465+0000] {logging_mixin.py:188} INFO - [2026-05-13T11:11:32.464+0000] {dag.py:3036} INFO - Sync 1 DAGs
[2026-05-13T11:11:32.488+0000] {logging_mixin.py:188} INFO - [2026-05-13T11:11:32.487+0000] {dag.py:3823} INFO - Setting next_dagrun for workshop_etl_3 to None, run_after=None
[2026-05-13T11:11:32.523+0000] {processor.py:183} INFO - Processing /opt/airflow/dags/dag.py took 1.749 seconds
[2026-05-13T11:12:02.762+0000] {processor.py:161} INFO - Started process (PID=773) to work on /opt/airflow/dags/dag.py
[2026-05-13T11:12:02.764+0000] {processor.py:830} INFO - Processing file /opt/airflow/dags/dag.py for tasks to queue
[2026-05-13T11:12:02.766+0000] {logging_mixin.py:188} INFO - [2026-05-13T11:12:02.765+0000] {dagbag.py:538} INFO - Filling up the DagBag from /opt/airflow/dags/dag.py
[2026-05-13T11:12:04.305+0000] {processor.py:840} INFO - DAG(s) 'workshop_etl_3' retrieved from /opt/airflow/dags/dag.py
[2026-05-13T11:12:04.342+0000] {logging_mixin.py:188} INFO - [2026-05-13T11:12:04.341+0000] {dag.py:3036} INFO - Sync 1 DAGs
[2026-05-13T11:12:04.359+0000] {logging_mixin.py:188} INFO - [2026-05-13T11:12:04.359+0000] {dag.py:3823} INFO - Setting next_dagrun for workshop_etl_3 to None, run_after=None
[2026-05-13T11:12:04.413+0000] {processor.py:183} INFO - Processing /opt/airflow/dags/dag.py took 1.662 seconds
[2026-05-13T11:12:34.859+0000] {processor.py:161} INFO - Started process (PID=791) to work on /opt/airflow/dags/dag.py
[2026-05-13T11:12:34.862+0000] {processor.py:830} INFO - Processing file /opt/airflow/dags/dag.py for tasks to queue
[2026-05-13T11:12:34.865+0000] {logging_mixin.py:188} INFO - [2026-05-13T11:12:34.864+0000] {dagbag.py:538} INFO - Filling up the DagBag from /opt/airflow/dags/dag.py
[2026-05-13T11:12:36.502+0000] {processor.py:840} INFO - DAG(s) 'workshop_etl_3' retrieved from /opt/airflow/dags/dag.py
[2026-05-13T11:12:36.535+0000] {logging_mixin.py:188} INFO - [2026-05-13T11:12:36.534+0000] {dag.py:3036} INFO - Sync 1 DAGs
[2026-05-13T11:12:36.554+0000] {logging_mixin.py:188} INFO - [2026-05-13T11:12:36.554+0000] {dag.py:3823} INFO - Setting next_dagrun for workshop_etl_3 to None, run_after=None
[2026-05-13T11:12:36.609+0000] {processor.py:183} INFO - Processing /opt/airflow/dags/dag.py took 1.757 seconds
[2026-05-13T11:13:06.992+0000] {processor.py:161} INFO - Started process (PID=835) to work on /opt/airflow/dags/dag.py
[2026-05-13T11:13:06.994+0000] {processor.py:830} INFO - Processing file /opt/airflow/dags/dag.py for tasks to queue
[2026-05-13T11:13:06.996+0000] {logging_mixin.py:188} INFO - [2026-05-13T11:13:06.995+0000] {dagbag.py:538} INFO - Filling up the DagBag from /opt/airflow/dags/dag.py
[2026-05-13T11:13:08.444+0000] {processor.py:840} INFO - DAG(s) 'workshop_etl_3' retrieved from /opt/airflow/dags/dag.py
[2026-05-13T11:13:08.485+0000] {logging_mixin.py:188} INFO - [2026-05-13T11:13:08.484+0000] {dag.py:3036} INFO - Sync 1 DAGs
[2026-05-13T11:13:08.502+0000] {logging_mixin.py:188} INFO - [2026-05-13T11:13:08.501+0000] {dag.py:3823} INFO - Setting next_dagrun for workshop_etl_3 to None, run_after=None
[2026-05-13T11:13:08.553+0000] {processor.py:183} INFO - Processing /opt/airflow/dags/dag.py took 1.569 seconds
[2026-05-13T11:13:38.985+0000] {processor.py:161} INFO - Started process (PID=853) to work on /opt/airflow/dags/dag.py
[2026-05-13T11:13:38.988+0000] {processor.py:830} INFO - Processing file /opt/airflow/dags/dag.py for tasks to queue
[2026-05-13T11:13:38.990+0000] {logging_mixin.py:188} INFO - [2026-05-13T11:13:38.990+0000] {dagbag.py:538} INFO - Filling up the DagBag from /opt/airflow/dags/dag.py
[2026-05-13T11:13:40.983+0000] {processor.py:840} INFO - DAG(s) 'workshop_etl_3' retrieved from /opt/airflow/dags/dag.py
[2026-05-13T11:13:41.025+0000] {logging_mixin.py:188} INFO - [2026-05-13T11:13:41.024+0000] {dag.py:3036} INFO - Sync 1 DAGs
[2026-05-13T11:13:41.043+0000] {logging_mixin.py:188} INFO - [2026-05-13T11:13:41.043+0000] {dag.py:3823} INFO - Setting next_dagrun for workshop_etl_3 to None, run_after=None
[2026-05-13T11:13:41.139+0000] {processor.py:183} INFO - Processing /opt/airflow/dags/dag.py took 2.160 seconds
[2026-05-13T11:14:11.341+0000] {processor.py:161} INFO - Started process (PID=871) to work on /opt/airflow/dags/dag.py
[2026-05-13T11:14:11.343+0000] {processor.py:830} INFO - Processing file /opt/airflow/dags/dag.py for tasks to queue
[2026-05-13T11:14:11.345+0000] {logging_mixin.py:188} INFO - [2026-05-13T11:14:11.345+0000] {dagbag.py:538} INFO - Filling up the DagBag from /opt/airflow/dags/dag.py
[2026-05-13T11:14:12.900+0000] {processor.py:840} INFO - DAG(s) 'workshop_etl_3' retrieved from /opt/airflow/dags/dag.py
[2026-05-13T11:14:12.942+0000] {logging_mixin.py:188} INFO - [2026-05-13T11:14:12.941+0000] {dag.py:3036} INFO - Sync 1 DAGs
[2026-05-13T11:14:12.961+0000] {logging_mixin.py:188} INFO - [2026-05-13T11:14:12.961+0000] {dag.py:3823} INFO - Setting next_dagrun for workshop_etl_3 to None, run_after=None
[2026-05-13T11:14:13.020+0000] {processor.py:183} INFO - Processing /opt/airflow/dags/dag.py took 1.685 seconds
[2026-05-13T11:14:43.456+0000] {processor.py:161} INFO - Started process (PID=889) to work on /opt/airflow/dags/dag.py
[2026-05-13T11:14:43.459+0000] {processor.py:830} INFO - Processing file /opt/airflow/dags/dag.py for tasks to queue
[2026-05-13T11:14:43.461+0000] {logging_mixin.py:188} INFO - [2026-05-13T11:14:43.461+0000] {dagbag.py:538} INFO - Filling up the DagBag from /opt/airflow/dags/dag.py
[2026-05-13T11:14:45.160+0000] {processor.py:840} INFO - DAG(s) 'workshop_etl_3' retrieved from /opt/airflow/dags/dag.py
[2026-05-13T11:14:45.207+0000] {logging_mixin.py:188} INFO - [2026-05-13T11:14:45.207+0000] {dag.py:3036} INFO - Sync 1 DAGs
[2026-05-13T11:14:45.226+0000] {logging_mixin.py:188} INFO - [2026-05-13T11:14:45.226+0000] {dag.py:3823} INFO - Setting next_dagrun for workshop_etl_3 to None, run_after=None
[2026-05-13T11:14:45.282+0000] {processor.py:183} INFO - Processing /opt/airflow/dags/dag.py took 1.833 seconds
[2026-05-13T11:15:15.704+0000] {processor.py:161} INFO - Started process (PID=907) to work on /opt/airflow/dags/dag.py
[2026-05-13T11:15:15.708+0000] {processor.py:830} INFO - Processing file /opt/airflow/dags/dag.py for tasks to queue
[2026-05-13T11:15:15.711+0000] {logging_mixin.py:188} INFO - [2026-05-13T11:15:15.710+0000] {dagbag.py:538} INFO - Filling up the DagBag from /opt/airflow/dags/dag.py
[2026-05-13T11:15:17.351+0000] {processor.py:840} INFO - DAG(s) 'workshop_etl_3' retrieved from /opt/airflow/dags/dag.py
[2026-05-13T11:15:17.399+0000] {logging_mixin.py:188} INFO - [2026-05-13T11:15:17.398+0000] {dag.py:3036} INFO - Sync 1 DAGs
[2026-05-13T11:15:17.422+0000] {logging_mixin.py:188} INFO - [2026-05-13T11:15:17.421+0000] {dag.py:3823} INFO - Setting next_dagrun for workshop_etl_3 to None, run_after=None
[2026-05-13T11:15:17.464+0000] {processor.py:183} INFO - Processing /opt/airflow/dags/dag.py took 1.769 seconds
[2026-05-13T11:15:47.860+0000] {processor.py:161} INFO - Started process (PID=925) to work on /opt/airflow/dags/dag.py
[2026-05-13T11:15:47.863+0000] {processor.py:830} INFO - Processing file /opt/airflow/dags/dag.py for tasks to queue
[2026-05-13T11:15:47.866+0000] {logging_mixin.py:188} INFO - [2026-05-13T11:15:47.865+0000] {dagbag.py:538} INFO - Filling up the DagBag from /opt/airflow/dags/dag.py
[2026-05-13T11:15:49.611+0000] {processor.py:840} INFO - DAG(s) 'workshop_etl_3' retrieved from /opt/airflow/dags/dag.py
[2026-05-13T11:15:49.655+0000] {logging_mixin.py:188} INFO - [2026-05-13T11:15:49.654+0000] {dag.py:3036} INFO - Sync 1 DAGs
[2026-05-13T11:15:49.675+0000] {logging_mixin.py:188} INFO - [2026-05-13T11:15:49.674+0000] {dag.py:3823} INFO - Setting next_dagrun for workshop_etl_3 to None, run_after=None
[2026-05-13T11:15:49.732+0000] {processor.py:183} INFO - Processing /opt/airflow/dags/dag.py took 1.881 seconds
[2026-05-13T11:16:20.153+0000] {processor.py:161} INFO - Started process (PID=943) to work on /opt/airflow/dags/dag.py
[2026-05-13T11:16:20.156+0000] {processor.py:830} INFO - Processing file /opt/airflow/dags/dag.py for tasks to queue
[2026-05-13T11:16:20.159+0000] {logging_mixin.py:188} INFO - [2026-05-13T11:16:20.158+0000] {dagbag.py:538} INFO - Filling up the DagBag from /opt/airflow/dags/dag.py
[2026-05-13T11:16:21.872+0000] {processor.py:840} INFO - DAG(s) 'workshop_etl_3' retrieved from /opt/airflow/dags/dag.py
[2026-05-13T11:16:21.915+0000] {logging_mixin.py:188} INFO - [2026-05-13T11:16:21.915+0000] {dag.py:3036} INFO - Sync 1 DAGs
[2026-05-13T11:16:21.936+0000] {logging_mixin.py:188} INFO - [2026-05-13T11:16:21.935+0000] {dag.py:3823} INFO - Setting next_dagrun for workshop_etl_3 to None, run_after=None
[2026-05-13T11:16:21.984+0000] {processor.py:183} INFO - Processing /opt/airflow/dags/dag.py took 1.838 seconds
[2026-05-13T11:16:52.393+0000] {processor.py:161} INFO - Started process (PID=961) to work on /opt/airflow/dags/dag.py
[2026-05-13T11:16:52.396+0000] {processor.py:830} INFO - Processing file /opt/airflow/dags/dag.py for tasks to queue
[2026-05-13T11:16:52.398+0000] {logging_mixin.py:188} INFO - [2026-05-13T11:16:52.397+0000] {dagbag.py:538} INFO - Filling up the DagBag from /opt/airflow/dags/dag.py
[2026-05-13T11:16:54.054+0000] {processor.py:840} INFO - DAG(s) 'workshop_etl_3' retrieved from /opt/airflow/dags/dag.py
[2026-05-13T11:16:54.092+0000] {logging_mixin.py:188} INFO - [2026-05-13T11:16:54.092+0000] {dag.py:3036} INFO - Sync 1 DAGs
[2026-05-13T11:16:54.112+0000] {logging_mixin.py:188} INFO - [2026-05-13T11:16:54.112+0000] {dag.py:3823} INFO - Setting next_dagrun for workshop_etl_3 to None, run_after=None
[2026-05-13T11:16:54.167+0000] {processor.py:183} INFO - Processing /opt/airflow/dags/dag.py took 1.780 seconds
[2026-05-13T11:17:24.375+0000] {processor.py:161} INFO - Started process (PID=979) to work on /opt/airflow/dags/dag.py
[2026-05-13T11:17:24.378+0000] {processor.py:830} INFO - Processing file /opt/airflow/dags/dag.py for tasks to queue
[2026-05-13T11:17:24.380+0000] {logging_mixin.py:188} INFO - [2026-05-13T11:17:24.379+0000] {dagbag.py:538} INFO - Filling up the DagBag from /opt/airflow/dags/dag.py
[2026-05-13T11:17:25.997+0000] {processor.py:840} INFO - DAG(s) 'workshop_etl_3' retrieved from /opt/airflow/dags/dag.py
[2026-05-13T11:17:26.044+0000] {logging_mixin.py:188} INFO - [2026-05-13T11:17:26.043+0000] {dag.py:3036} INFO - Sync 1 DAGs
[2026-05-13T11:17:26.066+0000] {logging_mixin.py:188} INFO - [2026-05-13T11:17:26.066+0000] {dag.py:3823} INFO - Setting next_dagrun for workshop_etl_3 to None, run_after=None
[2026-05-13T11:17:26.120+0000] {processor.py:183} INFO - Processing /opt/airflow/dags/dag.py took 1.750 seconds
[2026-05-13T11:17:56.542+0000] {processor.py:161} INFO - Started process (PID=997) to work on /opt/airflow/dags/dag.py
[2026-05-13T11:17:56.545+0000] {processor.py:830} INFO - Processing file /opt/airflow/dags/dag.py for tasks to queue
[2026-05-13T11:17:56.548+0000] {logging_mixin.py:188} INFO - [2026-05-13T11:17:56.548+0000] {dagbag.py:538} INFO - Filling up the DagBag from /opt/airflow/dags/dag.py
[2026-05-13T11:17:58.214+0000] {processor.py:840} INFO - DAG(s) 'workshop_etl_3' retrieved from /opt/airflow/dags/dag.py
[2026-05-13T11:17:58.263+0000] {logging_mixin.py:188} INFO - [2026-05-13T11:17:58.262+0000] {dag.py:3036} INFO - Sync 1 DAGs
[2026-05-13T11:17:58.285+0000] {logging_mixin.py:188} INFO - [2026-05-13T11:17:58.284+0000] {dag.py:3823} INFO - Setting next_dagrun for workshop_etl_3 to None, run_after=None
[2026-05-13T11:17:58.341+0000] {processor.py:183} INFO - Processing /opt/airflow/dags/dag.py took 1.805 seconds
[2026-05-13T11:18:28.772+0000] {processor.py:161} INFO - Started process (PID=1015) to work on /opt/airflow/dags/dag.py
[2026-05-13T11:18:28.774+0000] {processor.py:830} INFO - Processing file /opt/airflow/dags/dag.py for tasks to queue
[2026-05-13T11:18:28.777+0000] {logging_mixin.py:188} INFO - [2026-05-13T11:18:28.776+0000] {dagbag.py:538} INFO - Filling up the DagBag from /opt/airflow/dags/dag.py
[2026-05-13T11:18:30.440+0000] {processor.py:840} INFO - DAG(s) 'workshop_etl_3' retrieved from /opt/airflow/dags/dag.py
[2026-05-13T11:18:30.486+0000] {logging_mixin.py:188} INFO - [2026-05-13T11:18:30.486+0000] {dag.py:3036} INFO - Sync 1 DAGs
[2026-05-13T11:18:30.506+0000] {logging_mixin.py:188} INFO - [2026-05-13T11:18:30.506+0000] {dag.py:3823} INFO - Setting next_dagrun for workshop_etl_3 to None, run_after=None
[2026-05-13T11:18:30.560+0000] {processor.py:183} INFO - Processing /opt/airflow/dags/dag.py took 1.795 seconds
[2026-05-13T11:19:01.002+0000] {processor.py:161} INFO - Started process (PID=1033) to work on /opt/airflow/dags/dag.py
[2026-05-13T11:19:01.005+0000] {processor.py:830} INFO - Processing file /opt/airflow/dags/dag.py for tasks to queue
[2026-05-13T11:19:01.007+0000] {logging_mixin.py:188} INFO - [2026-05-13T11:19:01.007+0000] {dagbag.py:538} INFO - Filling up the DagBag from /opt/airflow/dags/dag.py
[2026-05-13T11:19:02.624+0000] {processor.py:840} INFO - DAG(s) 'workshop_etl_3' retrieved from /opt/airflow/dags/dag.py
[2026-05-13T11:19:02.671+0000] {logging_mixin.py:188} INFO - [2026-05-13T11:19:02.670+0000] {dag.py:3036} INFO - Sync 1 DAGs
[2026-05-13T11:19:02.691+0000] {logging_mixin.py:188} INFO - [2026-05-13T11:19:02.691+0000] {dag.py:3823} INFO - Setting next_dagrun for workshop_etl_3 to None, run_after=None
[2026-05-13T11:19:02.745+0000] {processor.py:183} INFO - Processing /opt/airflow/dags/dag.py took 1.751 seconds
[2026-05-13T11:19:33.141+0000] {processor.py:161} INFO - Started process (PID=1051) to work on /opt/airflow/dags/dag.py
[2026-05-13T11:19:33.143+0000] {processor.py:830} INFO - Processing file /opt/airflow/dags/dag.py for tasks to queue
[2026-05-13T11:19:33.145+0000] {logging_mixin.py:188} INFO - [2026-05-13T11:19:33.145+0000] {dagbag.py:538} INFO - Filling up the DagBag from /opt/airflow/dags/dag.py
[2026-05-13T11:19:34.606+0000] {processor.py:840} INFO - DAG(s) 'workshop_etl_3' retrieved from /opt/airflow/dags/dag.py
[2026-05-13T11:19:34.637+0000] {logging_mixin.py:188} INFO - [2026-05-13T11:19:34.637+0000] {dag.py:3036} INFO - Sync 1 DAGs
[2026-05-13T11:19:34.654+0000] {logging_mixin.py:188} INFO - [2026-05-13T11:19:34.653+0000] {dag.py:3823} INFO - Setting next_dagrun for workshop_etl_3 to None, run_after=None
[2026-05-13T11:19:34.751+0000] {processor.py:183} INFO - Processing /opt/airflow/dags/dag.py took 1.616 seconds
[2026-05-13T11:20:05.120+0000] {processor.py:161} INFO - Started process (PID=1069) to work on /opt/airflow/dags/dag.py
[2026-05-13T11:20:05.123+0000] {processor.py:830} INFO - Processing file /opt/airflow/dags/dag.py for tasks to queue
[2026-05-13T11:20:05.126+0000] {logging_mixin.py:188} INFO - [2026-05-13T11:20:05.125+0000] {dagbag.py:538} INFO - Filling up the DagBag from /opt/airflow/dags/dag.py
[2026-05-13T11:20:06.732+0000] {processor.py:840} INFO - DAG(s) 'workshop_etl_3' retrieved from /opt/airflow/dags/dag.py
[2026-05-13T11:20:06.776+0000] {logging_mixin.py:188} INFO - [2026-05-13T11:20:06.776+0000] {dag.py:3036} INFO - Sync 1 DAGs
[2026-05-13T11:20:06.800+0000] {logging_mixin.py:188} INFO - [2026-05-13T11:20:06.799+0000] {dag.py:3823} INFO - Setting next_dagrun for workshop_etl_3 to None, run_after=None
[2026-05-13T11:20:06.851+0000] {processor.py:183} INFO - Processing /opt/airflow/dags/dag.py took 1.737 seconds
[2026-05-13T11:20:37.227+0000] {processor.py:161} INFO - Started process (PID=1087) to work on /opt/airflow/dags/dag.py
[2026-05-13T11:20:37.229+0000] {processor.py:830} INFO - Processing file /opt/airflow/dags/dag.py for tasks to queue
[2026-05-13T11:20:37.230+0000] {logging_mixin.py:188} INFO - [2026-05-13T11:20:37.230+0000] {dagbag.py:538} INFO - Filling up the DagBag from /opt/airflow/dags/dag.py
[2026-05-13T11:20:38.762+0000] {processor.py:840} INFO - DAG(s) 'workshop_etl_3' retrieved from /opt/airflow/dags/dag.py
[2026-05-13T11:20:38.801+0000] {logging_mixin.py:188} INFO - [2026-05-13T11:20:38.800+0000] {dag.py:3036} INFO - Sync 1 DAGs
[2026-05-13T11:20:38.817+0000] {logging_mixin.py:188} INFO - [2026-05-13T11:20:38.817+0000] {dag.py:3823} INFO - Setting next_dagrun for workshop_etl_3 to None, run_after=None
[2026-05-13T11:20:38.869+0000] {processor.py:183} INFO - Processing /opt/airflow/dags/dag.py took 1.648 seconds
[2026-05-13T11:21:09.285+0000] {processor.py:161} INFO - Started process (PID=1105) to work on /opt/airflow/dags/dag.py
[2026-05-13T11:21:09.287+0000] {processor.py:830} INFO - Processing file /opt/airflow/dags/dag.py for tasks to queue
[2026-05-13T11:21:09.290+0000] {logging_mixin.py:188} INFO - [2026-05-13T11:21:09.289+0000] {dagbag.py:538} INFO - Filling up the DagBag from /opt/airflow/dags/dag.py
[2026-05-13T11:21:11.064+0000] {processor.py:840} INFO - DAG(s) 'workshop_etl_3' retrieved from /opt/airflow/dags/dag.py
[2026-05-13T11:21:11.099+0000] {logging_mixin.py:188} INFO - [2026-05-13T11:21:11.099+0000] {dag.py:3036} INFO - Sync 1 DAGs
[2026-05-13T11:21:11.114+0000] {logging_mixin.py:188} INFO - [2026-05-13T11:21:11.114+0000] {dag.py:3823} INFO - Setting next_dagrun for workshop_etl_3 to None, run_after=None
[2026-05-13T11:21:11.154+0000] {processor.py:183} INFO - Processing /opt/airflow/dags/dag.py took 1.876 seconds
[2026-05-13T11:21:41.571+0000] {processor.py:161} INFO - Started process (PID=1123) to work on /opt/airflow/dags/dag.py
[2026-05-13T11:21:41.574+0000] {processor.py:830} INFO - Processing file /opt/airflow/dags/dag.py for tasks to queue
[2026-05-13T11:21:41.577+0000] {logging_mixin.py:188} INFO - [2026-05-13T11:21:41.576+0000] {dagbag.py:538} INFO - Filling up the DagBag from /opt/airflow/dags/dag.py
[2026-05-13T11:21:43.343+0000] {processor.py:840} INFO - DAG(s) 'workshop_etl_3' retrieved from /opt/airflow/dags/dag.py
[2026-05-13T11:21:43.377+0000] {logging_mixin.py:188} INFO - [2026-05-13T11:21:43.376+0000] {dag.py:3036} INFO - Sync 1 DAGs
[2026-05-13T11:21:43.396+0000] {logging_mixin.py:188} INFO - [2026-05-13T11:21:43.395+0000] {dag.py:3823} INFO - Setting next_dagrun for workshop_etl_3 to None, run_after=None
[2026-05-13T11:21:43.442+0000] {processor.py:183} INFO - Processing /opt/airflow/dags/dag.py took 1.879 seconds
[2026-05-13T11:22:13.848+0000] {processor.py:161} INFO - Started process (PID=1141) to work on /opt/airflow/dags/dag.py
[2026-05-13T11:22:13.850+0000] {processor.py:830} INFO - Processing file /opt/airflow/dags/dag.py for tasks to queue
[2026-05-13T11:22:13.853+0000] {logging_mixin.py:188} INFO - [2026-05-13T11:22:13.852+0000] {dagbag.py:538} INFO - Filling up the DagBag from /opt/airflow/dags/dag.py
[2026-05-13T11:22:15.487+0000] {processor.py:840} INFO - DAG(s) 'workshop_etl_3' retrieved from /opt/airflow/dags/dag.py
[2026-05-13T11:22:15.544+0000] {logging_mixin.py:188} INFO - [2026-05-13T11:22:15.543+0000] {dag.py:3036} INFO - Sync 1 DAGs
[2026-05-13T11:22:15.561+0000] {logging_mixin.py:188} INFO - [2026-05-13T11:22:15.561+0000] {dag.py:3823} INFO - Setting next_dagrun for workshop_etl_3 to None, run_after=None
[2026-05-13T11:22:15.594+0000] {processor.py:183} INFO - Processing /opt/airflow/dags/dag.py took 1.752 seconds
[2026-05-13T11:23:14.927+0000] {processor.py:161} INFO - Started process (PID=168) to work on /opt/airflow/dags/dag.py
[2026-05-13T11:23:14.929+0000] {processor.py:830} INFO - Processing file /opt/airflow/dags/dag.py for tasks to queue
[2026-05-13T11:23:14.931+0000] {logging_mixin.py:188} INFO - [2026-05-13T11:23:14.930+0000] {dagbag.py:538} INFO - Filling up the DagBag from /opt/airflow/dags/dag.py
[2026-05-13T11:23:17.396+0000] {processor.py:840} INFO - DAG(s) 'workshop_etl_3' retrieved from /opt/airflow/dags/dag.py
[2026-05-13T11:23:17.421+0000] {logging_mixin.py:188} INFO - [2026-05-13T11:23:17.421+0000] {dag.py:3036} INFO - Sync 1 DAGs
[2026-05-13T11:23:17.434+0000] {logging_mixin.py:188} INFO - [2026-05-13T11:23:17.434+0000] {dag.py:3823} INFO - Setting next_dagrun for workshop_etl_3 to None, run_after=None
[2026-05-13T11:23:17.471+0000] {processor.py:183} INFO - Processing /opt/airflow/dags/dag.py took 2.549 seconds
[2026-05-13T11:23:47.888+0000] {processor.py:161} INFO - Started process (PID=186) to work on /opt/airflow/dags/dag.py
[2026-05-13T11:23:47.891+0000] {processor.py:830} INFO - Processing file /opt/airflow/dags/dag.py for tasks to queue
[2026-05-13T11:23:47.895+0000] {logging_mixin.py:188} INFO - [2026-05-13T11:23:47.894+0000] {dagbag.py:538} INFO - Filling up the DagBag from /opt/airflow/dags/dag.py
[2026-05-13T11:23:49.581+0000] {processor.py:840} INFO - DAG(s) 'workshop_etl_3' retrieved from /opt/airflow/dags/dag.py
[2026-05-13T11:23:49.893+0000] {logging_mixin.py:188} INFO - [2026-05-13T11:23:49.892+0000] {dag.py:3036} INFO - Sync 1 DAGs
[2026-05-13T11:23:49.914+0000] {logging_mixin.py:188} INFO - [2026-05-13T11:23:49.914+0000] {dag.py:3823} INFO - Setting next_dagrun for workshop_etl_3 to None, run_after=None
[2026-05-13T11:23:49.953+0000] {processor.py:183} INFO - Processing /opt/airflow/dags/dag.py took 2.074 seconds
[2026-05-13T11:24:20.226+0000] {processor.py:161} INFO - Started process (PID=204) to work on /opt/airflow/dags/dag.py
[2026-05-13T11:24:20.228+0000] {processor.py:830} INFO - Processing file /opt/airflow/dags/dag.py for tasks to queue
[2026-05-13T11:24:20.230+0000] {logging_mixin.py:188} INFO - [2026-05-13T11:24:20.229+0000] {dagbag.py:538} INFO - Filling up the DagBag from /opt/airflow/dags/dag.py
[2026-05-13T11:24:21.813+0000] {processor.py:840} INFO - DAG(s) 'workshop_etl_3' retrieved from /opt/airflow/dags/dag.py
[2026-05-13T11:24:21.861+0000] {logging_mixin.py:188} INFO - [2026-05-13T11:24:21.860+0000] {dag.py:3036} INFO - Sync 1 DAGs
[2026-05-13T11:24:21.879+0000] {logging_mixin.py:188} INFO - [2026-05-13T11:24:21.878+0000] {dag.py:3823} INFO - Setting next_dagrun for workshop_etl_3 to None, run_after=None
[2026-05-13T11:24:21.928+0000] {processor.py:183} INFO - Processing /opt/airflow/dags/dag.py took 1.708 seconds
[2026-05-13T11:24:52.334+0000] {processor.py:161} INFO - Started process (PID=222) to work on /opt/airflow/dags/dag.py
[2026-05-13T11:24:52.336+0000] {processor.py:830} INFO - Processing file /opt/airflow/dags/dag.py for tasks to queue
[2026-05-13T11:24:52.337+0000] {logging_mixin.py:188} INFO - [2026-05-13T11:24:52.337+0000] {dagbag.py:538} INFO - Filling up the DagBag from /opt/airflow/dags/dag.py
[2026-05-13T11:24:53.722+0000] {processor.py:840} INFO - DAG(s) 'workshop_etl_3' retrieved from /opt/airflow/dags/dag.py
[2026-05-13T11:24:53.765+0000] {logging_mixin.py:188} INFO - [2026-05-13T11:24:53.765+0000] {dag.py:3036} INFO - Sync 1 DAGs
[2026-05-13T11:24:53.784+0000] {logging_mixin.py:188} INFO - [2026-05-13T11:24:53.784+0000] {dag.py:3823} INFO - Setting next_dagrun for workshop_etl_3 to None, run_after=None
[2026-05-13T11:24:53.841+0000] {processor.py:183} INFO - Processing /opt/airflow/dags/dag.py took 1.512 seconds
[2026-05-13T11:25:24.200+0000] {processor.py:161} INFO - Started process (PID=240) to work on /opt/airflow/dags/dag.py
[2026-05-13T11:25:24.203+0000] {processor.py:830} INFO - Processing file /opt/airflow/dags/dag.py for tasks to queue
[2026-05-13T11:25:24.205+0000] {logging_mixin.py:188} INFO - [2026-05-13T11:25:24.204+0000] {dagbag.py:538} INFO - Filling up the DagBag from /opt/airflow/dags/dag.py
[2026-05-13T11:25:25.964+0000] {processor.py:840} INFO - DAG(s) 'workshop_etl_3' retrieved from /opt/airflow/dags/dag.py
[2026-05-13T11:25:26.008+0000] {logging_mixin.py:188} INFO - [2026-05-13T11:25:26.007+0000] {dag.py:3036} INFO - Sync 1 DAGs
[2026-05-13T11:25:26.032+0000] {logging_mixin.py:188} INFO - [2026-05-13T11:25:26.031+0000] {dag.py:3823} INFO - Setting next_dagrun for workshop_etl_3 to None, run_after=None
[2026-05-13T11:25:26.084+0000] {processor.py:183} INFO - Processing /opt/airflow/dags/dag.py took 1.888 seconds
[2026-05-13T11:25:56.220+0000] {processor.py:161} INFO - Started process (PID=258) to work on /opt/airflow/dags/dag.py
[2026-05-13T11:25:56.223+0000] {processor.py:830} INFO - Processing file /opt/airflow/dags/dag.py for tasks to queue
[2026-05-13T11:25:56.225+0000] {logging_mixin.py:188} INFO - [2026-05-13T11:25:56.224+0000] {dagbag.py:538} INFO - Filling up the DagBag from /opt/airflow/dags/dag.py
[2026-05-13T11:25:57.866+0000] {processor.py:840} INFO - DAG(s) 'workshop_etl_3' retrieved from /opt/airflow/dags/dag.py
[2026-05-13T11:25:57.904+0000] {logging_mixin.py:188} INFO - [2026-05-13T11:25:57.904+0000] {dag.py:3036} INFO - Sync 1 DAGs
[2026-05-13T11:25:57.924+0000] {logging_mixin.py:188} INFO - [2026-05-13T11:25:57.924+0000] {dag.py:3823} INFO - Setting next_dagrun for workshop_etl_3 to None, run_after=None
[2026-05-13T11:25:57.966+0000] {processor.py:183} INFO - Processing /opt/airflow/dags/dag.py took 1.753 seconds
[2026-05-13T11:26:28.379+0000] {processor.py:161} INFO - Started process (PID=276) to work on /opt/airflow/dags/dag.py
[2026-05-13T11:26:28.381+0000] {processor.py:830} INFO - Processing file /opt/airflow/dags/dag.py for tasks to queue
[2026-05-13T11:26:28.383+0000] {logging_mixin.py:188} INFO - [2026-05-13T11:26:28.383+0000] {dagbag.py:538} INFO - Filling up the DagBag from /opt/airflow/dags/dag.py
[2026-05-13T11:26:30.021+0000] {processor.py:840} INFO - DAG(s) 'workshop_etl_3' retrieved from /opt/airflow/dags/dag.py
[2026-05-13T11:26:30.062+0000] {logging_mixin.py:188} INFO - [2026-05-13T11:26:30.061+0000] {dag.py:3036} INFO - Sync 1 DAGs
[2026-05-13T11:26:30.075+0000] {logging_mixin.py:188} INFO - [2026-05-13T11:26:30.075+0000] {dag.py:3823} INFO - Setting next_dagrun for workshop_etl_3 to None, run_after=None
[2026-05-13T11:26:30.112+0000] {processor.py:183} INFO - Processing /opt/airflow/dags/dag.py took 1.738 seconds
[2026-05-13T11:27:00.510+0000] {processor.py:161} INFO - Started process (PID=294) to work on /opt/airflow/dags/dag.py
[2026-05-13T11:27:00.512+0000] {processor.py:830} INFO - Processing file /opt/airflow/dags/dag.py for tasks to queue
[2026-05-13T11:27:00.514+0000] {logging_mixin.py:188} INFO - [2026-05-13T11:27:00.513+0000] {dagbag.py:538} INFO - Filling up the DagBag from /opt/airflow/dags/dag.py
[2026-05-13T11:27:01.983+0000] {processor.py:840} INFO - DAG(s) 'workshop_etl_3' retrieved from /opt/airflow/dags/dag.py
[2026-05-13T11:27:02.015+0000] {logging_mixin.py:188} INFO - [2026-05-13T11:27:02.015+0000] {dag.py:3036} INFO - Sync 1 DAGs
[2026-05-13T11:27:02.029+0000] {logging_mixin.py:188} INFO - [2026-05-13T11:27:02.028+0000] {dag.py:3823} INFO - Setting next_dagrun for workshop_etl_3 to None, run_after=None
[2026-05-13T11:27:02.063+0000] {processor.py:183} INFO - Processing /opt/airflow/dags/dag.py took 1.557 seconds
[2026-05-13T11:27:32.346+0000] {processor.py:161} INFO - Started process (PID=312) to work on /opt/airflow/dags/dag.py
[2026-05-13T11:27:32.348+0000] {processor.py:830} INFO - Processing file /opt/airflow/dags/dag.py for tasks to queue
[2026-05-13T11:27:32.351+0000] {logging_mixin.py:188} INFO - [2026-05-13T11:27:32.350+0000] {dagbag.py:538} INFO - Filling up the DagBag from /opt/airflow/dags/dag.py
[2026-05-13T11:27:33.971+0000] {processor.py:840} INFO - DAG(s) 'workshop_etl_3' retrieved from /opt/airflow/dags/dag.py
[2026-05-13T11:27:34.016+0000] {logging_mixin.py:188} INFO - [2026-05-13T11:27:34.015+0000] {dag.py:3036} INFO - Sync 1 DAGs
[2026-05-13T11:27:34.035+0000] {logging_mixin.py:188} INFO - [2026-05-13T11:27:34.035+0000] {dag.py:3823} INFO - Setting next_dagrun for workshop_etl_3 to None, run_after=None
[2026-05-13T11:27:34.091+0000] {processor.py:183} INFO - Processing /opt/airflow/dags/dag.py took 1.751 seconds
[2026-05-13T11:28:04.526+0000] {processor.py:161} INFO - Started process (PID=330) to work on /opt/airflow/dags/dag.py
[2026-05-13T11:28:04.528+0000] {processor.py:830} INFO - Processing file /opt/airflow/dags/dag.py for tasks to queue
[2026-05-13T11:28:04.531+0000] {logging_mixin.py:188} INFO - [2026-05-13T11:28:04.530+0000] {dagbag.py:538} INFO - Filling up the DagBag from /opt/airflow/dags/dag.py
[2026-05-13T11:28:06.177+0000] {processor.py:840} INFO - DAG(s) 'workshop_etl_3' retrieved from /opt/airflow/dags/dag.py
[2026-05-13T11:28:06.218+0000] {logging_mixin.py:188} INFO - [2026-05-13T11:28:06.217+0000] {dag.py:3036} INFO - Sync 1 DAGs
[2026-05-13T11:28:06.238+0000] {logging_mixin.py:188} INFO - [2026-05-13T11:28:06.237+0000] {dag.py:3823} INFO - Setting next_dagrun for workshop_etl_3 to None, run_after=None
[2026-05-13T11:28:06.293+0000] {processor.py:183} INFO - Processing /opt/airflow/dags/dag.py took 1.774 seconds
[2026-05-13T11:28:36.686+0000] {processor.py:161} INFO - Started process (PID=348) to work on /opt/airflow/dags/dag.py
[2026-05-13T11:28:36.696+0000] {processor.py:830} INFO - Processing file /opt/airflow/dags/dag.py for tasks to queue
[2026-05-13T11:28:36.699+0000] {logging_mixin.py:188} INFO - [2026-05-13T11:28:36.698+0000] {dagbag.py:538} INFO - Filling up the DagBag from /opt/airflow/dags/dag.py
[2026-05-13T11:28:38.328+0000] {processor.py:840} INFO - DAG(s) 'workshop_etl_3' retrieved from /opt/airflow/dags/dag.py
[2026-05-13T11:28:38.380+0000] {logging_mixin.py:188} INFO - [2026-05-13T11:28:38.379+0000] {dag.py:3036} INFO - Sync 1 DAGs
[2026-05-13T11:28:38.402+0000] {logging_mixin.py:188} INFO - [2026-05-13T11:28:38.401+0000] {dag.py:3823} INFO - Setting next_dagrun for workshop_etl_3 to None, run_after=None
[2026-05-13T11:28:38.460+0000] {processor.py:183} INFO - Processing /opt/airflow/dags/dag.py took 1.783 seconds
[2026-05-13T11:29:08.824+0000] {processor.py:161} INFO - Started process (PID=658) to work on /opt/airflow/dags/dag.py
[2026-05-13T11:29:08.826+0000] {processor.py:830} INFO - Processing file /opt/airflow/dags/dag.py for tasks to queue
[2026-05-13T11:29:08.828+0000] {logging_mixin.py:188} INFO - [2026-05-13T11:29:08.827+0000] {dagbag.py:538} INFO - Filling up the DagBag from /opt/airflow/dags/dag.py
[2026-05-13T11:29:10.475+0000] {processor.py:840} INFO - DAG(s) 'workshop_etl_3' retrieved from /opt/airflow/dags/dag.py
[2026-05-13T11:29:10.524+0000] {logging_mixin.py:188} INFO - [2026-05-13T11:29:10.524+0000] {dag.py:3036} INFO - Sync 1 DAGs
[2026-05-13T11:29:10.545+0000] {logging_mixin.py:188} INFO - [2026-05-13T11:29:10.545+0000] {dag.py:3823} INFO - Setting next_dagrun for workshop_etl_3 to None, run_after=None
[2026-05-13T11:29:10.600+0000] {processor.py:183} INFO - Processing /opt/airflow/dags/dag.py took 1.783 seconds
[2026-05-13T11:29:40.739+0000] {processor.py:161} INFO - Started process (PID=676) to work on /opt/airflow/dags/dag.py
[2026-05-13T11:29:40.742+0000] {processor.py:830} INFO - Processing file /opt/airflow/dags/dag.py for tasks to queue
[2026-05-13T11:29:40.744+0000] {logging_mixin.py:188} INFO - [2026-05-13T11:29:40.744+0000] {dagbag.py:538} INFO - Filling up the DagBag from /opt/airflow/dags/dag.py
[2026-05-13T11:29:42.454+0000] {processor.py:840} INFO - DAG(s) 'workshop_etl_3' retrieved from /opt/airflow/dags/dag.py
[2026-05-13T11:29:42.504+0000] {logging_mixin.py:188} INFO - [2026-05-13T11:29:42.503+0000] {dag.py:3036} INFO - Sync 1 DAGs
[2026-05-13T11:29:42.524+0000] {logging_mixin.py:188} INFO - [2026-05-13T11:29:42.523+0000] {dag.py:3823} INFO - Setting next_dagrun for workshop_etl_3 to None, run_after=None
[2026-05-13T11:29:42.576+0000] {processor.py:183} INFO - Processing /opt/airflow/dags/dag.py took 1.843 seconds
[2026-05-13T11:30:12.944+0000] {processor.py:161} INFO - Started process (PID=694) to work on /opt/airflow/dags/dag.py
[2026-05-13T11:30:12.945+0000] {processor.py:830} INFO - Processing file /opt/airflow/dags/dag.py for tasks to queue
[2026-05-13T11:30:12.947+0000] {logging_mixin.py:188} INFO - [2026-05-13T11:30:12.947+0000] {dagbag.py:538} INFO - Filling up the DagBag from /opt/airflow/dags/dag.py
[2026-05-13T11:30:14.436+0000] {processor.py:840} INFO - DAG(s) 'workshop_etl_3' retrieved from /opt/airflow/dags/dag.py
[2026-05-13T11:30:14.481+0000] {logging_mixin.py:188} INFO - [2026-05-13T11:30:14.481+0000] {dag.py:3036} INFO - Sync 1 DAGs
[2026-05-13T11:30:14.502+0000] {logging_mixin.py:188} INFO - [2026-05-13T11:30:14.502+0000] {dag.py:3823} INFO - Setting next_dagrun for workshop_etl_3 to None, run_after=None
[2026-05-13T11:30:14.560+0000] {processor.py:183} INFO - Processing /opt/airflow/dags/dag.py took 1.621 seconds
[2026-05-13T11:30:44.966+0000] {processor.py:161} INFO - Started process (PID=712) to work on /opt/airflow/dags/dag.py
[2026-05-13T11:30:44.968+0000] {processor.py:830} INFO - Processing file /opt/airflow/dags/dag.py for tasks to queue
[2026-05-13T11:30:44.970+0000] {logging_mixin.py:188} INFO - [2026-05-13T11:30:44.969+0000] {dagbag.py:538} INFO - Filling up the DagBag from /opt/airflow/dags/dag.py
[2026-05-13T11:30:46.574+0000] {processor.py:840} INFO - DAG(s) 'workshop_etl_3' retrieved from /opt/airflow/dags/dag.py
[2026-05-13T11:30:46.616+0000] {logging_mixin.py:188} INFO - [2026-05-13T11:30:46.615+0000] {dag.py:3036} INFO - Sync 1 DAGs
[2026-05-13T11:30:46.634+0000] {logging_mixin.py:188} INFO - [2026-05-13T11:30:46.633+0000] {dag.py:3823} INFO - Setting next_dagrun for workshop_etl_3 to None, run_after=None
[2026-05-13T11:30:46.674+0000] {processor.py:183} INFO - Processing /opt/airflow/dags/dag.py took 1.714 seconds
[2026-05-13T11:31:16.883+0000] {processor.py:161} INFO - Started process (PID=730) to work on /opt/airflow/dags/dag.py
[2026-05-13T11:31:16.885+0000] {processor.py:830} INFO - Processing file /opt/airflow/dags/dag.py for tasks to queue
[2026-05-13T11:31:16.886+0000] {logging_mixin.py:188} INFO - [2026-05-13T11:31:16.885+0000] {dagbag.py:538} INFO - Filling up the DagBag from /opt/airflow/dags/dag.py
[2026-05-13T11:31:18.481+0000] {processor.py:840} INFO - DAG(s) 'workshop_etl_3' retrieved from /opt/airflow/dags/dag.py
[2026-05-13T11:31:18.524+0000] {logging_mixin.py:188} INFO - [2026-05-13T11:31:18.523+0000] {dag.py:3036} INFO - Sync 1 DAGs
[2026-05-13T11:31:18.545+0000] {logging_mixin.py:188} INFO - [2026-05-13T11:31:18.544+0000] {dag.py:3823} INFO - Setting next_dagrun for workshop_etl_3 to None, run_after=None
[2026-05-13T11:31:18.601+0000] {processor.py:183} INFO - Processing /opt/airflow/dags/dag.py took 1.721 seconds
[2026-05-13T11:31:48.965+0000] {processor.py:161} INFO - Started process (PID=748) to work on /opt/airflow/dags/dag.py
[2026-05-13T11:31:48.966+0000] {processor.py:830} INFO - Processing file /opt/airflow/dags/dag.py for tasks to queue
[2026-05-13T11:31:48.968+0000] {logging_mixin.py:188} INFO - [2026-05-13T11:31:48.967+0000] {dagbag.py:538} INFO - Filling up the DagBag from /opt/airflow/dags/dag.py
[2026-05-13T11:31:50.504+0000] {processor.py:840} INFO - DAG(s) 'workshop_etl_3' retrieved from /opt/airflow/dags/dag.py
[2026-05-13T11:31:50.555+0000] {logging_mixin.py:188} INFO - [2026-05-13T11:31:50.555+0000] {dag.py:3036} INFO - Sync 1 DAGs
[2026-05-13T11:31:50.577+0000] {logging_mixin.py:188} INFO - [2026-05-13T11:31:50.577+0000] {dag.py:3823} INFO - Setting next_dagrun for workshop_etl_3 to None, run_after=None
[2026-05-13T11:31:50.646+0000] {processor.py:183} INFO - Processing /opt/airflow/dags/dag.py took 1.686 seconds
[2026-05-13T11:32:21.069+0000] {processor.py:161} INFO - Started process (PID=820) to work on /opt/airflow/dags/dag.py
[2026-05-13T11:32:21.076+0000] {processor.py:830} INFO - Processing file /opt/airflow/dags/dag.py for tasks to queue
[2026-05-13T11:32:21.080+0000] {logging_mixin.py:188} INFO - [2026-05-13T11:32:21.078+0000] {dagbag.py:538} INFO - Filling up the DagBag from /opt/airflow/dags/dag.py
[2026-05-13T11:32:23.096+0000] {processor.py:840} INFO - DAG(s) 'workshop_etl_3' retrieved from /opt/airflow/dags/dag.py
[2026-05-13T11:32:23.191+0000] {logging_mixin.py:188} INFO - [2026-05-13T11:32:23.190+0000] {dag.py:3036} INFO - Sync 1 DAGs
[2026-05-13T11:32:23.220+0000] {logging_mixin.py:188} INFO - [2026-05-13T11:32:23.220+0000] {dag.py:3823} INFO - Setting next_dagrun for workshop_etl_3 to None, run_after=None
[2026-05-13T11:32:23.262+0000] {processor.py:183} INFO - Processing /opt/airflow/dags/dag.py took 2.208 seconds
[2026-05-13T11:32:53.659+0000] {processor.py:161} INFO - Started process (PID=1076) to work on /opt/airflow/dags/dag.py
[2026-05-13T11:32:53.662+0000] {processor.py:830} INFO - Processing file /opt/airflow/dags/dag.py for tasks to queue
[2026-05-13T11:32:53.665+0000] {logging_mixin.py:188} INFO - [2026-05-13T11:32:53.664+0000] {dagbag.py:538} INFO - Filling up the DagBag from /opt/airflow/dags/dag.py
[2026-05-13T11:32:55.297+0000] {processor.py:840} INFO - DAG(s) 'workshop_etl_3' retrieved from /opt/airflow/dags/dag.py
[2026-05-13T11:32:55.335+0000] {logging_mixin.py:188} INFO - [2026-05-13T11:32:55.334+0000] {dag.py:3036} INFO - Sync 1 DAGs
[2026-05-13T11:32:55.350+0000] {logging_mixin.py:188} INFO - [2026-05-13T11:32:55.350+0000] {dag.py:3823} INFO - Setting next_dagrun for workshop_etl_3 to None, run_after=None
[2026-05-13T11:32:55.397+0000] {processor.py:183} INFO - Processing /opt/airflow/dags/dag.py took 1.747 seconds
[2026-05-13T11:33:25.797+0000] {processor.py:161} INFO - Started process (PID=1094) to work on /opt/airflow/dags/dag.py
[2026-05-13T11:33:25.800+0000] {processor.py:830} INFO - Processing file /opt/airflow/dags/dag.py for tasks to queue
[2026-05-13T11:33:25.802+0000] {logging_mixin.py:188} INFO - [2026-05-13T11:33:25.801+0000] {dagbag.py:538} INFO - Filling up the DagBag from /opt/airflow/dags/dag.py
[2026-05-13T11:33:27.509+0000] {processor.py:840} INFO - DAG(s) 'workshop_etl_3' retrieved from /opt/airflow/dags/dag.py
[2026-05-13T11:33:27.550+0000] {logging_mixin.py:188} INFO - [2026-05-13T11:33:27.550+0000] {dag.py:3036} INFO - Sync 1 DAGs
[2026-05-13T11:33:27.569+0000] {logging_mixin.py:188} INFO - [2026-05-13T11:33:27.569+0000] {dag.py:3823} INFO - Setting next_dagrun for workshop_etl_3 to None, run_after=None
[2026-05-13T11:33:27.605+0000] {processor.py:183} INFO - Processing /opt/airflow/dags/dag.py took 1.815 seconds
[2026-05-13T11:33:58.006+0000] {processor.py:161} INFO - Started process (PID=1112) to work on /opt/airflow/dags/dag.py
[2026-05-13T11:33:58.008+0000] {processor.py:830} INFO - Processing file /opt/airflow/dags/dag.py for tasks to queue
[2026-05-13T11:33:58.010+0000] {logging_mixin.py:188} INFO - [2026-05-13T11:33:58.009+0000] {dagbag.py:538} INFO - Filling up the DagBag from /opt/airflow/dags/dag.py
[2026-05-13T11:33:59.614+0000] {processor.py:840} INFO - DAG(s) 'workshop_etl_3' retrieved from /opt/airflow/dags/dag.py
[2026-05-13T11:33:59.666+0000] {logging_mixin.py:188} INFO - [2026-05-13T11:33:59.665+0000] {dag.py:3036} INFO - Sync 1 DAGs
[2026-05-13T11:33:59.691+0000] {logging_mixin.py:188} INFO - [2026-05-13T11:33:59.690+0000] {dag.py:3823} INFO - Setting next_dagrun for workshop_etl_3 to None, run_after=None
[2026-05-13T11:33:59.741+0000] {processor.py:183} INFO - Processing /opt/airflow/dags/dag.py took 1.740 seconds
[2026-05-13T11:34:30.145+0000] {processor.py:161} INFO - Started process (PID=1130) to work on /opt/airflow/dags/dag.py
[2026-05-13T11:34:30.148+0000] {processor.py:830} INFO - Processing file /opt/airflow/dags/dag.py for tasks to queue
[2026-05-13T11:34:30.150+0000] {logging_mixin.py:188} INFO - [2026-05-13T11:34:30.150+0000] {dagbag.py:538} INFO - Filling up the DagBag from /opt/airflow/dags/dag.py
[2026-05-13T11:34:31.585+0000] {processor.py:840} INFO - DAG(s) 'workshop_etl_3' retrieved from /opt/airflow/dags/dag.py
[2026-05-13T11:34:31.619+0000] {logging_mixin.py:188} INFO - [2026-05-13T11:34:31.618+0000] {dag.py:3036} INFO - Sync 1 DAGs
[2026-05-13T11:34:31.635+0000] {logging_mixin.py:188} INFO - [2026-05-13T11:34:31.635+0000] {dag.py:3823} INFO - Setting next_dagrun for workshop_etl_3 to None, run_after=None
[2026-05-13T11:34:31.686+0000] {processor.py:183} INFO - Processing /opt/airflow/dags/dag.py took 1.547 seconds
[2026-05-13T11:35:02.060+0000] {processor.py:161} INFO - Started process (PID=1148) to work on /opt/airflow/dags/dag.py
[2026-05-13T11:35:02.063+0000] {processor.py:830} INFO - Processing file /opt/airflow/dags/dag.py for tasks to queue
[2026-05-13T11:35:02.066+0000] {logging_mixin.py:188} INFO - [2026-05-13T11:35:02.065+0000] {dagbag.py:538} INFO - Filling up the DagBag from /opt/airflow/dags/dag.py
[2026-05-13T11:35:03.917+0000] {processor.py:840} INFO - DAG(s) 'workshop_etl_3' retrieved from /opt/airflow/dags/dag.py
[2026-05-13T11:35:03.970+0000] {logging_mixin.py:188} INFO - [2026-05-13T11:35:03.969+0000] {dag.py:3036} INFO - Sync 1 DAGs
[2026-05-13T11:35:03.992+0000] {logging_mixin.py:188} INFO - [2026-05-13T11:35:03.991+0000] {dag.py:3823} INFO - Setting next_dagrun for workshop_etl_3 to None, run_after=None
[2026-05-13T11:35:04.042+0000] {processor.py:183} INFO - Processing /opt/airflow/dags/dag.py took 1.991 seconds
[2026-05-13T11:35:34.367+0000] {processor.py:161} INFO - Started process (PID=1166) to work on /opt/airflow/dags/dag.py
[2026-05-13T11:35:34.368+0000] {processor.py:830} INFO - Processing file /opt/airflow/dags/dag.py for tasks to queue
[2026-05-13T11:35:34.370+0000] {logging_mixin.py:188} INFO - [2026-05-13T11:35:34.369+0000] {dagbag.py:538} INFO - Filling up the DagBag from /opt/airflow/dags/dag.py
[2026-05-13T11:35:36.073+0000] {processor.py:840} INFO - DAG(s) 'workshop_etl_3' retrieved from /opt/airflow/dags/dag.py
[2026-05-13T11:35:36.122+0000] {logging_mixin.py:188} INFO - [2026-05-13T11:35:36.122+0000] {dag.py:3036} INFO - Sync 1 DAGs
[2026-05-13T11:35:36.145+0000] {logging_mixin.py:188} INFO - [2026-05-13T11:35:36.145+0000] {dag.py:3823} INFO - Setting next_dagrun for workshop_etl_3 to None, run_after=None
[2026-05-13T11:35:36.193+0000] {processor.py:183} INFO - Processing /opt/airflow/dags/dag.py took 1.832 seconds
[2026-05-13T11:36:06.650+0000] {processor.py:161} INFO - Started process (PID=1476) to work on /opt/airflow/dags/dag.py
[2026-05-13T11:36:06.653+0000] {processor.py:830} INFO - Processing file /opt/airflow/dags/dag.py for tasks to queue
[2026-05-13T11:36:06.656+0000] {logging_mixin.py:188} INFO - [2026-05-13T11:36:06.655+0000] {dagbag.py:538} INFO - Filling up the DagBag from /opt/airflow/dags/dag.py
[2026-05-13T11:36:08.294+0000] {processor.py:840} INFO - DAG(s) 'workshop_etl_3' retrieved from /opt/airflow/dags/dag.py
[2026-05-13T11:36:08.321+0000] {logging_mixin.py:188} INFO - [2026-05-13T11:36:08.320+0000] {dag.py:3036} INFO - Sync 1 DAGs
[2026-05-13T11:36:08.333+0000] {logging_mixin.py:188} INFO - [2026-05-13T11:36:08.333+0000] {dag.py:3823} INFO - Setting next_dagrun for workshop_etl_3 to None, run_after=None
[2026-05-13T11:36:08.362+0000] {processor.py:183} INFO - Processing /opt/airflow/dags/dag.py took 1.723 seconds
[2026-05-13T11:36:38.800+0000] {processor.py:161} INFO - Started process (PID=1494) to work on /opt/airflow/dags/dag.py
[2026-05-13T11:36:38.803+0000] {processor.py:830} INFO - Processing file /opt/airflow/dags/dag.py for tasks to queue
[2026-05-13T11:36:38.806+0000] {logging_mixin.py:188} INFO - [2026-05-13T11:36:38.805+0000] {dagbag.py:538} INFO - Filling up the DagBag from /opt/airflow/dags/dag.py
[2026-05-13T11:36:40.395+0000] {processor.py:840} INFO - DAG(s) 'workshop_etl_3' retrieved from /opt/airflow/dags/dag.py
[2026-05-13T11:36:40.439+0000] {logging_mixin.py:188} INFO - [2026-05-13T11:36:40.438+0000] {dag.py:3036} INFO - Sync 1 DAGs
[2026-05-13T11:36:40.456+0000] {logging_mixin.py:188} INFO - [2026-05-13T11:36:40.456+0000] {dag.py:3823} INFO - Setting next_dagrun for workshop_etl_3 to None, run_after=None
[2026-05-13T11:36:40.507+0000] {processor.py:183} INFO - Processing /opt/airflow/dags/dag.py took 1.714 seconds
[2026-05-13T11:37:10.922+0000] {processor.py:161} INFO - Started process (PID=1512) to work on /opt/airflow/dags/dag.py
[2026-05-13T11:37:10.925+0000] {processor.py:830} INFO - Processing file /opt/airflow/dags/dag.py for tasks to queue
[2026-05-13T11:37:10.927+0000] {logging_mixin.py:188} INFO - [2026-05-13T11:37:10.927+0000] {dagbag.py:538} INFO - Filling up the DagBag from /opt/airflow/dags/dag.py
[2026-05-13T11:37:12.590+0000] {processor.py:840} INFO - DAG(s) 'workshop_etl_3' retrieved from /opt/airflow/dags/dag.py
[2026-05-13T11:37:12.634+0000] {logging_mixin.py:188} INFO - [2026-05-13T11:37:12.633+0000] {dag.py:3036} INFO - Sync 1 DAGs
[2026-05-13T11:37:12.654+0000] {logging_mixin.py:188} INFO - [2026-05-13T11:37:12.654+0000] {dag.py:3823} INFO - Setting next_dagrun for workshop_etl_3 to None, run_after=None
[2026-05-13T11:37:12.704+0000] {processor.py:183} INFO - Processing /opt/airflow/dags/dag.py took 1.789 seconds
[2026-05-13T11:37:43.122+0000] {processor.py:161} INFO - Started process (PID=1530) to work on /opt/airflow/dags/dag.py
[2026-05-13T11:37:43.125+0000] {processor.py:830} INFO - Processing file /opt/airflow/dags/dag.py for tasks to queue
[2026-05-13T11:37:43.129+0000] {logging_mixin.py:188} INFO - [2026-05-13T11:37:43.128+0000] {dagbag.py:538} INFO - Filling up the DagBag from /opt/airflow/dags/dag.py
[2026-05-13T11:37:44.843+0000] {processor.py:840} INFO - DAG(s) 'workshop_etl_3' retrieved from /opt/airflow/dags/dag.py
[2026-05-13T11:37:44.892+0000] {logging_mixin.py:188} INFO - [2026-05-13T11:37:44.892+0000] {dag.py:3036} INFO - Sync 1 DAGs
[2026-05-13T11:37:44.909+0000] {logging_mixin.py:188} INFO - [2026-05-13T11:37:44.909+0000] {dag.py:3823} INFO - Setting next_dagrun for workshop_etl_3 to None, run_after=None
[2026-05-13T11:37:44.960+0000] {processor.py:183} INFO - Processing /opt/airflow/dags/dag.py took 1.845 seconds
[2026-05-13T11:38:15.373+0000] {processor.py:161} INFO - Started process (PID=1815) to work on /opt/airflow/dags/dag.py
[2026-05-13T11:38:15.376+0000] {processor.py:830} INFO - Processing file /opt/airflow/dags/dag.py for tasks to queue
[2026-05-13T11:38:15.378+0000] {logging_mixin.py:188} INFO - [2026-05-13T11:38:15.377+0000] {dagbag.py:538} INFO - Filling up the DagBag from /opt/airflow/dags/dag.py
[2026-05-13T11:38:16.714+0000] {processor.py:840} INFO - DAG(s) 'workshop_etl_3' retrieved from /opt/airflow/dags/dag.py
[2026-05-13T11:38:16.742+0000] {logging_mixin.py:188} INFO - [2026-05-13T11:38:16.741+0000] {dag.py:3036} INFO - Sync 1 DAGs
[2026-05-13T11:38:16.755+0000] {logging_mixin.py:188} INFO - [2026-05-13T11:38:16.755+0000] {dag.py:3823} INFO - Setting next_dagrun for workshop_etl_3 to None, run_after=None
[2026-05-13T11:38:16.784+0000] {processor.py:183} INFO - Processing /opt/airflow/dags/dag.py took 1.418 seconds
[2026-05-13T11:38:47.151+0000] {processor.py:161} INFO - Started process (PID=1858) to work on /opt/airflow/dags/dag.py
[2026-05-13T11:38:47.155+0000] {processor.py:830} INFO - Processing file /opt/airflow/dags/dag.py for tasks to queue
[2026-05-13T11:38:47.161+0000] {logging_mixin.py:188} INFO - [2026-05-13T11:38:47.160+0000] {dagbag.py:538} INFO - Filling up the DagBag from /opt/airflow/dags/dag.py
[2026-05-13T11:38:48.673+0000] {processor.py:840} INFO - DAG(s) 'workshop_etl_3' retrieved from /opt/airflow/dags/dag.py
[2026-05-13T11:38:48.719+0000] {logging_mixin.py:188} INFO - [2026-05-13T11:38:48.719+0000] {dag.py:3036} INFO - Sync 1 DAGs
[2026-05-13T11:38:48.739+0000] {logging_mixin.py:188} INFO - [2026-05-13T11:38:48.739+0000] {dag.py:3823} INFO - Setting next_dagrun for workshop_etl_3 to None, run_after=None
[2026-05-13T11:38:48.785+0000] {processor.py:183} INFO - Processing /opt/airflow/dags/dag.py took 1.640 seconds
[2026-05-13T11:39:19.034+0000] {processor.py:161} INFO - Started process (PID=1876) to work on /opt/airflow/dags/dag.py
[2026-05-13T11:39:19.037+0000] {processor.py:830} INFO - Processing file /opt/airflow/dags/dag.py for tasks to queue
[2026-05-13T11:39:19.040+0000] {logging_mixin.py:188} INFO - [2026-05-13T11:39:19.039+0000] {dagbag.py:538} INFO - Filling up the DagBag from /opt/airflow/dags/dag.py
[2026-05-13T11:39:20.678+0000] {processor.py:840} INFO - DAG(s) 'workshop_etl_3' retrieved from /opt/airflow/dags/dag.py
[2026-05-13T11:39:20.725+0000] {logging_mixin.py:188} INFO - [2026-05-13T11:39:20.725+0000] {dag.py:3036} INFO - Sync 1 DAGs
[2026-05-13T11:39:20.747+0000] {logging_mixin.py:188} INFO - [2026-05-13T11:39:20.747+0000] {dag.py:3823} INFO - Setting next_dagrun for workshop_etl_3 to None, run_after=None
[2026-05-13T11:39:20.806+0000] {processor.py:183} INFO - Processing /opt/airflow/dags/dag.py took 1.781 seconds
[2026-05-13T11:39:51.188+0000] {processor.py:161} INFO - Started process (PID=1894) to work on /opt/airflow/dags/dag.py
[2026-05-13T11:39:51.191+0000] {processor.py:830} INFO - Processing file /opt/airflow/dags/dag.py for tasks to queue
[2026-05-13T11:39:51.193+0000] {logging_mixin.py:188} INFO - [2026-05-13T11:39:51.192+0000] {dagbag.py:538} INFO - Filling up the DagBag from /opt/airflow/dags/dag.py
[2026-05-13T11:39:52.803+0000] {processor.py:840} INFO - DAG(s) 'workshop_etl_3' retrieved from /opt/airflow/dags/dag.py
[2026-05-13T11:39:52.846+0000] {logging_mixin.py:188} INFO - [2026-05-13T11:39:52.845+0000] {dag.py:3036} INFO - Sync 1 DAGs
[2026-05-13T11:39:52.866+0000] {logging_mixin.py:188} INFO - [2026-05-13T11:39:52.866+0000] {dag.py:3823} INFO - Setting next_dagrun for workshop_etl_3 to None, run_after=None
[2026-05-13T11:39:52.917+0000] {processor.py:183} INFO - Processing /opt/airflow/dags/dag.py took 1.736 seconds
[2026-05-13T11:40:23.275+0000] {processor.py:161} INFO - Started process (PID=1912) to work on /opt/airflow/dags/dag.py
[2026-05-13T11:40:23.276+0000] {processor.py:830} INFO - Processing file /opt/airflow/dags/dag.py for tasks to queue
[2026-05-13T11:40:23.277+0000] {logging_mixin.py:188} INFO - [2026-05-13T11:40:23.276+0000] {dagbag.py:538} INFO - Filling up the DagBag from /opt/airflow/dags/dag.py
[2026-05-13T11:40:24.153+0000] {processor.py:840} INFO - DAG(s) 'workshop_etl_3' retrieved from /opt/airflow/dags/dag.py
[2026-05-13T11:40:24.184+0000] {logging_mixin.py:188} INFO - [2026-05-13T11:40:24.184+0000] {dag.py:3036} INFO - Sync 1 DAGs
[2026-05-13T11:40:24.193+0000] {logging_mixin.py:188} INFO - [2026-05-13T11:40:24.193+0000] {dag.py:3823} INFO - Setting next_dagrun for workshop_etl_3 to None, run_after=None
[2026-05-13T11:40:24.216+0000] {processor.py:183} INFO - Processing /opt/airflow/dags/dag.py took 0.944 seconds
[2026-05-13T11:40:54.527+0000] {processor.py:161} INFO - Started process (PID=2221) to work on /opt/airflow/dags/dag.py
[2026-05-13T11:40:54.528+0000] {processor.py:830} INFO - Processing file /opt/airflow/dags/dag.py for tasks to queue
[2026-05-13T11:40:54.529+0000] {logging_mixin.py:188} INFO - [2026-05-13T11:40:54.529+0000] {dagbag.py:538} INFO - Filling up the DagBag from /opt/airflow/dags/dag.py
[2026-05-13T11:40:55.302+0000] {processor.py:840} INFO - DAG(s) 'workshop_etl_3' retrieved from /opt/airflow/dags/dag.py
[2026-05-13T11:40:55.318+0000] {logging_mixin.py:188} INFO - [2026-05-13T11:40:55.318+0000] {dag.py:3036} INFO - Sync 1 DAGs
[2026-05-13T11:40:55.327+0000] {logging_mixin.py:188} INFO - [2026-05-13T11:40:55.327+0000] {dag.py:3823} INFO - Setting next_dagrun for workshop_etl_3 to None, run_after=None
[2026-05-13T11:40:55.343+0000] {processor.py:183} INFO - Processing /opt/airflow/dags/dag.py took 0.818 seconds
[2026-05-13T11:41:25.699+0000] {processor.py:161} INFO - Started process (PID=2239) to work on /opt/airflow/dags/dag.py
[2026-05-13T11:41:25.700+0000] {processor.py:830} INFO - Processing file /opt/airflow/dags/dag.py for tasks to queue
[2026-05-13T11:41:25.701+0000] {logging_mixin.py:188} INFO - [2026-05-13T11:41:25.701+0000] {dagbag.py:538} INFO - Filling up the DagBag from /opt/airflow/dags/dag.py
[2026-05-13T11:41:26.443+0000] {processor.py:840} INFO - DAG(s) 'workshop_etl_3' retrieved from /opt/airflow/dags/dag.py
[2026-05-13T11:41:26.459+0000] {logging_mixin.py:188} INFO - [2026-05-13T11:41:26.459+0000] {dag.py:3036} INFO - Sync 1 DAGs
[2026-05-13T11:41:26.467+0000] {logging_mixin.py:188} INFO - [2026-05-13T11:41:26.467+0000] {dag.py:3823} INFO - Setting next_dagrun for workshop_etl_3 to None, run_after=None
[2026-05-13T11:41:26.486+0000] {processor.py:183} INFO - Processing /opt/airflow/dags/dag.py took 0.791 seconds
[2026-05-13T11:41:56.554+0000] {processor.py:161} INFO - Started process (PID=2257) to work on /opt/airflow/dags/dag.py
[2026-05-13T11:41:56.555+0000] {processor.py:830} INFO - Processing file /opt/airflow/dags/dag.py for tasks to queue
[2026-05-13T11:41:56.556+0000] {logging_mixin.py:188} INFO - [2026-05-13T11:41:56.556+0000] {dagbag.py:538} INFO - Filling up the DagBag from /opt/airflow/dags/dag.py
[2026-05-13T11:41:57.426+0000] {processor.py:840} INFO - DAG(s) 'workshop_etl_3' retrieved from /opt/airflow/dags/dag.py
[2026-05-13T11:41:57.441+0000] {logging_mixin.py:188} INFO - [2026-05-13T11:41:57.441+0000] {dag.py:3036} INFO - Sync 1 DAGs
[2026-05-13T11:41:57.449+0000] {logging_mixin.py:188} INFO - [2026-05-13T11:41:57.449+0000] {dag.py:3823} INFO - Setting next_dagrun for workshop_etl_3 to None, run_after=None
[2026-05-13T11:41:57.465+0000] {processor.py:183} INFO - Processing /opt/airflow/dags/dag.py took 0.914 seconds
[2026-05-13T11:42:27.803+0000] {processor.py:161} INFO - Started process (PID=2275) to work on /opt/airflow/dags/dag.py
[2026-05-13T11:42:27.805+0000] {processor.py:830} INFO - Processing file /opt/airflow/dags/dag.py for tasks to queue
[2026-05-13T11:42:27.806+0000] {logging_mixin.py:188} INFO - [2026-05-13T11:42:27.805+0000] {dagbag.py:538} INFO - Filling up the DagBag from /opt/airflow/dags/dag.py
[2026-05-13T11:42:28.561+0000] {processor.py:840} INFO - DAG(s) 'workshop_etl_3' retrieved from /opt/airflow/dags/dag.py
[2026-05-13T11:42:28.578+0000] {logging_mixin.py:188} INFO - [2026-05-13T11:42:28.578+0000] {dag.py:3036} INFO - Sync 1 DAGs
[2026-05-13T11:42:28.587+0000] {logging_mixin.py:188} INFO - [2026-05-13T11:42:28.587+0000] {dag.py:3823} INFO - Setting next_dagrun for workshop_etl_3 to None, run_after=None
[2026-05-13T11:42:28.605+0000] {processor.py:183} INFO - Processing /opt/airflow/dags/dag.py took 0.805 seconds
[2026-05-13T11:42:58.895+0000] {processor.py:161} INFO - Started process (PID=2293) to work on /opt/airflow/dags/dag.py
[2026-05-13T11:42:58.896+0000] {processor.py:830} INFO - Processing file /opt/airflow/dags/dag.py for tasks to queue
[2026-05-13T11:42:58.897+0000] {logging_mixin.py:188} INFO - [2026-05-13T11:42:58.897+0000] {dagbag.py:538} INFO - Filling up the DagBag from /opt/airflow/dags/dag.py
[2026-05-13T11:42:59.678+0000] {processor.py:840} INFO - DAG(s) 'workshop_etl_3' retrieved from /opt/airflow/dags/dag.py
[2026-05-13T11:42:59.695+0000] {logging_mixin.py:188} INFO - [2026-05-13T11:42:59.694+0000] {dag.py:3036} INFO - Sync 1 DAGs
[2026-05-13T11:42:59.703+0000] {logging_mixin.py:188} INFO - [2026-05-13T11:42:59.703+0000] {dag.py:3823} INFO - Setting next_dagrun for workshop_etl_3 to None, run_after=None
[2026-05-13T11:42:59.724+0000] {processor.py:183} INFO - Processing /opt/airflow/dags/dag.py took 0.831 seconds
[2026-05-13T11:43:30.069+0000] {processor.py:161} INFO - Started process (PID=2590) to work on /opt/airflow/dags/dag.py
[2026-05-13T11:43:30.070+0000] {processor.py:830} INFO - Processing file /opt/airflow/dags/dag.py for tasks to queue
[2026-05-13T11:43:30.072+0000] {logging_mixin.py:188} INFO - [2026-05-13T11:43:30.071+0000] {dagbag.py:538} INFO - Filling up the DagBag from /opt/airflow/dags/dag.py
[2026-05-13T11:43:30.870+0000] {processor.py:840} INFO - DAG(s) 'workshop_etl_3' retrieved from /opt/airflow/dags/dag.py
[2026-05-13T11:43:30.888+0000] {logging_mixin.py:188} INFO - [2026-05-13T11:43:30.888+0000] {dag.py:3036} INFO - Sync 1 DAGs
[2026-05-13T11:43:30.896+0000] {logging_mixin.py:188} INFO - [2026-05-13T11:43:30.896+0000] {dag.py:3823} INFO - Setting next_dagrun for workshop_etl_3 to None, run_after=None
[2026-05-13T11:43:30.915+0000] {processor.py:183} INFO - Processing /opt/airflow/dags/dag.py took 0.850 seconds
[2026-05-13T11:44:01.279+0000] {processor.py:161} INFO - Started process (PID=2621) to work on /opt/airflow/dags/dag.py
[2026-05-13T11:44:01.280+0000] {processor.py:830} INFO - Processing file /opt/airflow/dags/dag.py for tasks to queue
[2026-05-13T11:44:01.281+0000] {logging_mixin.py:188} INFO - [2026-05-13T11:44:01.281+0000] {dagbag.py:538} INFO - Filling up the DagBag from /opt/airflow/dags/dag.py
[2026-05-13T11:44:02.013+0000] {processor.py:840} INFO - DAG(s) 'workshop_etl_3' retrieved from /opt/airflow/dags/dag.py
[2026-05-13T11:44:02.030+0000] {logging_mixin.py:188} INFO - [2026-05-13T11:44:02.030+0000] {dag.py:3036} INFO - Sync 1 DAGs
[2026-05-13T11:44:02.038+0000] {logging_mixin.py:188} INFO - [2026-05-13T11:44:02.038+0000] {dag.py:3823} INFO - Setting next_dagrun for workshop_etl_3 to None, run_after=None
[2026-05-13T11:44:02.056+0000] {processor.py:183} INFO - Processing /opt/airflow/dags/dag.py took 0.780 seconds
[2026-05-13T11:44:32.391+0000] {processor.py:161} INFO - Started process (PID=2639) to work on /opt/airflow/dags/dag.py
[2026-05-13T11:44:32.392+0000] {processor.py:830} INFO - Processing file /opt/airflow/dags/dag.py for tasks to queue
[2026-05-13T11:44:32.393+0000] {logging_mixin.py:188} INFO - [2026-05-13T11:44:32.393+0000] {dagbag.py:538} INFO - Filling up the DagBag from /opt/airflow/dags/dag.py
[2026-05-13T11:44:33.143+0000] {processor.py:840} INFO - DAG(s) 'workshop_etl_3' retrieved from /opt/airflow/dags/dag.py
[2026-05-13T11:44:33.162+0000] {logging_mixin.py:188} INFO - [2026-05-13T11:44:33.161+0000] {dag.py:3036} INFO - Sync 1 DAGs
[2026-05-13T11:44:33.169+0000] {logging_mixin.py:188} INFO - [2026-05-13T11:44:33.169+0000] {dag.py:3823} INFO - Setting next_dagrun for workshop_etl_3 to None, run_after=None
[2026-05-13T11:44:33.191+0000] {processor.py:183} INFO - Processing /opt/airflow/dags/dag.py took 0.803 seconds
[2026-05-13T11:45:03.533+0000] {processor.py:161} INFO - Started process (PID=2657) to work on /opt/airflow/dags/dag.py
[2026-05-13T11:45:03.535+0000] {processor.py:830} INFO - Processing file /opt/airflow/dags/dag.py for tasks to queue
[2026-05-13T11:45:03.536+0000] {logging_mixin.py:188} INFO - [2026-05-13T11:45:03.536+0000] {dagbag.py:538} INFO - Filling up the DagBag from /opt/airflow/dags/dag.py
[2026-05-13T11:45:04.332+0000] {processor.py:840} INFO - DAG(s) 'workshop_etl_3' retrieved from /opt/airflow/dags/dag.py
[2026-05-13T11:45:04.353+0000] {logging_mixin.py:188} INFO - [2026-05-13T11:45:04.352+0000] {dag.py:3036} INFO - Sync 1 DAGs
[2026-05-13T11:45:04.361+0000] {logging_mixin.py:188} INFO - [2026-05-13T11:45:04.361+0000] {dag.py:3823} INFO - Setting next_dagrun for workshop_etl_3 to None, run_after=None
[2026-05-13T11:45:04.383+0000] {processor.py:183} INFO - Processing /opt/airflow/dags/dag.py took 0.853 seconds
[2026-05-13T11:45:34.533+0000] {processor.py:161} INFO - Started process (PID=2675) to work on /opt/airflow/dags/dag.py
[2026-05-13T11:45:34.534+0000] {processor.py:830} INFO - Processing file /opt/airflow/dags/dag.py for tasks to queue
[2026-05-13T11:45:34.535+0000] {logging_mixin.py:188} INFO - [2026-05-13T11:45:34.535+0000] {dagbag.py:538} INFO - Filling up the DagBag from /opt/airflow/dags/dag.py
[2026-05-13T11:45:35.261+0000] {processor.py:840} INFO - DAG(s) 'workshop_etl_3' retrieved from /opt/airflow/dags/dag.py
[2026-05-13T11:45:35.279+0000] {logging_mixin.py:188} INFO - [2026-05-13T11:45:35.278+0000] {dag.py:3036} INFO - Sync 1 DAGs
[2026-05-13T11:45:35.287+0000] {logging_mixin.py:188} INFO - [2026-05-13T11:45:35.286+0000] {dag.py:3823} INFO - Setting next_dagrun for workshop_etl_3 to None, run_after=None
[2026-05-13T11:45:35.305+0000] {processor.py:183} INFO - Processing /opt/airflow/dags/dag.py took 0.775 seconds
[2026-05-13T11:46:05.605+0000] {processor.py:161} INFO - Started process (PID=2985) to work on /opt/airflow/dags/dag.py
[2026-05-13T11:46:05.606+0000] {processor.py:830} INFO - Processing file /opt/airflow/dags/dag.py for tasks to queue
[2026-05-13T11:46:05.607+0000] {logging_mixin.py:188} INFO - [2026-05-13T11:46:05.607+0000] {dagbag.py:538} INFO - Filling up the DagBag from /opt/airflow/dags/dag.py
[2026-05-13T11:46:06.422+0000] {processor.py:840} INFO - DAG(s) 'workshop_etl_3' retrieved from /opt/airflow/dags/dag.py
[2026-05-13T11:46:06.441+0000] {logging_mixin.py:188} INFO - [2026-05-13T11:46:06.440+0000] {dag.py:3036} INFO - Sync 1 DAGs
[2026-05-13T11:46:06.448+0000] {logging_mixin.py:188} INFO - [2026-05-13T11:46:06.448+0000] {dag.py:3823} INFO - Setting next_dagrun for workshop_etl_3 to None, run_after=None
[2026-05-13T11:46:06.467+0000] {processor.py:183} INFO - Processing /opt/airflow/dags/dag.py took 0.865 seconds
[2026-05-13T11:46:36.779+0000] {processor.py:161} INFO - Started process (PID=3003) to work on /opt/airflow/dags/dag.py
[2026-05-13T11:46:36.780+0000] {processor.py:830} INFO - Processing file /opt/airflow/dags/dag.py for tasks to queue
[2026-05-13T11:46:36.781+0000] {logging_mixin.py:188} INFO - [2026-05-13T11:46:36.781+0000] {dagbag.py:538} INFO - Filling up the DagBag from /opt/airflow/dags/dag.py
[2026-05-13T11:46:37.663+0000] {processor.py:840} INFO - DAG(s) 'workshop_etl_3' retrieved from /opt/airflow/dags/dag.py
[2026-05-13T11:46:37.679+0000] {logging_mixin.py:188} INFO - [2026-05-13T11:46:37.678+0000] {dag.py:3036} INFO - Sync 1 DAGs
[2026-05-13T11:46:37.687+0000] {logging_mixin.py:188} INFO - [2026-05-13T11:46:37.686+0000] {dag.py:3823} INFO - Setting next_dagrun for workshop_etl_3 to None, run_after=None
[2026-05-13T11:46:37.706+0000] {processor.py:183} INFO - Processing /opt/airflow/dags/dag.py took 0.931 seconds
[2026-05-13T11:47:08.059+0000] {processor.py:161} INFO - Started process (PID=3021) to work on /opt/airflow/dags/dag.py
[2026-05-13T11:47:08.060+0000] {processor.py:830} INFO - Processing file /opt/airflow/dags/dag.py for tasks to queue
[2026-05-13T11:47:08.062+0000] {logging_mixin.py:188} INFO - [2026-05-13T11:47:08.061+0000] {dagbag.py:538} INFO - Filling up the DagBag from /opt/airflow/dags/dag.py
[2026-05-13T11:47:08.818+0000] {processor.py:840} INFO - DAG(s) 'workshop_etl_3' retrieved from /opt/airflow/dags/dag.py
[2026-05-13T11:47:08.837+0000] {logging_mixin.py:188} INFO - [2026-05-13T11:47:08.837+0000] {dag.py:3036} INFO - Sync 1 DAGs
[2026-05-13T11:47:08.845+0000] {logging_mixin.py:188} INFO - [2026-05-13T11:47:08.845+0000] {dag.py:3823} INFO - Setting next_dagrun for workshop_etl_3 to None, run_after=None
[2026-05-13T11:47:08.865+0000] {processor.py:183} INFO - Processing /opt/airflow/dags/dag.py took 0.812 seconds
[2026-05-13T11:47:39.175+0000] {processor.py:161} INFO - Started process (PID=3039) to work on /opt/airflow/dags/dag.py
[2026-05-13T11:47:39.177+0000] {processor.py:830} INFO - Processing file /opt/airflow/dags/dag.py for tasks to queue
[2026-05-13T11:47:39.178+0000] {logging_mixin.py:188} INFO - [2026-05-13T11:47:39.177+0000] {dagbag.py:538} INFO - Filling up the DagBag from /opt/airflow/dags/dag.py
[2026-05-13T11:47:39.997+0000] {processor.py:840} INFO - DAG(s) 'workshop_etl_3' retrieved from /opt/airflow/dags/dag.py
[2026-05-13T11:47:40.018+0000] {logging_mixin.py:188} INFO - [2026-05-13T11:47:40.017+0000] {dag.py:3036} INFO - Sync 1 DAGs
[2026-05-13T11:47:40.026+0000] {logging_mixin.py:188} INFO - [2026-05-13T11:47:40.026+0000] {dag.py:3823} INFO - Setting next_dagrun for workshop_etl_3 to None, run_after=None
[2026-05-13T11:47:40.046+0000] {processor.py:183} INFO - Processing /opt/airflow/dags/dag.py took 0.874 seconds
[2026-05-13T11:48:10.331+0000] {processor.py:161} INFO - Started process (PID=3057) to work on /opt/airflow/dags/dag.py
[2026-05-13T11:48:10.332+0000] {processor.py:830} INFO - Processing file /opt/airflow/dags/dag.py for tasks to queue
[2026-05-13T11:48:10.333+0000] {logging_mixin.py:188} INFO - [2026-05-13T11:48:10.333+0000] {dagbag.py:538} INFO - Filling up the DagBag from /opt/airflow/dags/dag.py
[2026-05-13T11:48:11.274+0000] {processor.py:840} INFO - DAG(s) 'workshop_etl_3' retrieved from /opt/airflow/dags/dag.py
[2026-05-13T11:48:11.292+0000] {logging_mixin.py:188} INFO - [2026-05-13T11:48:11.292+0000] {dag.py:3036} INFO - Sync 1 DAGs
[2026-05-13T11:48:11.301+0000] {logging_mixin.py:188} INFO - [2026-05-13T11:48:11.301+0000] {dag.py:3823} INFO - Setting next_dagrun for workshop_etl_3 to None, run_after=None
[2026-05-13T11:48:11.326+0000] {processor.py:183} INFO - Processing /opt/airflow/dags/dag.py took 0.999 seconds
[2026-05-13T11:48:41.679+0000] {processor.py:161} INFO - Started process (PID=3075) to work on /opt/airflow/dags/dag.py
[2026-05-13T11:48:41.680+0000] {processor.py:830} INFO - Processing file /opt/airflow/dags/dag.py for tasks to queue
[2026-05-13T11:48:41.681+0000] {logging_mixin.py:188} INFO - [2026-05-13T11:48:41.681+0000] {dagbag.py:538} INFO - Filling up the DagBag from /opt/airflow/dags/dag.py
[2026-05-13T11:48:42.421+0000] {processor.py:840} INFO - DAG(s) 'workshop_etl_3' retrieved from /opt/airflow/dags/dag.py
[2026-05-13T11:48:42.438+0000] {logging_mixin.py:188} INFO - [2026-05-13T11:48:42.438+0000] {dag.py:3036} INFO - Sync 1 DAGs
[2026-05-13T11:48:42.446+0000] {logging_mixin.py:188} INFO - [2026-05-13T11:48:42.446+0000] {dag.py:3823} INFO - Setting next_dagrun for workshop_etl_3 to None, run_after=None
[2026-05-13T11:48:42.465+0000] {processor.py:183} INFO - Processing /opt/airflow/dags/dag.py took 0.788 seconds
[2026-05-13T11:49:12.789+0000] {processor.py:161} INFO - Started process (PID=3093) to work on /opt/airflow/dags/dag.py
[2026-05-13T11:49:12.790+0000] {processor.py:830} INFO - Processing file /opt/airflow/dags/dag.py for tasks to queue
[2026-05-13T11:49:12.791+0000] {logging_mixin.py:188} INFO - [2026-05-13T11:49:12.790+0000] {dagbag.py:538} INFO - Filling up the DagBag from /opt/airflow/dags/dag.py
[2026-05-13T11:49:13.580+0000] {processor.py:840} INFO - DAG(s) 'workshop_etl_3' retrieved from /opt/airflow/dags/dag.py
[2026-05-13T11:49:13.601+0000] {logging_mixin.py:188} INFO - [2026-05-13T11:49:13.600+0000] {dag.py:3036} INFO - Sync 1 DAGs
[2026-05-13T11:49:13.609+0000] {logging_mixin.py:188} INFO - [2026-05-13T11:49:13.609+0000] {dag.py:3823} INFO - Setting next_dagrun for workshop_etl_3 to None, run_after=None
[2026-05-13T11:49:13.631+0000] {processor.py:183} INFO - Processing /opt/airflow/dags/dag.py took 0.845 seconds
[2026-05-13T11:49:43.940+0000] {processor.py:161} INFO - Started process (PID=3111) to work on /opt/airflow/dags/dag.py
[2026-05-13T11:49:43.941+0000] {processor.py:830} INFO - Processing file /opt/airflow/dags/dag.py for tasks to queue
[2026-05-13T11:49:43.942+0000] {logging_mixin.py:188} INFO - [2026-05-13T11:49:43.942+0000] {dagbag.py:538} INFO - Filling up the DagBag from /opt/airflow/dags/dag.py
[2026-05-13T11:49:44.715+0000] {processor.py:840} INFO - DAG(s) 'workshop_etl_3' retrieved from /opt/airflow/dags/dag.py
[2026-05-13T11:49:44.731+0000] {logging_mixin.py:188} INFO - [2026-05-13T11:49:44.731+0000] {dag.py:3036} INFO - Sync 1 DAGs
[2026-05-13T11:49:44.739+0000] {logging_mixin.py:188} INFO - [2026-05-13T11:49:44.739+0000] {dag.py:3823} INFO - Setting next_dagrun for workshop_etl_3 to None, run_after=None
[2026-05-13T11:49:44.758+0000] {processor.py:183} INFO - Processing /opt/airflow/dags/dag.py took 0.823 seconds
[2026-05-13T11:50:15.068+0000] {processor.py:161} INFO - Started process (PID=3129) to work on /opt/airflow/dags/dag.py
[2026-05-13T11:50:15.069+0000] {processor.py:830} INFO - Processing file /opt/airflow/dags/dag.py for tasks to queue
[2026-05-13T11:50:15.070+0000] {logging_mixin.py:188} INFO - [2026-05-13T11:50:15.070+0000] {dagbag.py:538} INFO - Filling up the DagBag from /opt/airflow/dags/dag.py
[2026-05-13T11:50:15.831+0000] {processor.py:840} INFO - DAG(s) 'workshop_etl_3' retrieved from /opt/airflow/dags/dag.py
[2026-05-13T11:50:15.850+0000] {logging_mixin.py:188} INFO - [2026-05-13T11:50:15.849+0000] {dag.py:3036} INFO - Sync 1 DAGs
[2026-05-13T11:50:15.858+0000] {logging_mixin.py:188} INFO - [2026-05-13T11:50:15.858+0000] {dag.py:3823} INFO - Setting next_dagrun for workshop_etl_3 to None, run_after=None
[2026-05-13T11:50:15.879+0000] {processor.py:183} INFO - Processing /opt/airflow/dags/dag.py took 0.814 seconds
[2026-05-13T11:50:46.213+0000] {processor.py:161} INFO - Started process (PID=3147) to work on /opt/airflow/dags/dag.py
[2026-05-13T11:50:46.215+0000] {processor.py:830} INFO - Processing file /opt/airflow/dags/dag.py for tasks to queue
[2026-05-13T11:50:46.216+0000] {logging_mixin.py:188} INFO - [2026-05-13T11:50:46.216+0000] {dagbag.py:538} INFO - Filling up the DagBag from /opt/airflow/dags/dag.py
[2026-05-13T11:50:46.971+0000] {processor.py:840} INFO - DAG(s) 'workshop_etl_3' retrieved from /opt/airflow/dags/dag.py
[2026-05-13T11:50:46.990+0000] {logging_mixin.py:188} INFO - [2026-05-13T11:50:46.989+0000] {dag.py:3036} INFO - Sync 1 DAGs
[2026-05-13T11:50:46.999+0000] {logging_mixin.py:188} INFO - [2026-05-13T11:50:46.998+0000] {dag.py:3823} INFO - Setting next_dagrun for workshop_etl_3 to None, run_after=None
[2026-05-13T11:50:47.020+0000] {processor.py:183} INFO - Processing /opt/airflow/dags/dag.py took 0.810 seconds
[2026-05-13T11:51:17.354+0000] {processor.py:161} INFO - Started process (PID=3165) to work on /opt/airflow/dags/dag.py
[2026-05-13T11:51:17.355+0000] {processor.py:830} INFO - Processing file /opt/airflow/dags/dag.py for tasks to queue
[2026-05-13T11:51:17.356+0000] {logging_mixin.py:188} INFO - [2026-05-13T11:51:17.355+0000] {dagbag.py:538} INFO - Filling up the DagBag from /opt/airflow/dags/dag.py
[2026-05-13T11:51:18.144+0000] {processor.py:840} INFO - DAG(s) 'workshop_etl_3' retrieved from /opt/airflow/dags/dag.py
[2026-05-13T11:51:18.160+0000] {logging_mixin.py:188} INFO - [2026-05-13T11:51:18.159+0000] {dag.py:3036} INFO - Sync 1 DAGs
[2026-05-13T11:51:18.168+0000] {logging_mixin.py:188} INFO - [2026-05-13T11:51:18.168+0000] {dag.py:3823} INFO - Setting next_dagrun for workshop_etl_3 to None, run_after=None
[2026-05-13T11:51:18.188+0000] {processor.py:183} INFO - Processing /opt/airflow/dags/dag.py took 0.837 seconds
[2026-05-13T11:51:48.303+0000] {processor.py:161} INFO - Started process (PID=3183) to work on /opt/airflow/dags/dag.py
[2026-05-13T11:51:48.304+0000] {processor.py:830} INFO - Processing file /opt/airflow/dags/dag.py for tasks to queue
[2026-05-13T11:51:48.305+0000] {logging_mixin.py:188} INFO - [2026-05-13T11:51:48.305+0000] {dagbag.py:538} INFO - Filling up the DagBag from /opt/airflow/dags/dag.py
[2026-05-13T11:51:49.106+0000] {processor.py:840} INFO - DAG(s) 'workshop_etl_3' retrieved from /opt/airflow/dags/dag.py
[2026-05-13T11:51:49.124+0000] {logging_mixin.py:188} INFO - [2026-05-13T11:51:49.124+0000] {dag.py:3036} INFO - Sync 1 DAGs
[2026-05-13T11:51:49.132+0000] {logging_mixin.py:188} INFO - [2026-05-13T11:51:49.132+0000] {dag.py:3823} INFO - Setting next_dagrun for workshop_etl_3 to None, run_after=None
[2026-05-13T11:51:49.149+0000] {processor.py:183} INFO - Processing /opt/airflow/dags/dag.py took 0.849 seconds
[2026-05-13T11:52:19.494+0000] {processor.py:161} INFO - Started process (PID=3201) to work on /opt/airflow/dags/dag.py
[2026-05-13T11:52:19.495+0000] {processor.py:830} INFO - Processing file /opt/airflow/dags/dag.py for tasks to queue
[2026-05-13T11:52:19.495+0000] {logging_mixin.py:188} INFO - [2026-05-13T11:52:19.495+0000] {dagbag.py:538} INFO - Filling up the DagBag from /opt/airflow/dags/dag.py
[2026-05-13T11:52:20.283+0000] {processor.py:840} INFO - DAG(s) 'workshop_etl_3' retrieved from /opt/airflow/dags/dag.py
[2026-05-13T11:52:20.305+0000] {logging_mixin.py:188} INFO - [2026-05-13T11:52:20.305+0000] {dag.py:3036} INFO - Sync 1 DAGs
[2026-05-13T11:52:20.313+0000] {logging_mixin.py:188} INFO - [2026-05-13T11:52:20.313+0000] {dag.py:3823} INFO - Setting next_dagrun for workshop_etl_3 to None, run_after=None
[2026-05-13T11:52:20.334+0000] {processor.py:183} INFO - Processing /opt/airflow/dags/dag.py took 0.844 seconds
[2026-05-13T11:52:50.660+0000] {processor.py:161} INFO - Started process (PID=3219) to work on /opt/airflow/dags/dag.py
[2026-05-13T11:52:50.662+0000] {processor.py:830} INFO - Processing file /opt/airflow/dags/dag.py for tasks to queue
[2026-05-13T11:52:50.664+0000] {logging_mixin.py:188} INFO - [2026-05-13T11:52:50.663+0000] {dagbag.py:538} INFO - Filling up the DagBag from /opt/airflow/dags/dag.py
[2026-05-13T11:52:51.469+0000] {processor.py:840} INFO - DAG(s) 'workshop_etl_3' retrieved from /opt/airflow/dags/dag.py
[2026-05-13T11:52:51.487+0000] {logging_mixin.py:188} INFO - [2026-05-13T11:52:51.487+0000] {dag.py:3036} INFO - Sync 1 DAGs
[2026-05-13T11:52:51.495+0000] {logging_mixin.py:188} INFO - [2026-05-13T11:52:51.494+0000] {dag.py:3823} INFO - Setting next_dagrun for workshop_etl_3 to None, run_after=None
[2026-05-13T11:52:51.517+0000] {processor.py:183} INFO - Processing /opt/airflow/dags/dag.py took 0.861 seconds
[2026-05-13T11:53:21.869+0000] {processor.py:161} INFO - Started process (PID=3237) to work on /opt/airflow/dags/dag.py
[2026-05-13T11:53:21.871+0000] {processor.py:830} INFO - Processing file /opt/airflow/dags/dag.py for tasks to queue
[2026-05-13T11:53:21.872+0000] {logging_mixin.py:188} INFO - [2026-05-13T11:53:21.872+0000] {dagbag.py:538} INFO - Filling up the DagBag from /opt/airflow/dags/dag.py
[2026-05-13T11:53:22.690+0000] {processor.py:840} INFO - DAG(s) 'workshop_etl_3' retrieved from /opt/airflow/dags/dag.py
[2026-05-13T11:53:22.710+0000] {logging_mixin.py:188} INFO - [2026-05-13T11:53:22.710+0000] {dag.py:3036} INFO - Sync 1 DAGs
[2026-05-13T11:53:22.718+0000] {logging_mixin.py:188} INFO - [2026-05-13T11:53:22.718+0000] {dag.py:3823} INFO - Setting next_dagrun for workshop_etl_3 to None, run_after=None
[2026-05-13T11:53:22.743+0000] {processor.py:183} INFO - Processing /opt/airflow/dags/dag.py took 0.878 seconds
[2026-05-13T11:54:26.301+0000] {processor.py:161} INFO - Started process (PID=168) to work on /opt/airflow/dags/dag.py
[2026-05-13T11:54:26.303+0000] {processor.py:830} INFO - Processing file /opt/airflow/dags/dag.py for tasks to queue
[2026-05-13T11:54:26.305+0000] {logging_mixin.py:188} INFO - [2026-05-13T11:54:26.304+0000] {dagbag.py:538} INFO - Filling up the DagBag from /opt/airflow/dags/dag.py
[2026-05-13T11:54:27.819+0000] {processor.py:840} INFO - DAG(s) 'workshop_etl_3' retrieved from /opt/airflow/dags/dag.py
[2026-05-13T11:54:27.834+0000] {logging_mixin.py:188} INFO - [2026-05-13T11:54:27.834+0000] {dag.py:3036} INFO - Sync 1 DAGs
[2026-05-13T11:54:27.844+0000] {logging_mixin.py:188} INFO - [2026-05-13T11:54:27.843+0000] {dag.py:3823} INFO - Setting next_dagrun for workshop_etl_3 to None, run_after=None
[2026-05-13T11:54:27.865+0000] {processor.py:183} INFO - Processing /opt/airflow/dags/dag.py took 1.570 seconds
[2026-05-13T11:54:58.164+0000] {processor.py:161} INFO - Started process (PID=186) to work on /opt/airflow/dags/dag.py
[2026-05-13T11:54:58.165+0000] {processor.py:830} INFO - Processing file /opt/airflow/dags/dag.py for tasks to queue
[2026-05-13T11:54:58.166+0000] {logging_mixin.py:188} INFO - [2026-05-13T11:54:58.166+0000] {dagbag.py:538} INFO - Filling up the DagBag from /opt/airflow/dags/dag.py
[2026-05-13T11:54:59.326+0000] {processor.py:840} INFO - DAG(s) 'workshop_etl_3' retrieved from /opt/airflow/dags/dag.py
[2026-05-13T11:54:59.599+0000] {logging_mixin.py:188} INFO - [2026-05-13T11:54:59.599+0000] {dag.py:3036} INFO - Sync 1 DAGs
[2026-05-13T11:54:59.615+0000] {logging_mixin.py:188} INFO - [2026-05-13T11:54:59.614+0000] {dag.py:3823} INFO - Setting next_dagrun for workshop_etl_3 to None, run_after=None
[2026-05-13T11:54:59.654+0000] {processor.py:183} INFO - Processing /opt/airflow/dags/dag.py took 1.494 seconds
[2026-05-13T11:55:29.922+0000] {processor.py:161} INFO - Started process (PID=496) to work on /opt/airflow/dags/dag.py
[2026-05-13T11:55:29.924+0000] {processor.py:830} INFO - Processing file /opt/airflow/dags/dag.py for tasks to queue
[2026-05-13T11:55:29.925+0000] {logging_mixin.py:188} INFO - [2026-05-13T11:55:29.925+0000] {dagbag.py:538} INFO - Filling up the DagBag from /opt/airflow/dags/dag.py
[2026-05-13T11:55:30.916+0000] {processor.py:840} INFO - DAG(s) 'workshop_etl_3' retrieved from /opt/airflow/dags/dag.py
[2026-05-13T11:55:30.934+0000] {logging_mixin.py:188} INFO - [2026-05-13T11:55:30.933+0000] {dag.py:3036} INFO - Sync 1 DAGs
[2026-05-13T11:55:30.942+0000] {logging_mixin.py:188} INFO - [2026-05-13T11:55:30.942+0000] {dag.py:3823} INFO - Setting next_dagrun for workshop_etl_3 to None, run_after=None
[2026-05-13T11:55:30.961+0000] {processor.py:183} INFO - Processing /opt/airflow/dags/dag.py took 1.043 seconds
[2026-05-13T11:56:01.186+0000] {processor.py:161} INFO - Started process (PID=514) to work on /opt/airflow/dags/dag.py
[2026-05-13T11:56:01.187+0000] {processor.py:830} INFO - Processing file /opt/airflow/dags/dag.py for tasks to queue
[2026-05-13T11:56:01.188+0000] {logging_mixin.py:188} INFO - [2026-05-13T11:56:01.188+0000] {dagbag.py:538} INFO - Filling up the DagBag from /opt/airflow/dags/dag.py
[2026-05-13T11:56:01.996+0000] {processor.py:840} INFO - DAG(s) 'workshop_etl_3' retrieved from /opt/airflow/dags/dag.py
[2026-05-13T11:56:02.012+0000] {logging_mixin.py:188} INFO - [2026-05-13T11:56:02.012+0000] {dag.py:3036} INFO - Sync 1 DAGs
[2026-05-13T11:56:02.020+0000] {logging_mixin.py:188} INFO - [2026-05-13T11:56:02.020+0000] {dag.py:3823} INFO - Setting next_dagrun for workshop_etl_3 to None, run_after=None
[2026-05-13T11:56:02.039+0000] {processor.py:183} INFO - Processing /opt/airflow/dags/dag.py took 0.855 seconds
[2026-05-13T11:56:32.369+0000] {processor.py:161} INFO - Started process (PID=532) to work on /opt/airflow/dags/dag.py
[2026-05-13T11:56:32.370+0000] {processor.py:830} INFO - Processing file /opt/airflow/dags/dag.py for tasks to queue
[2026-05-13T11:56:32.371+0000] {logging_mixin.py:188} INFO - [2026-05-13T11:56:32.371+0000] {dagbag.py:538} INFO - Filling up the DagBag from /opt/airflow/dags/dag.py
[2026-05-13T11:56:33.128+0000] {processor.py:840} INFO - DAG(s) 'workshop_etl_3' retrieved from /opt/airflow/dags/dag.py
[2026-05-13T11:56:33.145+0000] {logging_mixin.py:188} INFO - [2026-05-13T11:56:33.145+0000] {dag.py:3036} INFO - Sync 1 DAGs
[2026-05-13T11:56:33.155+0000] {logging_mixin.py:188} INFO - [2026-05-13T11:56:33.154+0000] {dag.py:3823} INFO - Setting next_dagrun for workshop_etl_3 to None, run_after=None
[2026-05-13T11:56:33.177+0000] {processor.py:183} INFO - Processing /opt/airflow/dags/dag.py took 0.811 seconds
[2026-05-13T11:57:03.526+0000] {processor.py:161} INFO - Started process (PID=550) to work on /opt/airflow/dags/dag.py
[2026-05-13T11:57:03.528+0000] {processor.py:830} INFO - Processing file /opt/airflow/dags/dag.py for tasks to queue
[2026-05-13T11:57:03.529+0000] {logging_mixin.py:188} INFO - [2026-05-13T11:57:03.529+0000] {dagbag.py:538} INFO - Filling up the DagBag from /opt/airflow/dags/dag.py
[2026-05-13T11:57:04.380+0000] {processor.py:840} INFO - DAG(s) 'workshop_etl_3' retrieved from /opt/airflow/dags/dag.py
[2026-05-13T11:57:04.397+0000] {logging_mixin.py:188} INFO - [2026-05-13T11:57:04.397+0000] {dag.py:3036} INFO - Sync 1 DAGs
[2026-05-13T11:57:04.407+0000] {logging_mixin.py:188} INFO - [2026-05-13T11:57:04.407+0000] {dag.py:3823} INFO - Setting next_dagrun for workshop_etl_3 to None, run_after=None
[2026-05-13T11:57:04.426+0000] {processor.py:183} INFO - Processing /opt/airflow/dags/dag.py took 0.906 seconds
[2026-05-13T11:57:34.807+0000] {processor.py:161} INFO - Started process (PID=568) to work on /opt/airflow/dags/dag.py
[2026-05-13T11:57:34.809+0000] {processor.py:830} INFO - Processing file /opt/airflow/dags/dag.py for tasks to queue
[2026-05-13T11:57:34.810+0000] {logging_mixin.py:188} INFO - [2026-05-13T11:57:34.810+0000] {dagbag.py:538} INFO - Filling up the DagBag from /opt/airflow/dags/dag.py
[2026-05-13T11:57:35.534+0000] {processor.py:840} INFO - DAG(s) 'workshop_etl_3' retrieved from /opt/airflow/dags/dag.py
[2026-05-13T11:57:35.551+0000] {logging_mixin.py:188} INFO - [2026-05-13T11:57:35.550+0000] {dag.py:3036} INFO - Sync 1 DAGs
[2026-05-13T11:57:35.559+0000] {logging_mixin.py:188} INFO - [2026-05-13T11:57:35.558+0000] {dag.py:3823} INFO - Setting next_dagrun for workshop_etl_3 to None, run_after=None
[2026-05-13T11:57:35.575+0000] {processor.py:183} INFO - Processing /opt/airflow/dags/dag.py took 0.774 seconds
[2026-05-13T11:58:05.933+0000] {processor.py:161} INFO - Started process (PID=586) to work on /opt/airflow/dags/dag.py
[2026-05-13T11:58:05.934+0000] {processor.py:830} INFO - Processing file /opt/airflow/dags/dag.py for tasks to queue
[2026-05-13T11:58:05.936+0000] {logging_mixin.py:188} INFO - [2026-05-13T11:58:05.935+0000] {dagbag.py:538} INFO - Filling up the DagBag from /opt/airflow/dags/dag.py
[2026-05-13T11:58:06.746+0000] {processor.py:840} INFO - DAG(s) 'workshop_etl_3' retrieved from /opt/airflow/dags/dag.py
[2026-05-13T11:58:06.765+0000] {logging_mixin.py:188} INFO - [2026-05-13T11:58:06.765+0000] {dag.py:3036} INFO - Sync 1 DAGs
[2026-05-13T11:58:06.773+0000] {logging_mixin.py:188} INFO - [2026-05-13T11:58:06.772+0000] {dag.py:3823} INFO - Setting next_dagrun for workshop_etl_3 to None, run_after=None
[2026-05-13T11:58:06.794+0000] {processor.py:183} INFO - Processing /opt/airflow/dags/dag.py took 0.864 seconds
[2026-05-13T11:58:37.343+0000] {processor.py:161} INFO - Started process (PID=604) to work on /opt/airflow/dags/dag.py
[2026-05-13T11:58:37.345+0000] {processor.py:830} INFO - Processing file /opt/airflow/dags/dag.py for tasks to queue
[2026-05-13T11:58:37.347+0000] {logging_mixin.py:188} INFO - [2026-05-13T11:58:37.346+0000] {dagbag.py:538} INFO - Filling up the DagBag from /opt/airflow/dags/dag.py
[2026-05-13T11:58:39.287+0000] {processor.py:840} INFO - DAG(s) 'workshop_etl_3' retrieved from /opt/airflow/dags/dag.py
[2026-05-13T11:58:39.330+0000] {logging_mixin.py:188} INFO - [2026-05-13T11:58:39.329+0000] {dag.py:3036} INFO - Sync 1 DAGs
[2026-05-13T11:58:39.341+0000] {logging_mixin.py:188} INFO - [2026-05-13T11:58:39.341+0000] {dag.py:3823} INFO - Setting next_dagrun for workshop_etl_3 to None, run_after=None
[2026-05-13T11:58:39.361+0000] {processor.py:183} INFO - Processing /opt/airflow/dags/dag.py took 1.259 seconds
[2026-05-13T11:59:09.916+0000] {processor.py:161} INFO - Started process (PID=622) to work on /opt/airflow/dags/dag.py
[2026-05-13T11:59:09.919+0000] {processor.py:830} INFO - Processing file /opt/airflow/dags/dag.py for tasks to queue
[2026-05-13T11:59:09.921+0000] {logging_mixin.py:188} INFO - [2026-05-13T11:59:09.921+0000] {dagbag.py:538} INFO - Filling up the DagBag from /opt/airflow/dags/dag.py
[2026-05-13T11:59:10.938+0000] {processor.py:840} INFO - DAG(s) 'workshop_etl_3' retrieved from /opt/airflow/dags/dag.py
[2026-05-13T11:59:10.959+0000] {logging_mixin.py:188} INFO - [2026-05-13T11:59:10.959+0000] {dag.py:3036} INFO - Sync 1 DAGs
[2026-05-13T11:59:10.969+0000] {logging_mixin.py:188} INFO - [2026-05-13T11:59:10.969+0000] {dag.py:3823} INFO - Setting next_dagrun for workshop_etl_3 to None, run_after=None
[2026-05-13T11:59:11.000+0000] {processor.py:183} INFO - Processing /opt/airflow/dags/dag.py took 1.089 seconds
[2026-05-13T11:59:41.977+0000] {processor.py:161} INFO - Started process (PID=640) to work on /opt/airflow/dags/dag.py
[2026-05-13T11:59:41.978+0000] {processor.py:830} INFO - Processing file /opt/airflow/dags/dag.py for tasks to queue
[2026-05-13T11:59:41.980+0000] {logging_mixin.py:188} INFO - [2026-05-13T11:59:41.979+0000] {dagbag.py:538} INFO - Filling up the DagBag from /opt/airflow/dags/dag.py
[2026-05-13T11:59:42.906+0000] {processor.py:840} INFO - DAG(s) 'workshop_etl_3' retrieved from /opt/airflow/dags/dag.py
[2026-05-13T11:59:42.925+0000] {logging_mixin.py:188} INFO - [2026-05-13T11:59:42.925+0000] {dag.py:3036} INFO - Sync 1 DAGs
[2026-05-13T11:59:42.935+0000] {logging_mixin.py:188} INFO - [2026-05-13T11:59:42.934+0000] {dag.py:3823} INFO - Setting next_dagrun for workshop_etl_3 to None, run_after=None
[2026-05-13T11:59:42.953+0000] {processor.py:183} INFO - Processing /opt/airflow/dags/dag.py took 0.981 seconds
[2026-05-13T12:00:13.269+0000] {processor.py:161} INFO - Started process (PID=658) to work on /opt/airflow/dags/dag.py
[2026-05-13T12:00:13.272+0000] {processor.py:830} INFO - Processing file /opt/airflow/dags/dag.py for tasks to queue
[2026-05-13T12:00:13.275+0000] {logging_mixin.py:188} INFO - [2026-05-13T12:00:13.274+0000] {dagbag.py:538} INFO - Filling up the DagBag from /opt/airflow/dags/dag.py
[2026-05-13T12:00:14.273+0000] {processor.py:840} INFO - DAG(s) 'workshop_etl_3' retrieved from /opt/airflow/dags/dag.py
[2026-05-13T12:00:14.292+0000] {logging_mixin.py:188} INFO - [2026-05-13T12:00:14.291+0000] {dag.py:3036} INFO - Sync 1 DAGs
[2026-05-13T12:00:14.300+0000] {logging_mixin.py:188} INFO - [2026-05-13T12:00:14.300+0000] {dag.py:3823} INFO - Setting next_dagrun for workshop_etl_3 to None, run_after=None
[2026-05-13T12:00:14.321+0000] {processor.py:183} INFO - Processing /opt/airflow/dags/dag.py took 1.061 seconds
[2026-05-13T12:00:44.560+0000] {processor.py:161} INFO - Started process (PID=676) to work on /opt/airflow/dags/dag.py
[2026-05-13T12:00:44.562+0000] {processor.py:830} INFO - Processing file /opt/airflow/dags/dag.py for tasks to queue
[2026-05-13T12:00:44.564+0000] {logging_mixin.py:188} INFO - [2026-05-13T12:00:44.564+0000] {dagbag.py:538} INFO - Filling up the DagBag from /opt/airflow/dags/dag.py
[2026-05-13T12:00:45.390+0000] {processor.py:840} INFO - DAG(s) 'workshop_etl_3' retrieved from /opt/airflow/dags/dag.py
[2026-05-13T12:00:45.408+0000] {logging_mixin.py:188} INFO - [2026-05-13T12:00:45.408+0000] {dag.py:3036} INFO - Sync 1 DAGs
[2026-05-13T12:00:45.416+0000] {logging_mixin.py:188} INFO - [2026-05-13T12:00:45.415+0000] {dag.py:3823} INFO - Setting next_dagrun for workshop_etl_3 to None, run_after=None
[2026-05-13T12:00:45.434+0000] {processor.py:183} INFO - Processing /opt/airflow/dags/dag.py took 0.879 seconds
[2026-05-13T12:01:15.733+0000] {processor.py:161} INFO - Started process (PID=694) to work on /opt/airflow/dags/dag.py
[2026-05-13T12:01:15.735+0000] {processor.py:830} INFO - Processing file /opt/airflow/dags/dag.py for tasks to queue
[2026-05-13T12:01:15.736+0000] {logging_mixin.py:188} INFO - [2026-05-13T12:01:15.736+0000] {dagbag.py:538} INFO - Filling up the DagBag from /opt/airflow/dags/dag.py
[2026-05-13T12:01:16.497+0000] {processor.py:840} INFO - DAG(s) 'workshop_etl_3' retrieved from /opt/airflow/dags/dag.py
[2026-05-13T12:01:16.516+0000] {logging_mixin.py:188} INFO - [2026-05-13T12:01:16.516+0000] {dag.py:3036} INFO - Sync 1 DAGs
[2026-05-13T12:01:16.525+0000] {logging_mixin.py:188} INFO - [2026-05-13T12:01:16.525+0000] {dag.py:3823} INFO - Setting next_dagrun for workshop_etl_3 to None, run_after=None
[2026-05-13T12:01:16.544+0000] {processor.py:183} INFO - Processing /opt/airflow/dags/dag.py took 0.813 seconds
[2026-05-13T12:01:46.897+0000] {processor.py:161} INFO - Started process (PID=712) to work on /opt/airflow/dags/dag.py
[2026-05-13T12:01:46.898+0000] {processor.py:830} INFO - Processing file /opt/airflow/dags/dag.py for tasks to queue
[2026-05-13T12:01:46.899+0000] {logging_mixin.py:188} INFO - [2026-05-13T12:01:46.899+0000] {dagbag.py:538} INFO - Filling up the DagBag from /opt/airflow/dags/dag.py
[2026-05-13T12:01:47.850+0000] {processor.py:840} INFO - DAG(s) 'workshop_etl_3' retrieved from /opt/airflow/dags/dag.py
[2026-05-13T12:01:47.880+0000] {logging_mixin.py:188} INFO - [2026-05-13T12:01:47.879+0000] {dag.py:3036} INFO - Sync 1 DAGs
[2026-05-13T12:01:47.891+0000] {logging_mixin.py:188} INFO - [2026-05-13T12:01:47.891+0000] {dag.py:3823} INFO - Setting next_dagrun for workshop_etl_3 to None, run_after=None
[2026-05-13T12:01:47.916+0000] {processor.py:183} INFO - Processing /opt/airflow/dags/dag.py took 1.023 seconds
[2026-05-13T12:02:18.183+0000] {processor.py:161} INFO - Started process (PID=730) to work on /opt/airflow/dags/dag.py
[2026-05-13T12:02:18.185+0000] {processor.py:830} INFO - Processing file /opt/airflow/dags/dag.py for tasks to queue
[2026-05-13T12:02:18.188+0000] {logging_mixin.py:188} INFO - [2026-05-13T12:02:18.187+0000] {dagbag.py:538} INFO - Filling up the DagBag from /opt/airflow/dags/dag.py
[2026-05-13T12:02:19.080+0000] {processor.py:840} INFO - DAG(s) 'workshop_etl_3' retrieved from /opt/airflow/dags/dag.py
[2026-05-13T12:02:19.098+0000] {logging_mixin.py:188} INFO - [2026-05-13T12:02:19.097+0000] {dag.py:3036} INFO - Sync 1 DAGs
[2026-05-13T12:02:19.106+0000] {logging_mixin.py:188} INFO - [2026-05-13T12:02:19.106+0000] {dag.py:3823} INFO - Setting next_dagrun for workshop_etl_3 to None, run_after=None
[2026-05-13T12:02:19.126+0000] {processor.py:183} INFO - Processing /opt/airflow/dags/dag.py took 0.949 seconds
[2026-05-13T12:02:49.968+0000] {processor.py:161} INFO - Started process (PID=748) to work on /opt/airflow/dags/dag.py
[2026-05-13T12:02:49.982+0000] {processor.py:830} INFO - Processing file /opt/airflow/dags/dag.py for tasks to queue
[2026-05-13T12:02:49.989+0000] {logging_mixin.py:188} INFO - [2026-05-13T12:02:49.988+0000] {dagbag.py:538} INFO - Filling up the DagBag from /opt/airflow/dags/dag.py
[2026-05-13T12:02:52.742+0000] {processor.py:840} INFO - DAG(s) 'workshop_etl_3' retrieved from /opt/airflow/dags/dag.py
[2026-05-13T12:02:52.767+0000] {logging_mixin.py:188} INFO - [2026-05-13T12:02:52.766+0000] {dag.py:3036} INFO - Sync 1 DAGs
[2026-05-13T12:02:52.867+0000] {logging_mixin.py:188} INFO - [2026-05-13T12:02:52.867+0000] {dag.py:3823} INFO - Setting next_dagrun for workshop_etl_3 to None, run_after=None
[2026-05-13T12:02:52.989+0000] {processor.py:183} INFO - Processing /opt/airflow/dags/dag.py took 3.026 seconds
[2026-05-13T12:03:23.713+0000] {processor.py:161} INFO - Started process (PID=766) to work on /opt/airflow/dags/dag.py
[2026-05-13T12:03:23.715+0000] {processor.py:830} INFO - Processing file /opt/airflow/dags/dag.py for tasks to queue
[2026-05-13T12:03:23.716+0000] {logging_mixin.py:188} INFO - [2026-05-13T12:03:23.716+0000] {dagbag.py:538} INFO - Filling up the DagBag from /opt/airflow/dags/dag.py
[2026-05-13T12:03:25.220+0000] {processor.py:840} INFO - DAG(s) 'workshop_etl_3' retrieved from /opt/airflow/dags/dag.py
[2026-05-13T12:03:25.239+0000] {logging_mixin.py:188} INFO - [2026-05-13T12:03:25.239+0000] {dag.py:3036} INFO - Sync 1 DAGs
[2026-05-13T12:03:25.249+0000] {logging_mixin.py:188} INFO - [2026-05-13T12:03:25.249+0000] {dag.py:3823} INFO - Setting next_dagrun for workshop_etl_3 to None, run_after=None
[2026-05-13T12:03:25.269+0000] {processor.py:183} INFO - Processing /opt/airflow/dags/dag.py took 1.560 seconds
[2026-05-13T12:03:55.852+0000] {processor.py:161} INFO - Started process (PID=784) to work on /opt/airflow/dags/dag.py
[2026-05-13T12:03:55.857+0000] {processor.py:830} INFO - Processing file /opt/airflow/dags/dag.py for tasks to queue
[2026-05-13T12:03:55.859+0000] {logging_mixin.py:188} INFO - [2026-05-13T12:03:55.858+0000] {dagbag.py:538} INFO - Filling up the DagBag from /opt/airflow/dags/dag.py
[2026-05-13T12:03:56.798+0000] {processor.py:840} INFO - DAG(s) 'workshop_etl_3' retrieved from /opt/airflow/dags/dag.py
[2026-05-13T12:03:56.817+0000] {logging_mixin.py:188} INFO - [2026-05-13T12:03:56.816+0000] {dag.py:3036} INFO - Sync 1 DAGs
[2026-05-13T12:03:56.824+0000] {logging_mixin.py:188} INFO - [2026-05-13T12:03:56.824+0000] {dag.py:3823} INFO - Setting next_dagrun for workshop_etl_3 to None, run_after=None
[2026-05-13T12:03:56.844+0000] {processor.py:183} INFO - Processing /opt/airflow/dags/dag.py took 0.994 seconds
[2026-05-13T12:16:16.308+0000] {processor.py:161} INFO - Started process (PID=806) to work on /opt/airflow/dags/dag.py
[2026-05-13T12:16:16.312+0000] {processor.py:830} INFO - Processing file /opt/airflow/dags/dag.py for tasks to queue
[2026-05-13T12:16:16.315+0000] {logging_mixin.py:188} INFO - [2026-05-13T12:16:16.314+0000] {dagbag.py:538} INFO - Filling up the DagBag from /opt/airflow/dags/dag.py
[2026-05-13T12:16:18.521+0000] {processor.py:840} INFO - DAG(s) 'workshop_etl_3' retrieved from /opt/airflow/dags/dag.py
[2026-05-13T12:16:18.579+0000] {logging_mixin.py:188} INFO - [2026-05-13T12:16:18.578+0000] {dag.py:3036} INFO - Sync 1 DAGs
[2026-05-13T12:16:18.604+0000] {logging_mixin.py:188} INFO - [2026-05-13T12:16:18.603+0000] {dag.py:3823} INFO - Setting next_dagrun for workshop_etl_3 to None, run_after=None
[2026-05-13T12:16:18.658+0000] {processor.py:183} INFO - Processing /opt/airflow/dags/dag.py took 2.356 seconds
[2026-05-13T12:16:49.040+0000] {processor.py:161} INFO - Started process (PID=824) to work on /opt/airflow/dags/dag.py
[2026-05-13T12:16:49.041+0000] {processor.py:830} INFO - Processing file /opt/airflow/dags/dag.py for tasks to queue
[2026-05-13T12:16:49.043+0000] {logging_mixin.py:188} INFO - [2026-05-13T12:16:49.042+0000] {dagbag.py:538} INFO - Filling up the DagBag from /opt/airflow/dags/dag.py
[2026-05-13T12:16:50.067+0000] {processor.py:840} INFO - DAG(s) 'workshop_etl_3' retrieved from /opt/airflow/dags/dag.py
[2026-05-13T12:16:50.087+0000] {logging_mixin.py:188} INFO - [2026-05-13T12:16:50.086+0000] {dag.py:3036} INFO - Sync 1 DAGs
[2026-05-13T12:16:50.095+0000] {logging_mixin.py:188} INFO - [2026-05-13T12:16:50.094+0000] {dag.py:3823} INFO - Setting next_dagrun for workshop_etl_3 to None, run_after=None
[2026-05-13T12:16:50.114+0000] {processor.py:183} INFO - Processing /opt/airflow/dags/dag.py took 1.078 seconds
[2026-05-13T12:17:20.429+0000] {processor.py:161} INFO - Started process (PID=842) to work on /opt/airflow/dags/dag.py
[2026-05-13T12:17:20.431+0000] {processor.py:830} INFO - Processing file /opt/airflow/dags/dag.py for tasks to queue
[2026-05-13T12:17:20.433+0000] {logging_mixin.py:188} INFO - [2026-05-13T12:17:20.432+0000] {dagbag.py:538} INFO - Filling up the DagBag from /opt/airflow/dags/dag.py
[2026-05-13T12:17:21.647+0000] {processor.py:840} INFO - DAG(s) 'workshop_etl_3' retrieved from /opt/airflow/dags/dag.py
[2026-05-13T12:17:21.677+0000] {logging_mixin.py:188} INFO - [2026-05-13T12:17:21.676+0000] {dag.py:3036} INFO - Sync 1 DAGs
[2026-05-13T12:17:21.696+0000] {logging_mixin.py:188} INFO - [2026-05-13T12:17:21.696+0000] {dag.py:3823} INFO - Setting next_dagrun for workshop_etl_3 to None, run_after=None
[2026-05-13T12:17:21.721+0000] {processor.py:183} INFO - Processing /opt/airflow/dags/dag.py took 1.299 seconds
[2026-05-13T12:17:52.208+0000] {processor.py:161} INFO - Started process (PID=860) to work on /opt/airflow/dags/dag.py
[2026-05-13T12:17:52.209+0000] {processor.py:830} INFO - Processing file /opt/airflow/dags/dag.py for tasks to queue
[2026-05-13T12:17:52.210+0000] {logging_mixin.py:188} INFO - [2026-05-13T12:17:52.210+0000] {dagbag.py:538} INFO - Filling up the DagBag from /opt/airflow/dags/dag.py
[2026-05-13T12:17:53.224+0000] {processor.py:840} INFO - DAG(s) 'workshop_etl_3' retrieved from /opt/airflow/dags/dag.py
[2026-05-13T12:17:53.247+0000] {logging_mixin.py:188} INFO - [2026-05-13T12:17:53.247+0000] {dag.py:3036} INFO - Sync 1 DAGs
[2026-05-13T12:17:53.258+0000] {logging_mixin.py:188} INFO - [2026-05-13T12:17:53.258+0000] {dag.py:3823} INFO - Setting next_dagrun for workshop_etl_3 to None, run_after=None
[2026-05-13T12:17:53.280+0000] {processor.py:183} INFO - Processing /opt/airflow/dags/dag.py took 1.075 seconds
[2026-05-13T12:18:23.615+0000] {processor.py:161} INFO - Started process (PID=878) to work on /opt/airflow/dags/dag.py
[2026-05-13T12:18:23.616+0000] {processor.py:830} INFO - Processing file /opt/airflow/dags/dag.py for tasks to queue
[2026-05-13T12:18:23.617+0000] {logging_mixin.py:188} INFO - [2026-05-13T12:18:23.617+0000] {dagbag.py:538} INFO - Filling up the DagBag from /opt/airflow/dags/dag.py
[2026-05-13T12:18:24.640+0000] {processor.py:840} INFO - DAG(s) 'workshop_etl_3' retrieved from /opt/airflow/dags/dag.py
[2026-05-13T12:18:24.672+0000] {logging_mixin.py:188} INFO - [2026-05-13T12:18:24.671+0000] {dag.py:3036} INFO - Sync 1 DAGs
[2026-05-13T12:18:24.684+0000] {logging_mixin.py:188} INFO - [2026-05-13T12:18:24.684+0000] {dag.py:3823} INFO - Setting next_dagrun for workshop_etl_3 to None, run_after=None
[2026-05-13T12:18:24.712+0000] {processor.py:183} INFO - Processing /opt/airflow/dags/dag.py took 1.100 seconds
[2026-05-13T12:18:54.951+0000] {processor.py:161} INFO - Started process (PID=896) to work on /opt/airflow/dags/dag.py
[2026-05-13T12:18:54.952+0000] {processor.py:830} INFO - Processing file /opt/airflow/dags/dag.py for tasks to queue
[2026-05-13T12:18:54.953+0000] {logging_mixin.py:188} INFO - [2026-05-13T12:18:54.953+0000] {dagbag.py:538} INFO - Filling up the DagBag from /opt/airflow/dags/dag.py
[2026-05-13T12:18:55.879+0000] {processor.py:840} INFO - DAG(s) 'workshop_etl_3' retrieved from /opt/airflow/dags/dag.py
[2026-05-13T12:18:55.899+0000] {logging_mixin.py:188} INFO - [2026-05-13T12:18:55.898+0000] {dag.py:3036} INFO - Sync 1 DAGs
[2026-05-13T12:18:55.906+0000] {logging_mixin.py:188} INFO - [2026-05-13T12:18:55.906+0000] {dag.py:3823} INFO - Setting next_dagrun for workshop_etl_3 to None, run_after=None
[2026-05-13T12:18:55.927+0000] {processor.py:183} INFO - Processing /opt/airflow/dags/dag.py took 0.979 seconds
[2026-05-13T12:19:26.298+0000] {processor.py:161} INFO - Started process (PID=914) to work on /opt/airflow/dags/dag.py
[2026-05-13T12:19:26.300+0000] {processor.py:830} INFO - Processing file /opt/airflow/dags/dag.py for tasks to queue
[2026-05-13T12:19:26.301+0000] {logging_mixin.py:188} INFO - [2026-05-13T12:19:26.300+0000] {dagbag.py:538} INFO - Filling up the DagBag from /opt/airflow/dags/dag.py
[2026-05-13T12:19:27.228+0000] {processor.py:840} INFO - DAG(s) 'workshop_etl_3' retrieved from /opt/airflow/dags/dag.py
[2026-05-13T12:19:27.249+0000] {logging_mixin.py:188} INFO - [2026-05-13T12:19:27.248+0000] {dag.py:3036} INFO - Sync 1 DAGs
[2026-05-13T12:19:27.262+0000] {logging_mixin.py:188} INFO - [2026-05-13T12:19:27.262+0000] {dag.py:3823} INFO - Setting next_dagrun for workshop_etl_3 to None, run_after=None
[2026-05-13T12:19:27.286+0000] {processor.py:183} INFO - Processing /opt/airflow/dags/dag.py took 0.990 seconds
[2026-05-13T12:19:57.697+0000] {processor.py:161} INFO - Started process (PID=932) to work on /opt/airflow/dags/dag.py
[2026-05-13T12:19:57.698+0000] {processor.py:830} INFO - Processing file /opt/airflow/dags/dag.py for tasks to queue
[2026-05-13T12:19:57.700+0000] {logging_mixin.py:188} INFO - [2026-05-13T12:19:57.699+0000] {dagbag.py:538} INFO - Filling up the DagBag from /opt/airflow/dags/dag.py
[2026-05-13T12:19:58.683+0000] {processor.py:840} INFO - DAG(s) 'workshop_etl_3' retrieved from /opt/airflow/dags/dag.py
[2026-05-13T12:19:58.704+0000] {logging_mixin.py:188} INFO - [2026-05-13T12:19:58.704+0000] {dag.py:3036} INFO - Sync 1 DAGs
[2026-05-13T12:19:58.713+0000] {logging_mixin.py:188} INFO - [2026-05-13T12:19:58.713+0000] {dag.py:3823} INFO - Setting next_dagrun for workshop_etl_3 to None, run_after=None
[2026-05-13T12:19:58.737+0000] {processor.py:183} INFO - Processing /opt/airflow/dags/dag.py took 1.042 seconds
[2026-05-13T12:20:29.068+0000] {processor.py:161} INFO - Started process (PID=950) to work on /opt/airflow/dags/dag.py
[2026-05-13T12:20:29.072+0000] {processor.py:830} INFO - Processing file /opt/airflow/dags/dag.py for tasks to queue
[2026-05-13T12:20:29.073+0000] {logging_mixin.py:188} INFO - [2026-05-13T12:20:29.073+0000] {dagbag.py:538} INFO - Filling up the DagBag from /opt/airflow/dags/dag.py
[2026-05-13T12:20:29.969+0000] {processor.py:840} INFO - DAG(s) 'workshop_etl_3' retrieved from /opt/airflow/dags/dag.py
[2026-05-13T12:20:29.990+0000] {logging_mixin.py:188} INFO - [2026-05-13T12:20:29.989+0000] {dag.py:3036} INFO - Sync 1 DAGs
[2026-05-13T12:20:30.001+0000] {logging_mixin.py:188} INFO - [2026-05-13T12:20:30.001+0000] {dag.py:3823} INFO - Setting next_dagrun for workshop_etl_3 to None, run_after=None
[2026-05-13T12:20:30.030+0000] {processor.py:183} INFO - Processing /opt/airflow/dags/dag.py took 0.966 seconds
[2026-05-13T12:21:00.411+0000] {processor.py:161} INFO - Started process (PID=968) to work on /opt/airflow/dags/dag.py
[2026-05-13T12:21:00.412+0000] {processor.py:830} INFO - Processing file /opt/airflow/dags/dag.py for tasks to queue
[2026-05-13T12:21:00.413+0000] {logging_mixin.py:188} INFO - [2026-05-13T12:21:00.413+0000] {dagbag.py:538} INFO - Filling up the DagBag from /opt/airflow/dags/dag.py
[2026-05-13T12:21:01.369+0000] {processor.py:840} INFO - DAG(s) 'workshop_etl_3' retrieved from /opt/airflow/dags/dag.py
[2026-05-13T12:21:01.388+0000] {logging_mixin.py:188} INFO - [2026-05-13T12:21:01.388+0000] {dag.py:3036} INFO - Sync 1 DAGs
[2026-05-13T12:21:01.397+0000] {logging_mixin.py:188} INFO - [2026-05-13T12:21:01.397+0000] {dag.py:3823} INFO - Setting next_dagrun for workshop_etl_3 to None, run_after=None
[2026-05-13T12:21:01.416+0000] {processor.py:183} INFO - Processing /opt/airflow/dags/dag.py took 1.008 seconds
[2026-05-13T12:21:31.883+0000] {processor.py:161} INFO - Started process (PID=986) to work on /opt/airflow/dags/dag.py
[2026-05-13T12:21:31.885+0000] {processor.py:830} INFO - Processing file /opt/airflow/dags/dag.py for tasks to queue
[2026-05-13T12:21:31.886+0000] {logging_mixin.py:188} INFO - [2026-05-13T12:21:31.885+0000] {dagbag.py:538} INFO - Filling up the DagBag from /opt/airflow/dags/dag.py
[2026-05-13T12:21:32.826+0000] {processor.py:840} INFO - DAG(s) 'workshop_etl_3' retrieved from /opt/airflow/dags/dag.py
[2026-05-13T12:21:32.847+0000] {logging_mixin.py:188} INFO - [2026-05-13T12:21:32.847+0000] {dag.py:3036} INFO - Sync 1 DAGs
[2026-05-13T12:21:32.858+0000] {logging_mixin.py:188} INFO - [2026-05-13T12:21:32.858+0000] {dag.py:3823} INFO - Setting next_dagrun for workshop_etl_3 to None, run_after=None
[2026-05-13T12:21:32.877+0000] {processor.py:183} INFO - Processing /opt/airflow/dags/dag.py took 0.999 seconds
[2026-05-13T12:22:03.237+0000] {processor.py:161} INFO - Started process (PID=1004) to work on /opt/airflow/dags/dag.py
[2026-05-13T12:22:03.238+0000] {processor.py:830} INFO - Processing file /opt/airflow/dags/dag.py for tasks to queue
[2026-05-13T12:22:03.239+0000] {logging_mixin.py:188} INFO - [2026-05-13T12:22:03.239+0000] {dagbag.py:538} INFO - Filling up the DagBag from /opt/airflow/dags/dag.py
[2026-05-13T12:22:04.298+0000] {processor.py:840} INFO - DAG(s) 'workshop_etl_3' retrieved from /opt/airflow/dags/dag.py
[2026-05-13T12:22:04.318+0000] {logging_mixin.py:188} INFO - [2026-05-13T12:22:04.318+0000] {dag.py:3036} INFO - Sync 1 DAGs
[2026-05-13T12:22:04.327+0000] {logging_mixin.py:188} INFO - [2026-05-13T12:22:04.326+0000] {dag.py:3823} INFO - Setting next_dagrun for workshop_etl_3 to None, run_after=None
[2026-05-13T12:22:04.345+0000] {processor.py:183} INFO - Processing /opt/airflow/dags/dag.py took 1.111 seconds
[2026-05-13T12:22:34.681+0000] {processor.py:161} INFO - Started process (PID=1022) to work on /opt/airflow/dags/dag.py
[2026-05-13T12:22:34.683+0000] {processor.py:830} INFO - Processing file /opt/airflow/dags/dag.py for tasks to queue
[2026-05-13T12:22:34.686+0000] {logging_mixin.py:188} INFO - [2026-05-13T12:22:34.685+0000] {dagbag.py:538} INFO - Filling up the DagBag from /opt/airflow/dags/dag.py
[2026-05-13T12:22:35.647+0000] {processor.py:840} INFO - DAG(s) 'workshop_etl_3' retrieved from /opt/airflow/dags/dag.py
[2026-05-13T12:22:35.669+0000] {logging_mixin.py:188} INFO - [2026-05-13T12:22:35.669+0000] {dag.py:3036} INFO - Sync 1 DAGs
[2026-05-13T12:22:35.678+0000] {logging_mixin.py:188} INFO - [2026-05-13T12:22:35.678+0000] {dag.py:3823} INFO - Setting next_dagrun for workshop_etl_3 to None, run_after=None
[2026-05-13T12:22:35.713+0000] {processor.py:183} INFO - Processing /opt/airflow/dags/dag.py took 1.037 seconds
[2026-05-13T12:23:06.126+0000] {processor.py:161} INFO - Started process (PID=1040) to work on /opt/airflow/dags/dag.py
[2026-05-13T12:23:06.127+0000] {processor.py:830} INFO - Processing file /opt/airflow/dags/dag.py for tasks to queue
[2026-05-13T12:23:06.130+0000] {logging_mixin.py:188} INFO - [2026-05-13T12:23:06.130+0000] {dagbag.py:538} INFO - Filling up the DagBag from /opt/airflow/dags/dag.py
[2026-05-13T12:23:07.109+0000] {processor.py:840} INFO - DAG(s) 'workshop_etl_3' retrieved from /opt/airflow/dags/dag.py
[2026-05-13T12:23:07.131+0000] {logging_mixin.py:188} INFO - [2026-05-13T12:23:07.130+0000] {dag.py:3036} INFO - Sync 1 DAGs
[2026-05-13T12:23:07.140+0000] {logging_mixin.py:188} INFO - [2026-05-13T12:23:07.140+0000] {dag.py:3823} INFO - Setting next_dagrun for workshop_etl_3 to None, run_after=None
[2026-05-13T12:23:07.161+0000] {processor.py:183} INFO - Processing /opt/airflow/dags/dag.py took 1.041 seconds
[2026-05-13T12:23:37.467+0000] {processor.py:161} INFO - Started process (PID=1058) to work on /opt/airflow/dags/dag.py
[2026-05-13T12:23:37.469+0000] {processor.py:830} INFO - Processing file /opt/airflow/dags/dag.py for tasks to queue
[2026-05-13T12:23:37.472+0000] {logging_mixin.py:188} INFO - [2026-05-13T12:23:37.471+0000] {dagbag.py:538} INFO - Filling up the DagBag from /opt/airflow/dags/dag.py
[2026-05-13T12:23:38.520+0000] {processor.py:840} INFO - DAG(s) 'workshop_etl_3' retrieved from /opt/airflow/dags/dag.py
[2026-05-13T12:23:38.541+0000] {logging_mixin.py:188} INFO - [2026-05-13T12:23:38.541+0000] {dag.py:3036} INFO - Sync 1 DAGs
[2026-05-13T12:23:38.549+0000] {logging_mixin.py:188} INFO - [2026-05-13T12:23:38.549+0000] {dag.py:3823} INFO - Setting next_dagrun for workshop_etl_3 to None, run_after=None
[2026-05-13T12:23:38.575+0000] {processor.py:183} INFO - Processing /opt/airflow/dags/dag.py took 1.114 seconds
[2026-05-13T12:24:08.984+0000] {processor.py:161} INFO - Started process (PID=1076) to work on /opt/airflow/dags/dag.py
[2026-05-13T12:24:08.986+0000] {processor.py:830} INFO - Processing file /opt/airflow/dags/dag.py for tasks to queue
[2026-05-13T12:24:08.987+0000] {logging_mixin.py:188} INFO - [2026-05-13T12:24:08.986+0000] {dagbag.py:538} INFO - Filling up the DagBag from /opt/airflow/dags/dag.py
[2026-05-13T12:24:09.996+0000] {processor.py:840} INFO - DAG(s) 'workshop_etl_3' retrieved from /opt/airflow/dags/dag.py
[2026-05-13T12:24:10.015+0000] {logging_mixin.py:188} INFO - [2026-05-13T12:24:10.015+0000] {dag.py:3036} INFO - Sync 1 DAGs
[2026-05-13T12:24:10.023+0000] {logging_mixin.py:188} INFO - [2026-05-13T12:24:10.023+0000] {dag.py:3823} INFO - Setting next_dagrun for workshop_etl_3 to None, run_after=None
[2026-05-13T12:24:10.041+0000] {processor.py:183} INFO - Processing /opt/airflow/dags/dag.py took 1.061 seconds
[2026-05-13T12:24:40.270+0000] {processor.py:161} INFO - Started process (PID=1094) to work on /opt/airflow/dags/dag.py
[2026-05-13T12:24:40.271+0000] {processor.py:830} INFO - Processing file /opt/airflow/dags/dag.py for tasks to queue
[2026-05-13T12:24:40.272+0000] {logging_mixin.py:188} INFO - [2026-05-13T12:24:40.271+0000] {dagbag.py:538} INFO - Filling up the DagBag from /opt/airflow/dags/dag.py
[2026-05-13T12:24:41.045+0000] {processor.py:840} INFO - DAG(s) 'workshop_etl_3' retrieved from /opt/airflow/dags/dag.py
[2026-05-13T12:24:41.063+0000] {logging_mixin.py:188} INFO - [2026-05-13T12:24:41.063+0000] {dag.py:3036} INFO - Sync 1 DAGs
[2026-05-13T12:24:41.072+0000] {logging_mixin.py:188} INFO - [2026-05-13T12:24:41.072+0000] {dag.py:3823} INFO - Setting next_dagrun for workshop_etl_3 to None, run_after=None
[2026-05-13T12:24:41.092+0000] {processor.py:183} INFO - Processing /opt/airflow/dags/dag.py took 0.825 seconds
[2026-05-13T12:25:11.449+0000] {processor.py:161} INFO - Started process (PID=1112) to work on /opt/airflow/dags/dag.py
[2026-05-13T12:25:11.450+0000] {processor.py:830} INFO - Processing file /opt/airflow/dags/dag.py for tasks to queue
[2026-05-13T12:25:11.451+0000] {logging_mixin.py:188} INFO - [2026-05-13T12:25:11.451+0000] {dagbag.py:538} INFO - Filling up the DagBag from /opt/airflow/dags/dag.py
[2026-05-13T12:25:12.237+0000] {processor.py:840} INFO - DAG(s) 'workshop_etl_3' retrieved from /opt/airflow/dags/dag.py
[2026-05-13T12:25:12.257+0000] {logging_mixin.py:188} INFO - [2026-05-13T12:25:12.256+0000] {dag.py:3036} INFO - Sync 1 DAGs
[2026-05-13T12:25:12.265+0000] {logging_mixin.py:188} INFO - [2026-05-13T12:25:12.265+0000] {dag.py:3823} INFO - Setting next_dagrun for workshop_etl_3 to None, run_after=None
[2026-05-13T12:25:12.288+0000] {processor.py:183} INFO - Processing /opt/airflow/dags/dag.py took 0.841 seconds
[2026-05-13T12:25:42.681+0000] {processor.py:161} INFO - Started process (PID=1130) to work on /opt/airflow/dags/dag.py
[2026-05-13T12:25:42.684+0000] {processor.py:830} INFO - Processing file /opt/airflow/dags/dag.py for tasks to queue
[2026-05-13T12:25:42.686+0000] {logging_mixin.py:188} INFO - [2026-05-13T12:25:42.686+0000] {dagbag.py:538} INFO - Filling up the DagBag from /opt/airflow/dags/dag.py
[2026-05-13T12:25:43.506+0000] {processor.py:840} INFO - DAG(s) 'workshop_etl_3' retrieved from /opt/airflow/dags/dag.py
[2026-05-13T12:25:43.526+0000] {logging_mixin.py:188} INFO - [2026-05-13T12:25:43.525+0000] {dag.py:3036} INFO - Sync 1 DAGs
[2026-05-13T12:25:43.534+0000] {logging_mixin.py:188} INFO - [2026-05-13T12:25:43.534+0000] {dag.py:3823} INFO - Setting next_dagrun for workshop_etl_3 to None, run_after=None
[2026-05-13T12:25:43.555+0000] {processor.py:183} INFO - Processing /opt/airflow/dags/dag.py took 0.877 seconds
[2026-05-13T12:26:13.907+0000] {processor.py:161} INFO - Started process (PID=1148) to work on /opt/airflow/dags/dag.py
[2026-05-13T12:26:13.908+0000] {processor.py:830} INFO - Processing file /opt/airflow/dags/dag.py for tasks to queue
[2026-05-13T12:26:13.909+0000] {logging_mixin.py:188} INFO - [2026-05-13T12:26:13.909+0000] {dagbag.py:538} INFO - Filling up the DagBag from /opt/airflow/dags/dag.py
[2026-05-13T12:26:14.737+0000] {processor.py:840} INFO - DAG(s) 'workshop_etl_3' retrieved from /opt/airflow/dags/dag.py
[2026-05-13T12:26:14.753+0000] {logging_mixin.py:188} INFO - [2026-05-13T12:26:14.752+0000] {dag.py:3036} INFO - Sync 1 DAGs
[2026-05-13T12:26:14.761+0000] {logging_mixin.py:188} INFO - [2026-05-13T12:26:14.761+0000] {dag.py:3823} INFO - Setting next_dagrun for workshop_etl_3 to None, run_after=None
[2026-05-13T12:26:14.780+0000] {processor.py:183} INFO - Processing /opt/airflow/dags/dag.py took 0.876 seconds
[2026-05-13T12:26:45.152+0000] {processor.py:161} INFO - Started process (PID=1166) to work on /opt/airflow/dags/dag.py
[2026-05-13T12:26:45.153+0000] {processor.py:830} INFO - Processing file /opt/airflow/dags/dag.py for tasks to queue
[2026-05-13T12:26:45.154+0000] {logging_mixin.py:188} INFO - [2026-05-13T12:26:45.153+0000] {dagbag.py:538} INFO - Filling up the DagBag from /opt/airflow/dags/dag.py
[2026-05-13T12:26:45.948+0000] {processor.py:840} INFO - DAG(s) 'workshop_etl_3' retrieved from /opt/airflow/dags/dag.py
[2026-05-13T12:26:45.967+0000] {logging_mixin.py:188} INFO - [2026-05-13T12:26:45.967+0000] {dag.py:3036} INFO - Sync 1 DAGs
[2026-05-13T12:26:45.975+0000] {logging_mixin.py:188} INFO - [2026-05-13T12:26:45.975+0000] {dag.py:3823} INFO - Setting next_dagrun for workshop_etl_3 to None, run_after=None
[2026-05-13T12:26:45.997+0000] {processor.py:183} INFO - Processing /opt/airflow/dags/dag.py took 0.848 seconds
[2026-05-13T12:27:16.321+0000] {processor.py:161} INFO - Started process (PID=1184) to work on /opt/airflow/dags/dag.py
[2026-05-13T12:27:16.323+0000] {processor.py:830} INFO - Processing file /opt/airflow/dags/dag.py for tasks to queue
[2026-05-13T12:27:16.324+0000] {logging_mixin.py:188} INFO - [2026-05-13T12:27:16.324+0000] {dagbag.py:538} INFO - Filling up the DagBag from /opt/airflow/dags/dag.py
[2026-05-13T12:27:17.162+0000] {processor.py:840} INFO - DAG(s) 'workshop_etl_3' retrieved from /opt/airflow/dags/dag.py
[2026-05-13T12:27:17.180+0000] {logging_mixin.py:188} INFO - [2026-05-13T12:27:17.180+0000] {dag.py:3036} INFO - Sync 1 DAGs
[2026-05-13T12:27:17.189+0000] {logging_mixin.py:188} INFO - [2026-05-13T12:27:17.189+0000] {dag.py:3823} INFO - Setting next_dagrun for workshop_etl_3 to None, run_after=None
[2026-05-13T12:27:17.214+0000] {processor.py:183} INFO - Processing /opt/airflow/dags/dag.py took 0.896 seconds
[2026-05-13T12:27:47.582+0000] {processor.py:161} INFO - Started process (PID=1202) to work on /opt/airflow/dags/dag.py
[2026-05-13T12:27:47.583+0000] {processor.py:830} INFO - Processing file /opt/airflow/dags/dag.py for tasks to queue
[2026-05-13T12:27:47.584+0000] {logging_mixin.py:188} INFO - [2026-05-13T12:27:47.584+0000] {dagbag.py:538} INFO - Filling up the DagBag from /opt/airflow/dags/dag.py
[2026-05-13T12:27:48.382+0000] {processor.py:840} INFO - DAG(s) 'workshop_etl_3' retrieved from /opt/airflow/dags/dag.py
[2026-05-13T12:27:48.400+0000] {logging_mixin.py:188} INFO - [2026-05-13T12:27:48.400+0000] {dag.py:3036} INFO - Sync 1 DAGs
[2026-05-13T12:27:48.408+0000] {logging_mixin.py:188} INFO - [2026-05-13T12:27:48.408+0000] {dag.py:3823} INFO - Setting next_dagrun for workshop_etl_3 to None, run_after=None
[2026-05-13T12:27:48.426+0000] {processor.py:183} INFO - Processing /opt/airflow/dags/dag.py took 0.848 seconds
[2026-05-13T12:28:18.797+0000] {processor.py:161} INFO - Started process (PID=1220) to work on /opt/airflow/dags/dag.py
[2026-05-13T12:28:18.799+0000] {processor.py:830} INFO - Processing file /opt/airflow/dags/dag.py for tasks to queue
[2026-05-13T12:28:18.800+0000] {logging_mixin.py:188} INFO - [2026-05-13T12:28:18.799+0000] {dagbag.py:538} INFO - Filling up the DagBag from /opt/airflow/dags/dag.py
[2026-05-13T12:28:19.607+0000] {processor.py:840} INFO - DAG(s) 'workshop_etl_3' retrieved from /opt/airflow/dags/dag.py
[2026-05-13T12:28:19.627+0000] {logging_mixin.py:188} INFO - [2026-05-13T12:28:19.626+0000] {dag.py:3036} INFO - Sync 1 DAGs
[2026-05-13T12:28:19.636+0000] {logging_mixin.py:188} INFO - [2026-05-13T12:28:19.635+0000] {dag.py:3823} INFO - Setting next_dagrun for workshop_etl_3 to None, run_after=None
[2026-05-13T12:28:19.653+0000] {processor.py:183} INFO - Processing /opt/airflow/dags/dag.py took 0.859 seconds
[2026-05-13T12:28:49.988+0000] {processor.py:161} INFO - Started process (PID=1238) to work on /opt/airflow/dags/dag.py
[2026-05-13T12:28:49.989+0000] {processor.py:830} INFO - Processing file /opt/airflow/dags/dag.py for tasks to queue
[2026-05-13T12:28:49.990+0000] {logging_mixin.py:188} INFO - [2026-05-13T12:28:49.990+0000] {dagbag.py:538} INFO - Filling up the DagBag from /opt/airflow/dags/dag.py
[2026-05-13T12:28:50.770+0000] {processor.py:840} INFO - DAG(s) 'workshop_etl_3' retrieved from /opt/airflow/dags/dag.py
[2026-05-13T12:28:50.789+0000] {logging_mixin.py:188} INFO - [2026-05-13T12:28:50.789+0000] {dag.py:3036} INFO - Sync 1 DAGs
[2026-05-13T12:28:50.798+0000] {logging_mixin.py:188} INFO - [2026-05-13T12:28:50.798+0000] {dag.py:3823} INFO - Setting next_dagrun for workshop_etl_3 to None, run_after=None
[2026-05-13T12:28:50.818+0000] {processor.py:183} INFO - Processing /opt/airflow/dags/dag.py took 0.833 seconds
[2026-05-13T12:29:20.955+0000] {processor.py:161} INFO - Started process (PID=1256) to work on /opt/airflow/dags/dag.py
[2026-05-13T12:29:20.956+0000] {processor.py:830} INFO - Processing file /opt/airflow/dags/dag.py for tasks to queue
[2026-05-13T12:29:20.957+0000] {logging_mixin.py:188} INFO - [2026-05-13T12:29:20.957+0000] {dagbag.py:538} INFO - Filling up the DagBag from /opt/airflow/dags/dag.py
[2026-05-13T12:29:21.725+0000] {processor.py:840} INFO - DAG(s) 'workshop_etl_3' retrieved from /opt/airflow/dags/dag.py
[2026-05-13T12:29:21.747+0000] {logging_mixin.py:188} INFO - [2026-05-13T12:29:21.747+0000] {dag.py:3036} INFO - Sync 1 DAGs
[2026-05-13T12:29:21.754+0000] {logging_mixin.py:188} INFO - [2026-05-13T12:29:21.754+0000] {dag.py:3823} INFO - Setting next_dagrun for workshop_etl_3 to None, run_after=None
[2026-05-13T12:29:21.774+0000] {processor.py:183} INFO - Processing /opt/airflow/dags/dag.py took 0.821 seconds
[2026-05-13T12:29:52.134+0000] {processor.py:161} INFO - Started process (PID=1274) to work on /opt/airflow/dags/dag.py
[2026-05-13T12:29:52.135+0000] {processor.py:830} INFO - Processing file /opt/airflow/dags/dag.py for tasks to queue
[2026-05-13T12:29:52.136+0000] {logging_mixin.py:188} INFO - [2026-05-13T12:29:52.135+0000] {dagbag.py:538} INFO - Filling up the DagBag from /opt/airflow/dags/dag.py
[2026-05-13T12:29:52.923+0000] {processor.py:840} INFO - DAG(s) 'workshop_etl_3' retrieved from /opt/airflow/dags/dag.py
[2026-05-13T12:29:52.942+0000] {logging_mixin.py:188} INFO - [2026-05-13T12:29:52.942+0000] {dag.py:3036} INFO - Sync 1 DAGs
[2026-05-13T12:29:52.951+0000] {logging_mixin.py:188} INFO - [2026-05-13T12:29:52.951+0000] {dag.py:3823} INFO - Setting next_dagrun for workshop_etl_3 to None, run_after=None
[2026-05-13T12:29:52.974+0000] {processor.py:183} INFO - Processing /opt/airflow/dags/dag.py took 0.843 seconds
[2026-05-13T12:30:23.328+0000] {processor.py:161} INFO - Started process (PID=1292) to work on /opt/airflow/dags/dag.py
[2026-05-13T12:30:23.329+0000] {processor.py:830} INFO - Processing file /opt/airflow/dags/dag.py for tasks to queue
[2026-05-13T12:30:23.330+0000] {logging_mixin.py:188} INFO - [2026-05-13T12:30:23.330+0000] {dagbag.py:538} INFO - Filling up the DagBag from /opt/airflow/dags/dag.py
[2026-05-13T12:30:24.123+0000] {processor.py:840} INFO - DAG(s) 'workshop_etl_3' retrieved from /opt/airflow/dags/dag.py
[2026-05-13T12:30:24.141+0000] {logging_mixin.py:188} INFO - [2026-05-13T12:30:24.141+0000] {dag.py:3036} INFO - Sync 1 DAGs
[2026-05-13T12:30:24.150+0000] {logging_mixin.py:188} INFO - [2026-05-13T12:30:24.150+0000] {dag.py:3823} INFO - Setting next_dagrun for workshop_etl_3 to None, run_after=None
[2026-05-13T12:30:24.171+0000] {processor.py:183} INFO - Processing /opt/airflow/dags/dag.py took 0.847 seconds
[2026-05-13T12:30:54.515+0000] {processor.py:161} INFO - Started process (PID=1310) to work on /opt/airflow/dags/dag.py
[2026-05-13T12:30:54.516+0000] {processor.py:830} INFO - Processing file /opt/airflow/dags/dag.py for tasks to queue
[2026-05-13T12:30:54.517+0000] {logging_mixin.py:188} INFO - [2026-05-13T12:30:54.517+0000] {dagbag.py:538} INFO - Filling up the DagBag from /opt/airflow/dags/dag.py
[2026-05-13T12:30:55.404+0000] {processor.py:840} INFO - DAG(s) 'workshop_etl_3' retrieved from /opt/airflow/dags/dag.py
[2026-05-13T12:30:55.425+0000] {logging_mixin.py:188} INFO - [2026-05-13T12:30:55.425+0000] {dag.py:3036} INFO - Sync 1 DAGs
[2026-05-13T12:30:55.434+0000] {logging_mixin.py:188} INFO - [2026-05-13T12:30:55.434+0000] {dag.py:3823} INFO - Setting next_dagrun for workshop_etl_3 to None, run_after=None
[2026-05-13T12:30:55.457+0000] {processor.py:183} INFO - Processing /opt/airflow/dags/dag.py took 0.946 seconds
[2026-05-13T12:31:25.778+0000] {processor.py:161} INFO - Started process (PID=1328) to work on /opt/airflow/dags/dag.py
[2026-05-13T12:31:25.780+0000] {processor.py:830} INFO - Processing file /opt/airflow/dags/dag.py for tasks to queue
[2026-05-13T12:31:25.781+0000] {logging_mixin.py:188} INFO - [2026-05-13T12:31:25.780+0000] {dagbag.py:538} INFO - Filling up the DagBag from /opt/airflow/dags/dag.py
[2026-05-13T12:31:26.720+0000] {processor.py:840} INFO - DAG(s) 'workshop_etl_3' retrieved from /opt/airflow/dags/dag.py
[2026-05-13T12:31:26.741+0000] {logging_mixin.py:188} INFO - [2026-05-13T12:31:26.741+0000] {dag.py:3036} INFO - Sync 1 DAGs
[2026-05-13T12:31:26.751+0000] {logging_mixin.py:188} INFO - [2026-05-13T12:31:26.751+0000] {dag.py:3823} INFO - Setting next_dagrun for workshop_etl_3 to None, run_after=None
[2026-05-13T12:31:26.775+0000] {processor.py:183} INFO - Processing /opt/airflow/dags/dag.py took 0.999 seconds
[2026-05-13T12:31:57.083+0000] {processor.py:161} INFO - Started process (PID=1346) to work on /opt/airflow/dags/dag.py
[2026-05-13T12:31:57.084+0000] {processor.py:830} INFO - Processing file /opt/airflow/dags/dag.py for tasks to queue
[2026-05-13T12:31:57.085+0000] {logging_mixin.py:188} INFO - [2026-05-13T12:31:57.085+0000] {dagbag.py:538} INFO - Filling up the DagBag from /opt/airflow/dags/dag.py
[2026-05-13T12:31:58.007+0000] {processor.py:840} INFO - DAG(s) 'workshop_etl_3' retrieved from /opt/airflow/dags/dag.py
[2026-05-13T12:31:58.026+0000] {logging_mixin.py:188} INFO - [2026-05-13T12:31:58.026+0000] {dag.py:3036} INFO - Sync 1 DAGs
[2026-05-13T12:31:58.034+0000] {logging_mixin.py:188} INFO - [2026-05-13T12:31:58.034+0000] {dag.py:3823} INFO - Setting next_dagrun for workshop_etl_3 to None, run_after=None
[2026-05-13T12:31:58.053+0000] {processor.py:183} INFO - Processing /opt/airflow/dags/dag.py took 0.972 seconds
[2026-05-13T12:32:28.420+0000] {processor.py:161} INFO - Started process (PID=1364) to work on /opt/airflow/dags/dag.py
[2026-05-13T12:32:28.421+0000] {processor.py:830} INFO - Processing file /opt/airflow/dags/dag.py for tasks to queue
[2026-05-13T12:32:28.422+0000] {logging_mixin.py:188} INFO - [2026-05-13T12:32:28.422+0000] {dagbag.py:538} INFO - Filling up the DagBag from /opt/airflow/dags/dag.py
[2026-05-13T12:32:29.165+0000] {processor.py:840} INFO - DAG(s) 'workshop_etl_3' retrieved from /opt/airflow/dags/dag.py
[2026-05-13T12:32:29.184+0000] {logging_mixin.py:188} INFO - [2026-05-13T12:32:29.183+0000] {dag.py:3036} INFO - Sync 1 DAGs
[2026-05-13T12:32:29.191+0000] {logging_mixin.py:188} INFO - [2026-05-13T12:32:29.191+0000] {dag.py:3823} INFO - Setting next_dagrun for workshop_etl_3 to None, run_after=None
[2026-05-13T12:32:29.210+0000] {processor.py:183} INFO - Processing /opt/airflow/dags/dag.py took 0.793 seconds
[2026-05-13T12:32:59.606+0000] {processor.py:161} INFO - Started process (PID=1382) to work on /opt/airflow/dags/dag.py
[2026-05-13T12:32:59.607+0000] {processor.py:830} INFO - Processing file /opt/airflow/dags/dag.py for tasks to queue
[2026-05-13T12:32:59.608+0000] {logging_mixin.py:188} INFO - [2026-05-13T12:32:59.608+0000] {dagbag.py:538} INFO - Filling up the DagBag from /opt/airflow/dags/dag.py
[2026-05-13T12:33:00.375+0000] {processor.py:840} INFO - DAG(s) 'workshop_etl_3' retrieved from /opt/airflow/dags/dag.py
[2026-05-13T12:33:00.390+0000] {logging_mixin.py:188} INFO - [2026-05-13T12:33:00.389+0000] {dag.py:3036} INFO - Sync 1 DAGs
[2026-05-13T12:33:00.398+0000] {logging_mixin.py:188} INFO - [2026-05-13T12:33:00.398+0000] {dag.py:3823} INFO - Setting next_dagrun for workshop_etl_3 to None, run_after=None
[2026-05-13T12:33:00.414+0000] {processor.py:183} INFO - Processing /opt/airflow/dags/dag.py took 0.811 seconds
[2026-05-13T12:33:30.811+0000] {processor.py:161} INFO - Started process (PID=1400) to work on /opt/airflow/dags/dag.py
[2026-05-13T12:33:30.813+0000] {processor.py:830} INFO - Processing file /opt/airflow/dags/dag.py for tasks to queue
[2026-05-13T12:33:30.814+0000] {logging_mixin.py:188} INFO - [2026-05-13T12:33:30.814+0000] {dagbag.py:538} INFO - Filling up the DagBag from /opt/airflow/dags/dag.py
[2026-05-13T12:33:31.648+0000] {processor.py:840} INFO - DAG(s) 'workshop_etl_3' retrieved from /opt/airflow/dags/dag.py
[2026-05-13T12:33:31.667+0000] {logging_mixin.py:188} INFO - [2026-05-13T12:33:31.667+0000] {dag.py:3036} INFO - Sync 1 DAGs
[2026-05-13T12:33:31.675+0000] {logging_mixin.py:188} INFO - [2026-05-13T12:33:31.675+0000] {dag.py:3823} INFO - Setting next_dagrun for workshop_etl_3 to None, run_after=None
[2026-05-13T12:33:31.698+0000] {processor.py:183} INFO - Processing /opt/airflow/dags/dag.py took 0.891 seconds
[2026-05-13T12:34:02.065+0000] {processor.py:161} INFO - Started process (PID=1418) to work on /opt/airflow/dags/dag.py
[2026-05-13T12:34:02.067+0000] {processor.py:830} INFO - Processing file /opt/airflow/dags/dag.py for tasks to queue
[2026-05-13T12:34:02.068+0000] {logging_mixin.py:188} INFO - [2026-05-13T12:34:02.068+0000] {dagbag.py:538} INFO - Filling up the DagBag from /opt/airflow/dags/dag.py
[2026-05-13T12:34:02.887+0000] {processor.py:840} INFO - DAG(s) 'workshop_etl_3' retrieved from /opt/airflow/dags/dag.py
[2026-05-13T12:34:02.906+0000] {logging_mixin.py:188} INFO - [2026-05-13T12:34:02.905+0000] {dag.py:3036} INFO - Sync 1 DAGs
[2026-05-13T12:34:02.923+0000] {logging_mixin.py:188} INFO - [2026-05-13T12:34:02.922+0000] {dag.py:3823} INFO - Setting next_dagrun for workshop_etl_3 to None, run_after=None
[2026-05-13T12:34:02.948+0000] {processor.py:183} INFO - Processing /opt/airflow/dags/dag.py took 0.886 seconds
[2026-05-13T12:34:33.311+0000] {processor.py:161} INFO - Started process (PID=1436) to work on /opt/airflow/dags/dag.py
[2026-05-13T12:34:33.313+0000] {processor.py:830} INFO - Processing file /opt/airflow/dags/dag.py for tasks to queue
[2026-05-13T12:34:33.313+0000] {logging_mixin.py:188} INFO - [2026-05-13T12:34:33.313+0000] {dagbag.py:538} INFO - Filling up the DagBag from /opt/airflow/dags/dag.py
[2026-05-13T12:34:34.057+0000] {processor.py:840} INFO - DAG(s) 'workshop_etl_3' retrieved from /opt/airflow/dags/dag.py
[2026-05-13T12:34:34.074+0000] {logging_mixin.py:188} INFO - [2026-05-13T12:34:34.074+0000] {dag.py:3036} INFO - Sync 1 DAGs
[2026-05-13T12:34:34.083+0000] {logging_mixin.py:188} INFO - [2026-05-13T12:34:34.083+0000] {dag.py:3823} INFO - Setting next_dagrun for workshop_etl_3 to None, run_after=None
[2026-05-13T12:34:34.103+0000] {processor.py:183} INFO - Processing /opt/airflow/dags/dag.py took 0.795 seconds
[2026-05-13T12:35:04.487+0000] {processor.py:161} INFO - Started process (PID=1454) to work on /opt/airflow/dags/dag.py
[2026-05-13T12:35:04.488+0000] {processor.py:830} INFO - Processing file /opt/airflow/dags/dag.py for tasks to queue
[2026-05-13T12:35:04.489+0000] {logging_mixin.py:188} INFO - [2026-05-13T12:35:04.489+0000] {dagbag.py:538} INFO - Filling up the DagBag from /opt/airflow/dags/dag.py
[2026-05-13T12:35:05.240+0000] {processor.py:840} INFO - DAG(s) 'workshop_etl_3' retrieved from /opt/airflow/dags/dag.py
[2026-05-13T12:35:05.259+0000] {logging_mixin.py:188} INFO - [2026-05-13T12:35:05.259+0000] {dag.py:3036} INFO - Sync 1 DAGs
[2026-05-13T12:35:05.267+0000] {logging_mixin.py:188} INFO - [2026-05-13T12:35:05.267+0000] {dag.py:3823} INFO - Setting next_dagrun for workshop_etl_3 to None, run_after=None
[2026-05-13T12:35:05.293+0000] {processor.py:183} INFO - Processing /opt/airflow/dags/dag.py took 0.809 seconds
[2026-05-13T12:35:35.613+0000] {processor.py:161} INFO - Started process (PID=1472) to work on /opt/airflow/dags/dag.py
[2026-05-13T12:35:35.614+0000] {processor.py:830} INFO - Processing file /opt/airflow/dags/dag.py for tasks to queue
[2026-05-13T12:35:35.615+0000] {logging_mixin.py:188} INFO - [2026-05-13T12:35:35.615+0000] {dagbag.py:538} INFO - Filling up the DagBag from /opt/airflow/dags/dag.py
[2026-05-13T12:35:36.396+0000] {processor.py:840} INFO - DAG(s) 'workshop_etl_3' retrieved from /opt/airflow/dags/dag.py
[2026-05-13T12:35:36.416+0000] {logging_mixin.py:188} INFO - [2026-05-13T12:35:36.416+0000] {dag.py:3036} INFO - Sync 1 DAGs
[2026-05-13T12:35:36.424+0000] {logging_mixin.py:188} INFO - [2026-05-13T12:35:36.424+0000] {dag.py:3823} INFO - Setting next_dagrun for workshop_etl_3 to None, run_after=None
[2026-05-13T12:35:36.447+0000] {processor.py:183} INFO - Processing /opt/airflow/dags/dag.py took 0.841 seconds
[2026-05-13T12:36:06.795+0000] {processor.py:161} INFO - Started process (PID=1490) to work on /opt/airflow/dags/dag.py
[2026-05-13T12:36:06.797+0000] {processor.py:830} INFO - Processing file /opt/airflow/dags/dag.py for tasks to queue
[2026-05-13T12:36:06.798+0000] {logging_mixin.py:188} INFO - [2026-05-13T12:36:06.798+0000] {dagbag.py:538} INFO - Filling up the DagBag from /opt/airflow/dags/dag.py
[2026-05-13T12:36:07.623+0000] {processor.py:840} INFO - DAG(s) 'workshop_etl_3' retrieved from /opt/airflow/dags/dag.py
[2026-05-13T12:36:07.643+0000] {logging_mixin.py:188} INFO - [2026-05-13T12:36:07.643+0000] {dag.py:3036} INFO - Sync 1 DAGs
[2026-05-13T12:36:07.653+0000] {logging_mixin.py:188} INFO - [2026-05-13T12:36:07.653+0000] {dag.py:3823} INFO - Setting next_dagrun for workshop_etl_3 to None, run_after=None
[2026-05-13T12:36:07.674+0000] {processor.py:183} INFO - Processing /opt/airflow/dags/dag.py took 0.881 seconds
[2026-05-13T12:36:37.995+0000] {processor.py:161} INFO - Started process (PID=1508) to work on /opt/airflow/dags/dag.py
[2026-05-13T12:36:37.997+0000] {processor.py:830} INFO - Processing file /opt/airflow/dags/dag.py for tasks to queue
[2026-05-13T12:36:37.998+0000] {logging_mixin.py:188} INFO - [2026-05-13T12:36:37.998+0000] {dagbag.py:538} INFO - Filling up the DagBag from /opt/airflow/dags/dag.py
[2026-05-13T12:36:38.842+0000] {processor.py:840} INFO - DAG(s) 'workshop_etl_3' retrieved from /opt/airflow/dags/dag.py
[2026-05-13T12:36:38.873+0000] {logging_mixin.py:188} INFO - [2026-05-13T12:36:38.872+0000] {dag.py:3036} INFO - Sync 1 DAGs
[2026-05-13T12:36:38.893+0000] {logging_mixin.py:188} INFO - [2026-05-13T12:36:38.892+0000] {dag.py:3823} INFO - Setting next_dagrun for workshop_etl_3 to None, run_after=None
[2026-05-13T12:36:38.920+0000] {processor.py:183} INFO - Processing /opt/airflow/dags/dag.py took 0.927 seconds
[2026-05-13T12:37:09.269+0000] {processor.py:161} INFO - Started process (PID=1526) to work on /opt/airflow/dags/dag.py
[2026-05-13T12:37:09.270+0000] {processor.py:830} INFO - Processing file /opt/airflow/dags/dag.py for tasks to queue
[2026-05-13T12:37:09.272+0000] {logging_mixin.py:188} INFO - [2026-05-13T12:37:09.271+0000] {dagbag.py:538} INFO - Filling up the DagBag from /opt/airflow/dags/dag.py
[2026-05-13T12:37:10.064+0000] {processor.py:840} INFO - DAG(s) 'workshop_etl_3' retrieved from /opt/airflow/dags/dag.py
[2026-05-13T12:37:10.082+0000] {logging_mixin.py:188} INFO - [2026-05-13T12:37:10.082+0000] {dag.py:3036} INFO - Sync 1 DAGs
[2026-05-13T12:37:10.091+0000] {logging_mixin.py:188} INFO - [2026-05-13T12:37:10.091+0000] {dag.py:3823} INFO - Setting next_dagrun for workshop_etl_3 to None, run_after=None
[2026-05-13T12:37:10.110+0000] {processor.py:183} INFO - Processing /opt/airflow/dags/dag.py took 0.845 seconds
[2026-05-13T12:37:40.248+0000] {processor.py:161} INFO - Started process (PID=1544) to work on /opt/airflow/dags/dag.py
[2026-05-13T12:37:40.249+0000] {processor.py:830} INFO - Processing file /opt/airflow/dags/dag.py for tasks to queue
[2026-05-13T12:37:40.250+0000] {logging_mixin.py:188} INFO - [2026-05-13T12:37:40.249+0000] {dagbag.py:538} INFO - Filling up the DagBag from /opt/airflow/dags/dag.py
[2026-05-13T12:37:41.011+0000] {processor.py:840} INFO - DAG(s) 'workshop_etl_3' retrieved from /opt/airflow/dags/dag.py
[2026-05-13T12:37:41.029+0000] {logging_mixin.py:188} INFO - [2026-05-13T12:37:41.029+0000] {dag.py:3036} INFO - Sync 1 DAGs
[2026-05-13T12:37:41.038+0000] {logging_mixin.py:188} INFO - [2026-05-13T12:37:41.038+0000] {dag.py:3823} INFO - Setting next_dagrun for workshop_etl_3 to None, run_after=None
[2026-05-13T12:37:41.060+0000] {processor.py:183} INFO - Processing /opt/airflow/dags/dag.py took 0.815 seconds
[2026-05-13T12:38:11.404+0000] {processor.py:161} INFO - Started process (PID=1562) to work on /opt/airflow/dags/dag.py
[2026-05-13T12:38:11.405+0000] {processor.py:830} INFO - Processing file /opt/airflow/dags/dag.py for tasks to queue
[2026-05-13T12:38:11.407+0000] {logging_mixin.py:188} INFO - [2026-05-13T12:38:11.406+0000] {dagbag.py:538} INFO - Filling up the DagBag from /opt/airflow/dags/dag.py
[2026-05-13T12:38:12.197+0000] {processor.py:840} INFO - DAG(s) 'workshop_etl_3' retrieved from /opt/airflow/dags/dag.py
[2026-05-13T12:38:12.215+0000] {logging_mixin.py:188} INFO - [2026-05-13T12:38:12.215+0000] {dag.py:3036} INFO - Sync 1 DAGs
[2026-05-13T12:38:12.223+0000] {logging_mixin.py:188} INFO - [2026-05-13T12:38:12.222+0000] {dag.py:3823} INFO - Setting next_dagrun for workshop_etl_3 to None, run_after=None
[2026-05-13T12:38:12.245+0000] {processor.py:183} INFO - Processing /opt/airflow/dags/dag.py took 0.845 seconds
[2026-05-13T12:38:42.607+0000] {processor.py:161} INFO - Started process (PID=1580) to work on /opt/airflow/dags/dag.py
[2026-05-13T12:38:42.608+0000] {processor.py:830} INFO - Processing file /opt/airflow/dags/dag.py for tasks to queue
[2026-05-13T12:38:42.609+0000] {logging_mixin.py:188} INFO - [2026-05-13T12:38:42.609+0000] {dagbag.py:538} INFO - Filling up the DagBag from /opt/airflow/dags/dag.py
[2026-05-13T12:38:43.381+0000] {processor.py:840} INFO - DAG(s) 'workshop_etl_3' retrieved from /opt/airflow/dags/dag.py
[2026-05-13T12:38:43.398+0000] {logging_mixin.py:188} INFO - [2026-05-13T12:38:43.397+0000] {dag.py:3036} INFO - Sync 1 DAGs
[2026-05-13T12:38:43.409+0000] {logging_mixin.py:188} INFO - [2026-05-13T12:38:43.409+0000] {dag.py:3823} INFO - Setting next_dagrun for workshop_etl_3 to None, run_after=None
[2026-05-13T12:38:43.431+0000] {processor.py:183} INFO - Processing /opt/airflow/dags/dag.py took 0.827 seconds
[2026-05-13T12:39:13.755+0000] {processor.py:161} INFO - Started process (PID=1598) to work on /opt/airflow/dags/dag.py
[2026-05-13T12:39:13.756+0000] {processor.py:830} INFO - Processing file /opt/airflow/dags/dag.py for tasks to queue
[2026-05-13T12:39:13.757+0000] {logging_mixin.py:188} INFO - [2026-05-13T12:39:13.757+0000] {dagbag.py:538} INFO - Filling up the DagBag from /opt/airflow/dags/dag.py
[2026-05-13T12:39:14.569+0000] {processor.py:840} INFO - DAG(s) 'workshop_etl_3' retrieved from /opt/airflow/dags/dag.py
[2026-05-13T12:39:14.606+0000] {logging_mixin.py:188} INFO - [2026-05-13T12:39:14.605+0000] {dag.py:3036} INFO - Sync 1 DAGs
[2026-05-13T12:39:14.619+0000] {logging_mixin.py:188} INFO - [2026-05-13T12:39:14.619+0000] {dag.py:3823} INFO - Setting next_dagrun for workshop_etl_3 to None, run_after=None
[2026-05-13T12:39:14.646+0000] {processor.py:183} INFO - Processing /opt/airflow/dags/dag.py took 0.893 seconds
[2026-05-13T12:39:44.965+0000] {processor.py:161} INFO - Started process (PID=1616) to work on /opt/airflow/dags/dag.py
[2026-05-13T12:39:44.966+0000] {processor.py:830} INFO - Processing file /opt/airflow/dags/dag.py for tasks to queue
[2026-05-13T12:39:44.967+0000] {logging_mixin.py:188} INFO - [2026-05-13T12:39:44.967+0000] {dagbag.py:538} INFO - Filling up the DagBag from /opt/airflow/dags/dag.py
[2026-05-13T12:39:45.777+0000] {processor.py:840} INFO - DAG(s) 'workshop_etl_3' retrieved from /opt/airflow/dags/dag.py
[2026-05-13T12:39:45.794+0000] {logging_mixin.py:188} INFO - [2026-05-13T12:39:45.794+0000] {dag.py:3036} INFO - Sync 1 DAGs
[2026-05-13T12:39:45.802+0000] {logging_mixin.py:188} INFO - [2026-05-13T12:39:45.802+0000] {dag.py:3823} INFO - Setting next_dagrun for workshop_etl_3 to None, run_after=None
[2026-05-13T12:39:45.819+0000] {processor.py:183} INFO - Processing /opt/airflow/dags/dag.py took 0.857 seconds
[2026-05-13T12:40:16.188+0000] {processor.py:161} INFO - Started process (PID=1634) to work on /opt/airflow/dags/dag.py
[2026-05-13T12:40:16.190+0000] {processor.py:830} INFO - Processing file /opt/airflow/dags/dag.py for tasks to queue
[2026-05-13T12:40:16.192+0000] {logging_mixin.py:188} INFO - [2026-05-13T12:40:16.191+0000] {dagbag.py:538} INFO - Filling up the DagBag from /opt/airflow/dags/dag.py
[2026-05-13T12:40:16.982+0000] {processor.py:840} INFO - DAG(s) 'workshop_etl_3' retrieved from /opt/airflow/dags/dag.py
[2026-05-13T12:40:17.003+0000] {logging_mixin.py:188} INFO - [2026-05-13T12:40:17.002+0000] {dag.py:3036} INFO - Sync 1 DAGs
[2026-05-13T12:40:17.010+0000] {logging_mixin.py:188} INFO - [2026-05-13T12:40:17.010+0000] {dag.py:3823} INFO - Setting next_dagrun for workshop_etl_3 to None, run_after=None
[2026-05-13T12:40:17.029+0000] {processor.py:183} INFO - Processing /opt/airflow/dags/dag.py took 0.846 seconds
[2026-05-13T12:40:47.109+0000] {processor.py:161} INFO - Started process (PID=1652) to work on /opt/airflow/dags/dag.py
[2026-05-13T12:40:47.110+0000] {processor.py:830} INFO - Processing file /opt/airflow/dags/dag.py for tasks to queue
[2026-05-13T12:40:47.111+0000] {logging_mixin.py:188} INFO - [2026-05-13T12:40:47.111+0000] {dagbag.py:538} INFO - Filling up the DagBag from /opt/airflow/dags/dag.py
[2026-05-13T12:40:47.923+0000] {processor.py:840} INFO - DAG(s) 'workshop_etl_3' retrieved from /opt/airflow/dags/dag.py
[2026-05-13T12:40:47.944+0000] {logging_mixin.py:188} INFO - [2026-05-13T12:40:47.944+0000] {dag.py:3036} INFO - Sync 1 DAGs
[2026-05-13T12:40:47.952+0000] {logging_mixin.py:188} INFO - [2026-05-13T12:40:47.952+0000] {dag.py:3823} INFO - Setting next_dagrun for workshop_etl_3 to None, run_after=None
[2026-05-13T12:40:47.971+0000] {processor.py:183} INFO - Processing /opt/airflow/dags/dag.py took 0.867 seconds
[2026-05-13T12:41:18.294+0000] {processor.py:161} INFO - Started process (PID=1670) to work on /opt/airflow/dags/dag.py
[2026-05-13T12:41:18.295+0000] {processor.py:830} INFO - Processing file /opt/airflow/dags/dag.py for tasks to queue
[2026-05-13T12:41:18.296+0000] {logging_mixin.py:188} INFO - [2026-05-13T12:41:18.295+0000] {dagbag.py:538} INFO - Filling up the DagBag from /opt/airflow/dags/dag.py
[2026-05-13T12:41:19.077+0000] {processor.py:840} INFO - DAG(s) 'workshop_etl_3' retrieved from /opt/airflow/dags/dag.py
[2026-05-13T12:41:19.097+0000] {logging_mixin.py:188} INFO - [2026-05-13T12:41:19.096+0000] {dag.py:3036} INFO - Sync 1 DAGs
[2026-05-13T12:41:19.105+0000] {logging_mixin.py:188} INFO - [2026-05-13T12:41:19.105+0000] {dag.py:3823} INFO - Setting next_dagrun for workshop_etl_3 to None, run_after=None
[2026-05-13T12:41:19.129+0000] {processor.py:183} INFO - Processing /opt/airflow/dags/dag.py took 0.838 seconds
[2026-05-13T12:41:49.484+0000] {processor.py:161} INFO - Started process (PID=1688) to work on /opt/airflow/dags/dag.py
[2026-05-13T12:41:49.485+0000] {processor.py:830} INFO - Processing file /opt/airflow/dags/dag.py for tasks to queue
[2026-05-13T12:41:49.486+0000] {logging_mixin.py:188} INFO - [2026-05-13T12:41:49.485+0000] {dagbag.py:538} INFO - Filling up the DagBag from /opt/airflow/dags/dag.py
[2026-05-13T12:41:50.265+0000] {processor.py:840} INFO - DAG(s) 'workshop_etl_3' retrieved from /opt/airflow/dags/dag.py
[2026-05-13T12:41:50.284+0000] {logging_mixin.py:188} INFO - [2026-05-13T12:41:50.283+0000] {dag.py:3036} INFO - Sync 1 DAGs
[2026-05-13T12:41:50.293+0000] {logging_mixin.py:188} INFO - [2026-05-13T12:41:50.292+0000] {dag.py:3823} INFO - Setting next_dagrun for workshop_etl_3 to None, run_after=None
[2026-05-13T12:41:50.313+0000] {processor.py:183} INFO - Processing /opt/airflow/dags/dag.py took 0.832 seconds
[2026-05-13T12:42:20.661+0000] {processor.py:161} INFO - Started process (PID=1706) to work on /opt/airflow/dags/dag.py
[2026-05-13T12:42:20.662+0000] {processor.py:830} INFO - Processing file /opt/airflow/dags/dag.py for tasks to queue
[2026-05-13T12:42:20.663+0000] {logging_mixin.py:188} INFO - [2026-05-13T12:42:20.663+0000] {dagbag.py:538} INFO - Filling up the DagBag from /opt/airflow/dags/dag.py
[2026-05-13T12:42:21.480+0000] {processor.py:840} INFO - DAG(s) 'workshop_etl_3' retrieved from /opt/airflow/dags/dag.py
[2026-05-13T12:42:21.500+0000] {logging_mixin.py:188} INFO - [2026-05-13T12:42:21.499+0000] {dag.py:3036} INFO - Sync 1 DAGs
[2026-05-13T12:42:21.509+0000] {logging_mixin.py:188} INFO - [2026-05-13T12:42:21.509+0000] {dag.py:3823} INFO - Setting next_dagrun for workshop_etl_3 to None, run_after=None
[2026-05-13T12:42:21.533+0000] {processor.py:183} INFO - Processing /opt/airflow/dags/dag.py took 0.874 seconds
[2026-05-13T12:42:51.803+0000] {processor.py:161} INFO - Started process (PID=1724) to work on /opt/airflow/dags/dag.py
[2026-05-13T12:42:51.804+0000] {processor.py:830} INFO - Processing file /opt/airflow/dags/dag.py for tasks to queue
[2026-05-13T12:42:51.805+0000] {logging_mixin.py:188} INFO - [2026-05-13T12:42:51.804+0000] {dagbag.py:538} INFO - Filling up the DagBag from /opt/airflow/dags/dag.py
[2026-05-13T12:42:52.642+0000] {processor.py:840} INFO - DAG(s) 'workshop_etl_3' retrieved from /opt/airflow/dags/dag.py
[2026-05-13T12:42:52.661+0000] {logging_mixin.py:188} INFO - [2026-05-13T12:42:52.661+0000] {dag.py:3036} INFO - Sync 1 DAGs
[2026-05-13T12:42:52.670+0000] {logging_mixin.py:188} INFO - [2026-05-13T12:42:52.670+0000] {dag.py:3823} INFO - Setting next_dagrun for workshop_etl_3 to None, run_after=None
[2026-05-13T12:42:52.689+0000] {processor.py:183} INFO - Processing /opt/airflow/dags/dag.py took 0.889 seconds
[2026-05-13T12:43:22.853+0000] {processor.py:161} INFO - Started process (PID=1742) to work on /opt/airflow/dags/dag.py
[2026-05-13T12:43:22.854+0000] {processor.py:830} INFO - Processing file /opt/airflow/dags/dag.py for tasks to queue
[2026-05-13T12:43:22.856+0000] {logging_mixin.py:188} INFO - [2026-05-13T12:43:22.855+0000] {dagbag.py:538} INFO - Filling up the DagBag from /opt/airflow/dags/dag.py
[2026-05-13T12:43:23.756+0000] {processor.py:840} INFO - DAG(s) 'workshop_etl_3' retrieved from /opt/airflow/dags/dag.py
[2026-05-13T12:43:23.778+0000] {logging_mixin.py:188} INFO - [2026-05-13T12:43:23.777+0000] {dag.py:3036} INFO - Sync 1 DAGs
[2026-05-13T12:43:23.786+0000] {logging_mixin.py:188} INFO - [2026-05-13T12:43:23.786+0000] {dag.py:3823} INFO - Setting next_dagrun for workshop_etl_3 to None, run_after=None
[2026-05-13T12:43:23.808+0000] {processor.py:183} INFO - Processing /opt/airflow/dags/dag.py took 0.958 seconds
[2026-05-13T12:43:54.166+0000] {processor.py:161} INFO - Started process (PID=1760) to work on /opt/airflow/dags/dag.py
[2026-05-13T12:43:54.167+0000] {processor.py:830} INFO - Processing file /opt/airflow/dags/dag.py for tasks to queue
[2026-05-13T12:43:54.168+0000] {logging_mixin.py:188} INFO - [2026-05-13T12:43:54.168+0000] {dagbag.py:538} INFO - Filling up the DagBag from /opt/airflow/dags/dag.py
[2026-05-13T12:43:54.971+0000] {processor.py:840} INFO - DAG(s) 'workshop_etl_3' retrieved from /opt/airflow/dags/dag.py
[2026-05-13T12:43:54.989+0000] {logging_mixin.py:188} INFO - [2026-05-13T12:43:54.989+0000] {dag.py:3036} INFO - Sync 1 DAGs
[2026-05-13T12:43:54.998+0000] {logging_mixin.py:188} INFO - [2026-05-13T12:43:54.998+0000] {dag.py:3823} INFO - Setting next_dagrun for workshop_etl_3 to None, run_after=None
[2026-05-13T12:43:55.021+0000] {processor.py:183} INFO - Processing /opt/airflow/dags/dag.py took 0.858 seconds
[2026-05-13T12:44:25.394+0000] {processor.py:161} INFO - Started process (PID=1778) to work on /opt/airflow/dags/dag.py
[2026-05-13T12:44:25.395+0000] {processor.py:830} INFO - Processing file /opt/airflow/dags/dag.py for tasks to queue
[2026-05-13T12:44:25.396+0000] {logging_mixin.py:188} INFO - [2026-05-13T12:44:25.396+0000] {dagbag.py:538} INFO - Filling up the DagBag from /opt/airflow/dags/dag.py
[2026-05-13T12:44:26.160+0000] {processor.py:840} INFO - DAG(s) 'workshop_etl_3' retrieved from /opt/airflow/dags/dag.py
[2026-05-13T12:44:26.178+0000] {logging_mixin.py:188} INFO - [2026-05-13T12:44:26.178+0000] {dag.py:3036} INFO - Sync 1 DAGs
[2026-05-13T12:44:26.185+0000] {logging_mixin.py:188} INFO - [2026-05-13T12:44:26.185+0000] {dag.py:3823} INFO - Setting next_dagrun for workshop_etl_3 to None, run_after=None
[2026-05-13T12:44:26.223+0000] {processor.py:183} INFO - Processing /opt/airflow/dags/dag.py took 0.832 seconds
[2026-05-13T12:44:56.598+0000] {processor.py:161} INFO - Started process (PID=1796) to work on /opt/airflow/dags/dag.py
[2026-05-13T12:44:56.599+0000] {processor.py:830} INFO - Processing file /opt/airflow/dags/dag.py for tasks to queue
[2026-05-13T12:44:56.600+0000] {logging_mixin.py:188} INFO - [2026-05-13T12:44:56.599+0000] {dagbag.py:538} INFO - Filling up the DagBag from /opt/airflow/dags/dag.py
[2026-05-13T12:44:57.329+0000] {processor.py:840} INFO - DAG(s) 'workshop_etl_3' retrieved from /opt/airflow/dags/dag.py
[2026-05-13T12:44:57.349+0000] {logging_mixin.py:188} INFO - [2026-05-13T12:44:57.348+0000] {dag.py:3036} INFO - Sync 1 DAGs
[2026-05-13T12:44:57.356+0000] {logging_mixin.py:188} INFO - [2026-05-13T12:44:57.356+0000] {dag.py:3823} INFO - Setting next_dagrun for workshop_etl_3 to None, run_after=None
[2026-05-13T12:44:57.375+0000] {processor.py:183} INFO - Processing /opt/airflow/dags/dag.py took 0.780 seconds
[2026-05-13T12:45:27.669+0000] {processor.py:161} INFO - Started process (PID=1814) to work on /opt/airflow/dags/dag.py
[2026-05-13T12:45:27.670+0000] {processor.py:830} INFO - Processing file /opt/airflow/dags/dag.py for tasks to queue
[2026-05-13T12:45:27.671+0000] {logging_mixin.py:188} INFO - [2026-05-13T12:45:27.671+0000] {dagbag.py:538} INFO - Filling up the DagBag from /opt/airflow/dags/dag.py
[2026-05-13T12:45:28.505+0000] {processor.py:840} INFO - DAG(s) 'workshop_etl_3' retrieved from /opt/airflow/dags/dag.py
[2026-05-13T12:45:28.524+0000] {logging_mixin.py:188} INFO - [2026-05-13T12:45:28.523+0000] {dag.py:3036} INFO - Sync 1 DAGs
[2026-05-13T12:45:28.533+0000] {logging_mixin.py:188} INFO - [2026-05-13T12:45:28.533+0000] {dag.py:3823} INFO - Setting next_dagrun for workshop_etl_3 to None, run_after=None
[2026-05-13T12:45:28.555+0000] {processor.py:183} INFO - Processing /opt/airflow/dags/dag.py took 0.889 seconds
[2026-05-13T12:45:58.862+0000] {processor.py:161} INFO - Started process (PID=1832) to work on /opt/airflow/dags/dag.py
[2026-05-13T12:45:58.864+0000] {processor.py:830} INFO - Processing file /opt/airflow/dags/dag.py for tasks to queue
[2026-05-13T12:45:58.865+0000] {logging_mixin.py:188} INFO - [2026-05-13T12:45:58.864+0000] {dagbag.py:538} INFO - Filling up the DagBag from /opt/airflow/dags/dag.py
[2026-05-13T12:45:59.840+0000] {processor.py:840} INFO - DAG(s) 'workshop_etl_3' retrieved from /opt/airflow/dags/dag.py
[2026-05-13T12:45:59.860+0000] {logging_mixin.py:188} INFO - [2026-05-13T12:45:59.860+0000] {dag.py:3036} INFO - Sync 1 DAGs
[2026-05-13T12:45:59.868+0000] {logging_mixin.py:188} INFO - [2026-05-13T12:45:59.868+0000] {dag.py:3823} INFO - Setting next_dagrun for workshop_etl_3 to None, run_after=None
[2026-05-13T12:45:59.891+0000] {processor.py:183} INFO - Processing /opt/airflow/dags/dag.py took 1.031 seconds
[2026-05-13T12:46:30.194+0000] {processor.py:161} INFO - Started process (PID=1850) to work on /opt/airflow/dags/dag.py
[2026-05-13T12:46:30.195+0000] {processor.py:830} INFO - Processing file /opt/airflow/dags/dag.py for tasks to queue
[2026-05-13T12:46:30.196+0000] {logging_mixin.py:188} INFO - [2026-05-13T12:46:30.195+0000] {dagbag.py:538} INFO - Filling up the DagBag from /opt/airflow/dags/dag.py
[2026-05-13T12:46:31.034+0000] {processor.py:840} INFO - DAG(s) 'workshop_etl_3' retrieved from /opt/airflow/dags/dag.py
[2026-05-13T12:46:31.051+0000] {logging_mixin.py:188} INFO - [2026-05-13T12:46:31.051+0000] {dag.py:3036} INFO - Sync 1 DAGs
[2026-05-13T12:46:31.059+0000] {logging_mixin.py:188} INFO - [2026-05-13T12:46:31.058+0000] {dag.py:3823} INFO - Setting next_dagrun for workshop_etl_3 to None, run_after=None
[2026-05-13T12:46:31.077+0000] {processor.py:183} INFO - Processing /opt/airflow/dags/dag.py took 0.886 seconds
[2026-05-13T12:47:01.416+0000] {processor.py:161} INFO - Started process (PID=1868) to work on /opt/airflow/dags/dag.py
[2026-05-13T12:47:01.417+0000] {processor.py:830} INFO - Processing file /opt/airflow/dags/dag.py for tasks to queue
[2026-05-13T12:47:01.418+0000] {logging_mixin.py:188} INFO - [2026-05-13T12:47:01.417+0000] {dagbag.py:538} INFO - Filling up the DagBag from /opt/airflow/dags/dag.py
[2026-05-13T12:47:02.175+0000] {processor.py:840} INFO - DAG(s) 'workshop_etl_3' retrieved from /opt/airflow/dags/dag.py
[2026-05-13T12:47:02.192+0000] {logging_mixin.py:188} INFO - [2026-05-13T12:47:02.192+0000] {dag.py:3036} INFO - Sync 1 DAGs
[2026-05-13T12:47:02.201+0000] {logging_mixin.py:188} INFO - [2026-05-13T12:47:02.200+0000] {dag.py:3823} INFO - Setting next_dagrun for workshop_etl_3 to None, run_after=None
[2026-05-13T12:47:02.221+0000] {processor.py:183} INFO - Processing /opt/airflow/dags/dag.py took 0.807 seconds
[2026-05-13T12:47:32.567+0000] {processor.py:161} INFO - Started process (PID=1886) to work on /opt/airflow/dags/dag.py
[2026-05-13T12:47:32.568+0000] {processor.py:830} INFO - Processing file /opt/airflow/dags/dag.py for tasks to queue
[2026-05-13T12:47:32.569+0000] {logging_mixin.py:188} INFO - [2026-05-13T12:47:32.569+0000] {dagbag.py:538} INFO - Filling up the DagBag from /opt/airflow/dags/dag.py
[2026-05-13T12:47:33.368+0000] {processor.py:840} INFO - DAG(s) 'workshop_etl_3' retrieved from /opt/airflow/dags/dag.py
[2026-05-13T12:47:33.387+0000] {logging_mixin.py:188} INFO - [2026-05-13T12:47:33.387+0000] {dag.py:3036} INFO - Sync 1 DAGs
[2026-05-13T12:47:33.395+0000] {logging_mixin.py:188} INFO - [2026-05-13T12:47:33.395+0000] {dag.py:3823} INFO - Setting next_dagrun for workshop_etl_3 to None, run_after=None
[2026-05-13T12:47:33.414+0000] {processor.py:183} INFO - Processing /opt/airflow/dags/dag.py took 0.851 seconds
[2026-05-13T12:48:03.761+0000] {processor.py:161} INFO - Started process (PID=1904) to work on /opt/airflow/dags/dag.py
[2026-05-13T12:48:03.763+0000] {processor.py:830} INFO - Processing file /opt/airflow/dags/dag.py for tasks to queue
[2026-05-13T12:48:03.764+0000] {logging_mixin.py:188} INFO - [2026-05-13T12:48:03.763+0000] {dagbag.py:538} INFO - Filling up the DagBag from /opt/airflow/dags/dag.py
[2026-05-13T12:48:04.585+0000] {processor.py:840} INFO - DAG(s) 'workshop_etl_3' retrieved from /opt/airflow/dags/dag.py
[2026-05-13T12:48:04.603+0000] {logging_mixin.py:188} INFO - [2026-05-13T12:48:04.603+0000] {dag.py:3036} INFO - Sync 1 DAGs
[2026-05-13T12:48:04.613+0000] {logging_mixin.py:188} INFO - [2026-05-13T12:48:04.613+0000] {dag.py:3823} INFO - Setting next_dagrun for workshop_etl_3 to None, run_after=None
[2026-05-13T12:48:04.631+0000] {processor.py:183} INFO - Processing /opt/airflow/dags/dag.py took 0.873 seconds
[2026-05-13T12:48:34.966+0000] {processor.py:161} INFO - Started process (PID=1922) to work on /opt/airflow/dags/dag.py
[2026-05-13T12:48:34.967+0000] {processor.py:830} INFO - Processing file /opt/airflow/dags/dag.py for tasks to queue
[2026-05-13T12:48:34.969+0000] {logging_mixin.py:188} INFO - [2026-05-13T12:48:34.969+0000] {dagbag.py:538} INFO - Filling up the DagBag from /opt/airflow/dags/dag.py
[2026-05-13T12:48:35.754+0000] {processor.py:840} INFO - DAG(s) 'workshop_etl_3' retrieved from /opt/airflow/dags/dag.py
[2026-05-13T12:48:35.772+0000] {logging_mixin.py:188} INFO - [2026-05-13T12:48:35.771+0000] {dag.py:3036} INFO - Sync 1 DAGs
[2026-05-13T12:48:35.781+0000] {logging_mixin.py:188} INFO - [2026-05-13T12:48:35.781+0000] {dag.py:3823} INFO - Setting next_dagrun for workshop_etl_3 to None, run_after=None
[2026-05-13T12:48:35.802+0000] {processor.py:183} INFO - Processing /opt/airflow/dags/dag.py took 0.839 seconds
[2026-05-13T12:49:06.127+0000] {processor.py:161} INFO - Started process (PID=1940) to work on /opt/airflow/dags/dag.py
[2026-05-13T12:49:06.128+0000] {processor.py:830} INFO - Processing file /opt/airflow/dags/dag.py for tasks to queue
[2026-05-13T12:49:06.130+0000] {logging_mixin.py:188} INFO - [2026-05-13T12:49:06.129+0000] {dagbag.py:538} INFO - Filling up the DagBag from /opt/airflow/dags/dag.py
[2026-05-13T12:49:06.952+0000] {processor.py:840} INFO - DAG(s) 'workshop_etl_3' retrieved from /opt/airflow/dags/dag.py
[2026-05-13T12:49:06.971+0000] {logging_mixin.py:188} INFO - [2026-05-13T12:49:06.971+0000] {dag.py:3036} INFO - Sync 1 DAGs
[2026-05-13T12:49:06.980+0000] {logging_mixin.py:188} INFO - [2026-05-13T12:49:06.979+0000] {dag.py:3823} INFO - Setting next_dagrun for workshop_etl_3 to None, run_after=None
[2026-05-13T12:49:07.001+0000] {processor.py:183} INFO - Processing /opt/airflow/dags/dag.py took 0.879 seconds
[2026-05-13T12:49:37.289+0000] {processor.py:161} INFO - Started process (PID=1958) to work on /opt/airflow/dags/dag.py
[2026-05-13T12:49:37.290+0000] {processor.py:830} INFO - Processing file /opt/airflow/dags/dag.py for tasks to queue
[2026-05-13T12:49:37.292+0000] {logging_mixin.py:188} INFO - [2026-05-13T12:49:37.291+0000] {dagbag.py:538} INFO - Filling up the DagBag from /opt/airflow/dags/dag.py
[2026-05-13T12:49:38.152+0000] {processor.py:840} INFO - DAG(s) 'workshop_etl_3' retrieved from /opt/airflow/dags/dag.py
[2026-05-13T12:49:38.172+0000] {logging_mixin.py:188} INFO - [2026-05-13T12:49:38.172+0000] {dag.py:3036} INFO - Sync 1 DAGs
[2026-05-13T12:49:38.181+0000] {logging_mixin.py:188} INFO - [2026-05-13T12:49:38.181+0000] {dag.py:3823} INFO - Setting next_dagrun for workshop_etl_3 to None, run_after=None
[2026-05-13T12:49:38.210+0000] {processor.py:183} INFO - Processing /opt/airflow/dags/dag.py took 0.923 seconds
[2026-05-13T12:50:08.479+0000] {processor.py:161} INFO - Started process (PID=1976) to work on /opt/airflow/dags/dag.py
[2026-05-13T12:50:08.480+0000] {processor.py:830} INFO - Processing file /opt/airflow/dags/dag.py for tasks to queue
[2026-05-13T12:50:08.481+0000] {logging_mixin.py:188} INFO - [2026-05-13T12:50:08.481+0000] {dagbag.py:538} INFO - Filling up the DagBag from /opt/airflow/dags/dag.py
[2026-05-13T12:50:09.386+0000] {processor.py:840} INFO - DAG(s) 'workshop_etl_3' retrieved from /opt/airflow/dags/dag.py
[2026-05-13T12:50:09.407+0000] {logging_mixin.py:188} INFO - [2026-05-13T12:50:09.407+0000] {dag.py:3036} INFO - Sync 1 DAGs
[2026-05-13T12:50:09.416+0000] {logging_mixin.py:188} INFO - [2026-05-13T12:50:09.415+0000] {dag.py:3823} INFO - Setting next_dagrun for workshop_etl_3 to None, run_after=None
[2026-05-13T12:50:09.440+0000] {processor.py:183} INFO - Processing /opt/airflow/dags/dag.py took 0.964 seconds
[2026-05-13T12:50:39.731+0000] {processor.py:161} INFO - Started process (PID=1994) to work on /opt/airflow/dags/dag.py
[2026-05-13T12:50:39.733+0000] {processor.py:830} INFO - Processing file /opt/airflow/dags/dag.py for tasks to queue
[2026-05-13T12:50:39.737+0000] {logging_mixin.py:188} INFO - [2026-05-13T12:50:39.737+0000] {dagbag.py:538} INFO - Filling up the DagBag from /opt/airflow/dags/dag.py
[2026-05-13T12:50:40.629+0000] {processor.py:840} INFO - DAG(s) 'workshop_etl_3' retrieved from /opt/airflow/dags/dag.py
[2026-05-13T12:50:40.650+0000] {logging_mixin.py:188} INFO - [2026-05-13T12:50:40.650+0000] {dag.py:3036} INFO - Sync 1 DAGs
[2026-05-13T12:50:40.659+0000] {logging_mixin.py:188} INFO - [2026-05-13T12:50:40.659+0000] {dag.py:3823} INFO - Setting next_dagrun for workshop_etl_3 to None, run_after=None
[2026-05-13T12:50:40.680+0000] {processor.py:183} INFO - Processing /opt/airflow/dags/dag.py took 0.953 seconds
[2026-05-13T12:51:11.015+0000] {processor.py:161} INFO - Started process (PID=2012) to work on /opt/airflow/dags/dag.py
[2026-05-13T12:51:11.016+0000] {processor.py:830} INFO - Processing file /opt/airflow/dags/dag.py for tasks to queue
[2026-05-13T12:51:11.017+0000] {logging_mixin.py:188} INFO - [2026-05-13T12:51:11.016+0000] {dagbag.py:538} INFO - Filling up the DagBag from /opt/airflow/dags/dag.py
[2026-05-13T12:51:11.930+0000] {processor.py:840} INFO - DAG(s) 'workshop_etl_3' retrieved from /opt/airflow/dags/dag.py
[2026-05-13T12:51:11.955+0000] {logging_mixin.py:188} INFO - [2026-05-13T12:51:11.955+0000] {dag.py:3036} INFO - Sync 1 DAGs
[2026-05-13T12:51:11.965+0000] {logging_mixin.py:188} INFO - [2026-05-13T12:51:11.965+0000] {dag.py:3823} INFO - Setting next_dagrun for workshop_etl_3 to None, run_after=None
[2026-05-13T12:51:11.990+0000] {processor.py:183} INFO - Processing /opt/airflow/dags/dag.py took 0.978 seconds
[2026-05-13T12:51:42.393+0000] {processor.py:161} INFO - Started process (PID=2030) to work on /opt/airflow/dags/dag.py
[2026-05-13T12:51:42.394+0000] {processor.py:830} INFO - Processing file /opt/airflow/dags/dag.py for tasks to queue
[2026-05-13T12:51:42.395+0000] {logging_mixin.py:188} INFO - [2026-05-13T12:51:42.395+0000] {dagbag.py:538} INFO - Filling up the DagBag from /opt/airflow/dags/dag.py
[2026-05-13T12:51:43.155+0000] {processor.py:840} INFO - DAG(s) 'workshop_etl_3' retrieved from /opt/airflow/dags/dag.py
[2026-05-13T12:51:43.179+0000] {logging_mixin.py:188} INFO - [2026-05-13T12:51:43.178+0000] {dag.py:3036} INFO - Sync 1 DAGs
[2026-05-13T12:51:43.188+0000] {logging_mixin.py:188} INFO - [2026-05-13T12:51:43.188+0000] {dag.py:3823} INFO - Setting next_dagrun for workshop_etl_3 to None, run_after=None
[2026-05-13T12:51:43.209+0000] {processor.py:183} INFO - Processing /opt/airflow/dags/dag.py took 0.818 seconds
[2026-05-13T12:52:13.553+0000] {processor.py:161} INFO - Started process (PID=2048) to work on /opt/airflow/dags/dag.py
[2026-05-13T12:52:13.554+0000] {processor.py:830} INFO - Processing file /opt/airflow/dags/dag.py for tasks to queue
[2026-05-13T12:52:13.556+0000] {logging_mixin.py:188} INFO - [2026-05-13T12:52:13.555+0000] {dagbag.py:538} INFO - Filling up the DagBag from /opt/airflow/dags/dag.py
[2026-05-13T12:52:14.352+0000] {processor.py:840} INFO - DAG(s) 'workshop_etl_3' retrieved from /opt/airflow/dags/dag.py
[2026-05-13T12:52:14.373+0000] {logging_mixin.py:188} INFO - [2026-05-13T12:52:14.373+0000] {dag.py:3036} INFO - Sync 1 DAGs
[2026-05-13T12:52:14.381+0000] {logging_mixin.py:188} INFO - [2026-05-13T12:52:14.381+0000] {dag.py:3823} INFO - Setting next_dagrun for workshop_etl_3 to None, run_after=None
[2026-05-13T12:52:14.400+0000] {processor.py:183} INFO - Processing /opt/airflow/dags/dag.py took 0.851 seconds
[2026-05-13T12:52:44.712+0000] {processor.py:161} INFO - Started process (PID=2066) to work on /opt/airflow/dags/dag.py
[2026-05-13T12:52:44.714+0000] {processor.py:830} INFO - Processing file /opt/airflow/dags/dag.py for tasks to queue
[2026-05-13T12:52:44.715+0000] {logging_mixin.py:188} INFO - [2026-05-13T12:52:44.715+0000] {dagbag.py:538} INFO - Filling up the DagBag from /opt/airflow/dags/dag.py
[2026-05-13T12:52:45.568+0000] {processor.py:840} INFO - DAG(s) 'workshop_etl_3' retrieved from /opt/airflow/dags/dag.py
[2026-05-13T12:52:45.589+0000] {logging_mixin.py:188} INFO - [2026-05-13T12:52:45.589+0000] {dag.py:3036} INFO - Sync 1 DAGs
[2026-05-13T12:52:45.598+0000] {logging_mixin.py:188} INFO - [2026-05-13T12:52:45.598+0000] {dag.py:3823} INFO - Setting next_dagrun for workshop_etl_3 to None, run_after=None
[2026-05-13T12:52:45.621+0000] {processor.py:183} INFO - Processing /opt/airflow/dags/dag.py took 0.912 seconds
[2026-05-13T12:53:15.873+0000] {processor.py:161} INFO - Started process (PID=2084) to work on /opt/airflow/dags/dag.py
[2026-05-13T12:53:15.874+0000] {processor.py:830} INFO - Processing file /opt/airflow/dags/dag.py for tasks to queue
[2026-05-13T12:53:15.875+0000] {logging_mixin.py:188} INFO - [2026-05-13T12:53:15.875+0000] {dagbag.py:538} INFO - Filling up the DagBag from /opt/airflow/dags/dag.py
[2026-05-13T12:53:16.802+0000] {processor.py:840} INFO - DAG(s) 'workshop_etl_3' retrieved from /opt/airflow/dags/dag.py
[2026-05-13T12:53:16.822+0000] {logging_mixin.py:188} INFO - [2026-05-13T12:53:16.821+0000] {dag.py:3036} INFO - Sync 1 DAGs
[2026-05-13T12:53:16.831+0000] {logging_mixin.py:188} INFO - [2026-05-13T12:53:16.831+0000] {dag.py:3823} INFO - Setting next_dagrun for workshop_etl_3 to None, run_after=None
[2026-05-13T12:53:16.853+0000] {processor.py:183} INFO - Processing /opt/airflow/dags/dag.py took 0.982 seconds
[2026-05-13T12:53:47.099+0000] {processor.py:161} INFO - Started process (PID=2102) to work on /opt/airflow/dags/dag.py
[2026-05-13T12:53:47.101+0000] {processor.py:830} INFO - Processing file /opt/airflow/dags/dag.py for tasks to queue
[2026-05-13T12:53:47.102+0000] {logging_mixin.py:188} INFO - [2026-05-13T12:53:47.102+0000] {dagbag.py:538} INFO - Filling up the DagBag from /opt/airflow/dags/dag.py
[2026-05-13T12:53:47.982+0000] {processor.py:840} INFO - DAG(s) 'workshop_etl_3' retrieved from /opt/airflow/dags/dag.py
[2026-05-13T12:53:48.001+0000] {logging_mixin.py:188} INFO - [2026-05-13T12:53:48.001+0000] {dag.py:3036} INFO - Sync 1 DAGs
[2026-05-13T12:53:48.012+0000] {logging_mixin.py:188} INFO - [2026-05-13T12:53:48.012+0000] {dag.py:3823} INFO - Setting next_dagrun for workshop_etl_3 to None, run_after=None
[2026-05-13T12:53:48.037+0000] {processor.py:183} INFO - Processing /opt/airflow/dags/dag.py took 0.940 seconds
[2026-05-13T12:54:18.328+0000] {processor.py:161} INFO - Started process (PID=2120) to work on /opt/airflow/dags/dag.py
[2026-05-13T12:54:18.330+0000] {processor.py:830} INFO - Processing file /opt/airflow/dags/dag.py for tasks to queue
[2026-05-13T12:54:18.331+0000] {logging_mixin.py:188} INFO - [2026-05-13T12:54:18.331+0000] {dagbag.py:538} INFO - Filling up the DagBag from /opt/airflow/dags/dag.py
[2026-05-13T12:54:19.162+0000] {processor.py:840} INFO - DAG(s) 'workshop_etl_3' retrieved from /opt/airflow/dags/dag.py
[2026-05-13T12:54:19.178+0000] {logging_mixin.py:188} INFO - [2026-05-13T12:54:19.177+0000] {dag.py:3036} INFO - Sync 1 DAGs
[2026-05-13T12:54:19.186+0000] {logging_mixin.py:188} INFO - [2026-05-13T12:54:19.186+0000] {dag.py:3823} INFO - Setting next_dagrun for workshop_etl_3 to None, run_after=None
[2026-05-13T12:54:19.203+0000] {processor.py:183} INFO - Processing /opt/airflow/dags/dag.py took 0.877 seconds
[2026-05-13T12:54:49.561+0000] {processor.py:161} INFO - Started process (PID=2138) to work on /opt/airflow/dags/dag.py
[2026-05-13T12:54:49.563+0000] {processor.py:830} INFO - Processing file /opt/airflow/dags/dag.py for tasks to queue
[2026-05-13T12:54:49.565+0000] {logging_mixin.py:188} INFO - [2026-05-13T12:54:49.564+0000] {dagbag.py:538} INFO - Filling up the DagBag from /opt/airflow/dags/dag.py
[2026-05-13T12:54:50.351+0000] {processor.py:840} INFO - DAG(s) 'workshop_etl_3' retrieved from /opt/airflow/dags/dag.py
[2026-05-13T12:54:50.369+0000] {logging_mixin.py:188} INFO - [2026-05-13T12:54:50.369+0000] {dag.py:3036} INFO - Sync 1 DAGs
[2026-05-13T12:54:50.376+0000] {logging_mixin.py:188} INFO - [2026-05-13T12:54:50.376+0000] {dag.py:3823} INFO - Setting next_dagrun for workshop_etl_3 to None, run_after=None
[2026-05-13T12:54:50.393+0000] {processor.py:183} INFO - Processing /opt/airflow/dags/dag.py took 0.837 seconds
[2026-05-13T12:55:20.758+0000] {processor.py:161} INFO - Started process (PID=2156) to work on /opt/airflow/dags/dag.py
[2026-05-13T12:55:20.760+0000] {processor.py:830} INFO - Processing file /opt/airflow/dags/dag.py for tasks to queue
[2026-05-13T12:55:20.761+0000] {logging_mixin.py:188} INFO - [2026-05-13T12:55:20.761+0000] {dagbag.py:538} INFO - Filling up the DagBag from /opt/airflow/dags/dag.py
[2026-05-13T12:55:21.500+0000] {processor.py:840} INFO - DAG(s) 'workshop_etl_3' retrieved from /opt/airflow/dags/dag.py
[2026-05-13T12:55:21.518+0000] {logging_mixin.py:188} INFO - [2026-05-13T12:55:21.517+0000] {dag.py:3036} INFO - Sync 1 DAGs
[2026-05-13T12:55:21.525+0000] {logging_mixin.py:188} INFO - [2026-05-13T12:55:21.525+0000] {dag.py:3823} INFO - Setting next_dagrun for workshop_etl_3 to None, run_after=None
[2026-05-13T12:55:21.543+0000] {processor.py:183} INFO - Processing /opt/airflow/dags/dag.py took 0.788 seconds
[2026-05-13T12:55:51.926+0000] {processor.py:161} INFO - Started process (PID=2174) to work on /opt/airflow/dags/dag.py
[2026-05-13T12:55:51.927+0000] {processor.py:830} INFO - Processing file /opt/airflow/dags/dag.py for tasks to queue
[2026-05-13T12:55:51.928+0000] {logging_mixin.py:188} INFO - [2026-05-13T12:55:51.928+0000] {dagbag.py:538} INFO - Filling up the DagBag from /opt/airflow/dags/dag.py
[2026-05-13T12:55:52.655+0000] {processor.py:840} INFO - DAG(s) 'workshop_etl_3' retrieved from /opt/airflow/dags/dag.py
[2026-05-13T12:55:52.672+0000] {logging_mixin.py:188} INFO - [2026-05-13T12:55:52.672+0000] {dag.py:3036} INFO - Sync 1 DAGs
[2026-05-13T12:55:52.679+0000] {logging_mixin.py:188} INFO - [2026-05-13T12:55:52.679+0000] {dag.py:3823} INFO - Setting next_dagrun for workshop_etl_3 to None, run_after=None
[2026-05-13T12:55:52.696+0000] {processor.py:183} INFO - Processing /opt/airflow/dags/dag.py took 0.773 seconds
[2026-05-13T12:56:23.098+0000] {processor.py:161} INFO - Started process (PID=2192) to work on /opt/airflow/dags/dag.py
[2026-05-13T12:56:23.099+0000] {processor.py:830} INFO - Processing file /opt/airflow/dags/dag.py for tasks to queue
[2026-05-13T12:56:23.100+0000] {logging_mixin.py:188} INFO - [2026-05-13T12:56:23.100+0000] {dagbag.py:538} INFO - Filling up the DagBag from /opt/airflow/dags/dag.py
[2026-05-13T12:56:23.903+0000] {processor.py:840} INFO - DAG(s) 'workshop_etl_3' retrieved from /opt/airflow/dags/dag.py
[2026-05-13T12:56:23.921+0000] {logging_mixin.py:188} INFO - [2026-05-13T12:56:23.920+0000] {dag.py:3036} INFO - Sync 1 DAGs
[2026-05-13T12:56:23.932+0000] {logging_mixin.py:188} INFO - [2026-05-13T12:56:23.932+0000] {dag.py:3823} INFO - Setting next_dagrun for workshop_etl_3 to None, run_after=None
[2026-05-13T12:56:23.954+0000] {processor.py:183} INFO - Processing /opt/airflow/dags/dag.py took 0.860 seconds
[2026-05-13T12:56:54.350+0000] {processor.py:161} INFO - Started process (PID=2210) to work on /opt/airflow/dags/dag.py
[2026-05-13T12:56:54.351+0000] {processor.py:830} INFO - Processing file /opt/airflow/dags/dag.py for tasks to queue
[2026-05-13T12:56:54.352+0000] {logging_mixin.py:188} INFO - [2026-05-13T12:56:54.352+0000] {dagbag.py:538} INFO - Filling up the DagBag from /opt/airflow/dags/dag.py
[2026-05-13T12:56:55.100+0000] {processor.py:840} INFO - DAG(s) 'workshop_etl_3' retrieved from /opt/airflow/dags/dag.py
[2026-05-13T12:56:55.118+0000] {logging_mixin.py:188} INFO - [2026-05-13T12:56:55.118+0000] {dag.py:3036} INFO - Sync 1 DAGs
[2026-05-13T12:56:55.126+0000] {logging_mixin.py:188} INFO - [2026-05-13T12:56:55.126+0000] {dag.py:3823} INFO - Setting next_dagrun for workshop_etl_3 to None, run_after=None
[2026-05-13T12:56:55.142+0000] {processor.py:183} INFO - Processing /opt/airflow/dags/dag.py took 0.795 seconds
[2026-05-13T12:57:25.533+0000] {processor.py:161} INFO - Started process (PID=2228) to work on /opt/airflow/dags/dag.py
[2026-05-13T12:57:25.534+0000] {processor.py:830} INFO - Processing file /opt/airflow/dags/dag.py for tasks to queue
[2026-05-13T12:57:25.536+0000] {logging_mixin.py:188} INFO - [2026-05-13T12:57:25.535+0000] {dagbag.py:538} INFO - Filling up the DagBag from /opt/airflow/dags/dag.py
[2026-05-13T12:57:26.313+0000] {processor.py:840} INFO - DAG(s) 'workshop_etl_3' retrieved from /opt/airflow/dags/dag.py
[2026-05-13T12:57:26.332+0000] {logging_mixin.py:188} INFO - [2026-05-13T12:57:26.332+0000] {dag.py:3036} INFO - Sync 1 DAGs
[2026-05-13T12:57:26.340+0000] {logging_mixin.py:188} INFO - [2026-05-13T12:57:26.340+0000] {dag.py:3823} INFO - Setting next_dagrun for workshop_etl_3 to None, run_after=None
[2026-05-13T12:57:26.358+0000] {processor.py:183} INFO - Processing /opt/airflow/dags/dag.py took 0.828 seconds
[2026-05-13T12:57:56.704+0000] {processor.py:161} INFO - Started process (PID=2246) to work on /opt/airflow/dags/dag.py
[2026-05-13T12:57:56.705+0000] {processor.py:830} INFO - Processing file /opt/airflow/dags/dag.py for tasks to queue
[2026-05-13T12:57:56.706+0000] {logging_mixin.py:188} INFO - [2026-05-13T12:57:56.706+0000] {dagbag.py:538} INFO - Filling up the DagBag from /opt/airflow/dags/dag.py
[2026-05-13T12:57:57.451+0000] {processor.py:840} INFO - DAG(s) 'workshop_etl_3' retrieved from /opt/airflow/dags/dag.py
[2026-05-13T12:57:57.467+0000] {logging_mixin.py:188} INFO - [2026-05-13T12:57:57.466+0000] {dag.py:3036} INFO - Sync 1 DAGs
[2026-05-13T12:57:57.475+0000] {logging_mixin.py:188} INFO - [2026-05-13T12:57:57.475+0000] {dag.py:3823} INFO - Setting next_dagrun for workshop_etl_3 to None, run_after=None
[2026-05-13T12:57:57.492+0000] {processor.py:183} INFO - Processing /opt/airflow/dags/dag.py took 0.790 seconds
[2026-05-13T12:58:27.687+0000] {processor.py:161} INFO - Started process (PID=2264) to work on /opt/airflow/dags/dag.py
[2026-05-13T12:58:27.688+0000] {processor.py:830} INFO - Processing file /opt/airflow/dags/dag.py for tasks to queue
[2026-05-13T12:58:27.689+0000] {logging_mixin.py:188} INFO - [2026-05-13T12:58:27.689+0000] {dagbag.py:538} INFO - Filling up the DagBag from /opt/airflow/dags/dag.py
[2026-05-13T12:58:28.621+0000] {processor.py:840} INFO - DAG(s) 'workshop_etl_3' retrieved from /opt/airflow/dags/dag.py
[2026-05-13T12:58:28.648+0000] {logging_mixin.py:188} INFO - [2026-05-13T12:58:28.648+0000] {dag.py:3036} INFO - Sync 1 DAGs
[2026-05-13T12:58:28.659+0000] {logging_mixin.py:188} INFO - [2026-05-13T12:58:28.659+0000] {dag.py:3823} INFO - Setting next_dagrun for workshop_etl_3 to None, run_after=None
[2026-05-13T12:58:28.682+0000] {processor.py:183} INFO - Processing /opt/airflow/dags/dag.py took 0.998 seconds
[2026-05-13T12:58:59.078+0000] {processor.py:161} INFO - Started process (PID=2282) to work on /opt/airflow/dags/dag.py
[2026-05-13T12:58:59.081+0000] {processor.py:830} INFO - Processing file /opt/airflow/dags/dag.py for tasks to queue
[2026-05-13T12:58:59.083+0000] {logging_mixin.py:188} INFO - [2026-05-13T12:58:59.082+0000] {dagbag.py:538} INFO - Filling up the DagBag from /opt/airflow/dags/dag.py
[2026-05-13T12:59:00.114+0000] {processor.py:840} INFO - DAG(s) 'workshop_etl_3' retrieved from /opt/airflow/dags/dag.py
[2026-05-13T12:59:00.134+0000] {logging_mixin.py:188} INFO - [2026-05-13T12:59:00.133+0000] {dag.py:3036} INFO - Sync 1 DAGs
[2026-05-13T12:59:00.144+0000] {logging_mixin.py:188} INFO - [2026-05-13T12:59:00.144+0000] {dag.py:3823} INFO - Setting next_dagrun for workshop_etl_3 to None, run_after=None
[2026-05-13T12:59:00.172+0000] {processor.py:183} INFO - Processing /opt/airflow/dags/dag.py took 1.097 seconds
[2026-05-13T12:59:30.589+0000] {processor.py:161} INFO - Started process (PID=2300) to work on /opt/airflow/dags/dag.py
[2026-05-13T12:59:30.592+0000] {processor.py:830} INFO - Processing file /opt/airflow/dags/dag.py for tasks to queue
[2026-05-13T12:59:30.598+0000] {logging_mixin.py:188} INFO - [2026-05-13T12:59:30.597+0000] {dagbag.py:538} INFO - Filling up the DagBag from /opt/airflow/dags/dag.py
[2026-05-13T12:59:31.548+0000] {processor.py:840} INFO - DAG(s) 'workshop_etl_3' retrieved from /opt/airflow/dags/dag.py
[2026-05-13T12:59:31.566+0000] {logging_mixin.py:188} INFO - [2026-05-13T12:59:31.566+0000] {dag.py:3036} INFO - Sync 1 DAGs
[2026-05-13T12:59:31.575+0000] {logging_mixin.py:188} INFO - [2026-05-13T12:59:31.575+0000] {dag.py:3823} INFO - Setting next_dagrun for workshop_etl_3 to None, run_after=None
[2026-05-13T12:59:31.594+0000] {processor.py:183} INFO - Processing /opt/airflow/dags/dag.py took 1.010 seconds
[2026-05-13T13:00:01.993+0000] {processor.py:161} INFO - Started process (PID=2318) to work on /opt/airflow/dags/dag.py
[2026-05-13T13:00:01.994+0000] {processor.py:830} INFO - Processing file /opt/airflow/dags/dag.py for tasks to queue
[2026-05-13T13:00:01.995+0000] {logging_mixin.py:188} INFO - [2026-05-13T13:00:01.995+0000] {dagbag.py:538} INFO - Filling up the DagBag from /opt/airflow/dags/dag.py
[2026-05-13T13:00:02.847+0000] {processor.py:840} INFO - DAG(s) 'workshop_etl_3' retrieved from /opt/airflow/dags/dag.py
[2026-05-13T13:00:02.865+0000] {logging_mixin.py:188} INFO - [2026-05-13T13:00:02.865+0000] {dag.py:3036} INFO - Sync 1 DAGs
[2026-05-13T13:00:02.872+0000] {logging_mixin.py:188} INFO - [2026-05-13T13:00:02.872+0000] {dag.py:3823} INFO - Setting next_dagrun for workshop_etl_3 to None, run_after=None
[2026-05-13T13:00:02.907+0000] {processor.py:183} INFO - Processing /opt/airflow/dags/dag.py took 0.917 seconds
[2026-05-13T13:00:33.353+0000] {processor.py:161} INFO - Started process (PID=2336) to work on /opt/airflow/dags/dag.py
[2026-05-13T13:00:33.354+0000] {processor.py:830} INFO - Processing file /opt/airflow/dags/dag.py for tasks to queue
[2026-05-13T13:00:33.356+0000] {logging_mixin.py:188} INFO - [2026-05-13T13:00:33.356+0000] {dagbag.py:538} INFO - Filling up the DagBag from /opt/airflow/dags/dag.py
[2026-05-13T13:00:34.271+0000] {processor.py:840} INFO - DAG(s) 'workshop_etl_3' retrieved from /opt/airflow/dags/dag.py
[2026-05-13T13:00:34.292+0000] {logging_mixin.py:188} INFO - [2026-05-13T13:00:34.292+0000] {dag.py:3036} INFO - Sync 1 DAGs
[2026-05-13T13:00:34.303+0000] {logging_mixin.py:188} INFO - [2026-05-13T13:00:34.303+0000] {dag.py:3823} INFO - Setting next_dagrun for workshop_etl_3 to None, run_after=None
[2026-05-13T13:00:34.325+0000] {processor.py:183} INFO - Processing /opt/airflow/dags/dag.py took 0.976 seconds
[2026-05-13T13:01:04.767+0000] {processor.py:161} INFO - Started process (PID=2354) to work on /opt/airflow/dags/dag.py
[2026-05-13T13:01:04.768+0000] {processor.py:830} INFO - Processing file /opt/airflow/dags/dag.py for tasks to queue
[2026-05-13T13:01:04.769+0000] {logging_mixin.py:188} INFO - [2026-05-13T13:01:04.768+0000] {dagbag.py:538} INFO - Filling up the DagBag from /opt/airflow/dags/dag.py
[2026-05-13T13:01:05.624+0000] {processor.py:840} INFO - DAG(s) 'workshop_etl_3' retrieved from /opt/airflow/dags/dag.py
[2026-05-13T13:01:05.643+0000] {logging_mixin.py:188} INFO - [2026-05-13T13:01:05.643+0000] {dag.py:3036} INFO - Sync 1 DAGs
[2026-05-13T13:01:05.653+0000] {logging_mixin.py:188} INFO - [2026-05-13T13:01:05.653+0000] {dag.py:3823} INFO - Setting next_dagrun for workshop_etl_3 to None, run_after=None
[2026-05-13T13:01:05.674+0000] {processor.py:183} INFO - Processing /opt/airflow/dags/dag.py took 0.910 seconds
[2026-05-13T13:01:36.283+0000] {processor.py:161} INFO - Started process (PID=2372) to work on /opt/airflow/dags/dag.py
[2026-05-13T13:01:36.285+0000] {processor.py:830} INFO - Processing file /opt/airflow/dags/dag.py for tasks to queue
[2026-05-13T13:01:36.287+0000] {logging_mixin.py:188} INFO - [2026-05-13T13:01:36.286+0000] {dagbag.py:538} INFO - Filling up the DagBag from /opt/airflow/dags/dag.py
[2026-05-13T13:01:37.193+0000] {processor.py:840} INFO - DAG(s) 'workshop_etl_3' retrieved from /opt/airflow/dags/dag.py
[2026-05-13T13:01:37.211+0000] {logging_mixin.py:188} INFO - [2026-05-13T13:01:37.211+0000] {dag.py:3036} INFO - Sync 1 DAGs
[2026-05-13T13:01:37.219+0000] {logging_mixin.py:188} INFO - [2026-05-13T13:01:37.219+0000] {dag.py:3823} INFO - Setting next_dagrun for workshop_etl_3 to None, run_after=None
[2026-05-13T13:01:37.241+0000] {processor.py:183} INFO - Processing /opt/airflow/dags/dag.py took 0.964 seconds
[2026-05-13T13:02:07.604+0000] {processor.py:161} INFO - Started process (PID=2390) to work on /opt/airflow/dags/dag.py
[2026-05-13T13:02:07.607+0000] {processor.py:830} INFO - Processing file /opt/airflow/dags/dag.py for tasks to queue
[2026-05-13T13:02:07.609+0000] {logging_mixin.py:188} INFO - [2026-05-13T13:02:07.609+0000] {dagbag.py:538} INFO - Filling up the DagBag from /opt/airflow/dags/dag.py
[2026-05-13T13:02:08.542+0000] {processor.py:840} INFO - DAG(s) 'workshop_etl_3' retrieved from /opt/airflow/dags/dag.py
[2026-05-13T13:02:08.564+0000] {logging_mixin.py:188} INFO - [2026-05-13T13:02:08.564+0000] {dag.py:3036} INFO - Sync 1 DAGs
[2026-05-13T13:02:08.574+0000] {logging_mixin.py:188} INFO - [2026-05-13T13:02:08.573+0000] {dag.py:3823} INFO - Setting next_dagrun for workshop_etl_3 to None, run_after=None
[2026-05-13T13:02:08.594+0000] {processor.py:183} INFO - Processing /opt/airflow/dags/dag.py took 0.993 seconds
[2026-05-13T13:02:39.015+0000] {processor.py:161} INFO - Started process (PID=2408) to work on /opt/airflow/dags/dag.py
[2026-05-13T13:02:39.017+0000] {processor.py:830} INFO - Processing file /opt/airflow/dags/dag.py for tasks to queue
[2026-05-13T13:02:39.018+0000] {logging_mixin.py:188} INFO - [2026-05-13T13:02:39.018+0000] {dagbag.py:538} INFO - Filling up the DagBag from /opt/airflow/dags/dag.py
[2026-05-13T13:02:40.169+0000] {processor.py:840} INFO - DAG(s) 'workshop_etl_3' retrieved from /opt/airflow/dags/dag.py
[2026-05-13T13:02:40.187+0000] {logging_mixin.py:188} INFO - [2026-05-13T13:02:40.187+0000] {dag.py:3036} INFO - Sync 1 DAGs
[2026-05-13T13:02:40.198+0000] {logging_mixin.py:188} INFO - [2026-05-13T13:02:40.198+0000] {dag.py:3823} INFO - Setting next_dagrun for workshop_etl_3 to None, run_after=None
[2026-05-13T13:02:40.233+0000] {processor.py:183} INFO - Processing /opt/airflow/dags/dag.py took 1.223 seconds
[2026-05-13T13:03:10.375+0000] {processor.py:161} INFO - Started process (PID=2426) to work on /opt/airflow/dags/dag.py
[2026-05-13T13:03:10.376+0000] {processor.py:830} INFO - Processing file /opt/airflow/dags/dag.py for tasks to queue
[2026-05-13T13:03:10.377+0000] {logging_mixin.py:188} INFO - [2026-05-13T13:03:10.377+0000] {dagbag.py:538} INFO - Filling up the DagBag from /opt/airflow/dags/dag.py
[2026-05-13T13:03:11.338+0000] {processor.py:840} INFO - DAG(s) 'workshop_etl_3' retrieved from /opt/airflow/dags/dag.py
[2026-05-13T13:03:11.357+0000] {logging_mixin.py:188} INFO - [2026-05-13T13:03:11.357+0000] {dag.py:3036} INFO - Sync 1 DAGs
[2026-05-13T13:03:11.367+0000] {logging_mixin.py:188} INFO - [2026-05-13T13:03:11.367+0000] {dag.py:3823} INFO - Setting next_dagrun for workshop_etl_3 to None, run_after=None
[2026-05-13T13:03:11.387+0000] {processor.py:183} INFO - Processing /opt/airflow/dags/dag.py took 1.015 seconds
[2026-05-13T13:03:41.842+0000] {processor.py:161} INFO - Started process (PID=2444) to work on /opt/airflow/dags/dag.py
[2026-05-13T13:03:41.845+0000] {processor.py:830} INFO - Processing file /opt/airflow/dags/dag.py for tasks to queue
[2026-05-13T13:03:41.848+0000] {logging_mixin.py:188} INFO - [2026-05-13T13:03:41.847+0000] {dagbag.py:538} INFO - Filling up the DagBag from /opt/airflow/dags/dag.py
[2026-05-13T13:03:42.895+0000] {processor.py:840} INFO - DAG(s) 'workshop_etl_3' retrieved from /opt/airflow/dags/dag.py
[2026-05-13T13:03:42.914+0000] {logging_mixin.py:188} INFO - [2026-05-13T13:03:42.914+0000] {dag.py:3036} INFO - Sync 1 DAGs
[2026-05-13T13:03:42.922+0000] {logging_mixin.py:188} INFO - [2026-05-13T13:03:42.922+0000] {dag.py:3823} INFO - Setting next_dagrun for workshop_etl_3 to None, run_after=None
[2026-05-13T13:03:42.950+0000] {processor.py:183} INFO - Processing /opt/airflow/dags/dag.py took 1.113 seconds
[2026-05-13T13:04:13.225+0000] {processor.py:161} INFO - Started process (PID=2462) to work on /opt/airflow/dags/dag.py
[2026-05-13T13:04:13.227+0000] {processor.py:830} INFO - Processing file /opt/airflow/dags/dag.py for tasks to queue
[2026-05-13T13:04:13.228+0000] {logging_mixin.py:188} INFO - [2026-05-13T13:04:13.227+0000] {dagbag.py:538} INFO - Filling up the DagBag from /opt/airflow/dags/dag.py
[2026-05-13T13:04:14.019+0000] {processor.py:840} INFO - DAG(s) 'workshop_etl_3' retrieved from /opt/airflow/dags/dag.py
[2026-05-13T13:04:14.038+0000] {logging_mixin.py:188} INFO - [2026-05-13T13:04:14.037+0000] {dag.py:3036} INFO - Sync 1 DAGs
[2026-05-13T13:04:14.046+0000] {logging_mixin.py:188} INFO - [2026-05-13T13:04:14.046+0000] {dag.py:3823} INFO - Setting next_dagrun for workshop_etl_3 to None, run_after=None
[2026-05-13T13:04:14.065+0000] {processor.py:183} INFO - Processing /opt/airflow/dags/dag.py took 0.846 seconds
[2026-05-13T13:04:44.452+0000] {processor.py:161} INFO - Started process (PID=2480) to work on /opt/airflow/dags/dag.py
[2026-05-13T13:04:44.454+0000] {processor.py:830} INFO - Processing file /opt/airflow/dags/dag.py for tasks to queue
[2026-05-13T13:04:44.461+0000] {logging_mixin.py:188} INFO - [2026-05-13T13:04:44.461+0000] {dagbag.py:538} INFO - Filling up the DagBag from /opt/airflow/dags/dag.py
[2026-05-13T13:04:45.362+0000] {processor.py:840} INFO - DAG(s) 'workshop_etl_3' retrieved from /opt/airflow/dags/dag.py
[2026-05-13T13:04:45.382+0000] {logging_mixin.py:188} INFO - [2026-05-13T13:04:45.381+0000] {dag.py:3036} INFO - Sync 1 DAGs
[2026-05-13T13:04:45.391+0000] {logging_mixin.py:188} INFO - [2026-05-13T13:04:45.391+0000] {dag.py:3823} INFO - Setting next_dagrun for workshop_etl_3 to None, run_after=None
[2026-05-13T13:04:45.416+0000] {processor.py:183} INFO - Processing /opt/airflow/dags/dag.py took 0.968 seconds
[2026-05-13T13:05:15.740+0000] {processor.py:161} INFO - Started process (PID=2498) to work on /opt/airflow/dags/dag.py
[2026-05-13T13:05:15.741+0000] {processor.py:830} INFO - Processing file /opt/airflow/dags/dag.py for tasks to queue
[2026-05-13T13:05:15.742+0000] {logging_mixin.py:188} INFO - [2026-05-13T13:05:15.742+0000] {dagbag.py:538} INFO - Filling up the DagBag from /opt/airflow/dags/dag.py
[2026-05-13T13:05:16.520+0000] {processor.py:840} INFO - DAG(s) 'workshop_etl_3' retrieved from /opt/airflow/dags/dag.py
[2026-05-13T13:05:16.542+0000] {logging_mixin.py:188} INFO - [2026-05-13T13:05:16.541+0000] {dag.py:3036} INFO - Sync 1 DAGs
[2026-05-13T13:05:16.551+0000] {logging_mixin.py:188} INFO - [2026-05-13T13:05:16.550+0000] {dag.py:3823} INFO - Setting next_dagrun for workshop_etl_3 to None, run_after=None
[2026-05-13T13:05:16.573+0000] {processor.py:183} INFO - Processing /opt/airflow/dags/dag.py took 0.836 seconds
[2026-05-13T13:05:46.952+0000] {processor.py:161} INFO - Started process (PID=2516) to work on /opt/airflow/dags/dag.py
[2026-05-13T13:05:46.954+0000] {processor.py:830} INFO - Processing file /opt/airflow/dags/dag.py for tasks to queue
[2026-05-13T13:05:46.955+0000] {logging_mixin.py:188} INFO - [2026-05-13T13:05:46.954+0000] {dagbag.py:538} INFO - Filling up the DagBag from /opt/airflow/dags/dag.py
[2026-05-13T13:05:47.810+0000] {processor.py:840} INFO - DAG(s) 'workshop_etl_3' retrieved from /opt/airflow/dags/dag.py
[2026-05-13T13:05:47.827+0000] {logging_mixin.py:188} INFO - [2026-05-13T13:05:47.827+0000] {dag.py:3036} INFO - Sync 1 DAGs
[2026-05-13T13:05:47.835+0000] {logging_mixin.py:188} INFO - [2026-05-13T13:05:47.835+0000] {dag.py:3823} INFO - Setting next_dagrun for workshop_etl_3 to None, run_after=None
[2026-05-13T13:05:47.853+0000] {processor.py:183} INFO - Processing /opt/airflow/dags/dag.py took 0.903 seconds
[2026-05-13T13:06:18.387+0000] {processor.py:161} INFO - Started process (PID=2534) to work on /opt/airflow/dags/dag.py
[2026-05-13T13:06:18.389+0000] {processor.py:830} INFO - Processing file /opt/airflow/dags/dag.py for tasks to queue
[2026-05-13T13:06:18.390+0000] {logging_mixin.py:188} INFO - [2026-05-13T13:06:18.390+0000] {dagbag.py:538} INFO - Filling up the DagBag from /opt/airflow/dags/dag.py
[2026-05-13T13:06:19.384+0000] {processor.py:840} INFO - DAG(s) 'workshop_etl_3' retrieved from /opt/airflow/dags/dag.py
[2026-05-13T13:06:19.406+0000] {logging_mixin.py:188} INFO - [2026-05-13T13:06:19.406+0000] {dag.py:3036} INFO - Sync 1 DAGs
[2026-05-13T13:06:19.419+0000] {logging_mixin.py:188} INFO - [2026-05-13T13:06:19.418+0000] {dag.py:3823} INFO - Setting next_dagrun for workshop_etl_3 to None, run_after=None
[2026-05-13T13:06:19.445+0000] {processor.py:183} INFO - Processing /opt/airflow/dags/dag.py took 1.061 seconds
[2026-05-13T13:06:49.713+0000] {processor.py:161} INFO - Started process (PID=2552) to work on /opt/airflow/dags/dag.py
[2026-05-13T13:06:49.715+0000] {processor.py:830} INFO - Processing file /opt/airflow/dags/dag.py for tasks to queue
[2026-05-13T13:06:49.716+0000] {logging_mixin.py:188} INFO - [2026-05-13T13:06:49.715+0000] {dagbag.py:538} INFO - Filling up the DagBag from /opt/airflow/dags/dag.py
[2026-05-13T13:06:50.497+0000] {processor.py:840} INFO - DAG(s) 'workshop_etl_3' retrieved from /opt/airflow/dags/dag.py
[2026-05-13T13:06:50.528+0000] {logging_mixin.py:188} INFO - [2026-05-13T13:06:50.528+0000] {dag.py:3036} INFO - Sync 1 DAGs
[2026-05-13T13:06:50.536+0000] {logging_mixin.py:188} INFO - [2026-05-13T13:06:50.536+0000] {dag.py:3823} INFO - Setting next_dagrun for workshop_etl_3 to None, run_after=None
[2026-05-13T13:06:50.557+0000] {processor.py:183} INFO - Processing /opt/airflow/dags/dag.py took 0.847 seconds
[2026-05-13T13:07:20.886+0000] {processor.py:161} INFO - Started process (PID=2570) to work on /opt/airflow/dags/dag.py
[2026-05-13T13:07:20.888+0000] {processor.py:830} INFO - Processing file /opt/airflow/dags/dag.py for tasks to queue
[2026-05-13T13:07:20.888+0000] {logging_mixin.py:188} INFO - [2026-05-13T13:07:20.888+0000] {dagbag.py:538} INFO - Filling up the DagBag from /opt/airflow/dags/dag.py
[2026-05-13T13:07:21.750+0000] {processor.py:840} INFO - DAG(s) 'workshop_etl_3' retrieved from /opt/airflow/dags/dag.py
[2026-05-13T13:07:21.771+0000] {logging_mixin.py:188} INFO - [2026-05-13T13:07:21.770+0000] {dag.py:3036} INFO - Sync 1 DAGs
[2026-05-13T13:07:21.781+0000] {logging_mixin.py:188} INFO - [2026-05-13T13:07:21.780+0000] {dag.py:3823} INFO - Setting next_dagrun for workshop_etl_3 to None, run_after=None
[2026-05-13T13:07:21.807+0000] {processor.py:183} INFO - Processing /opt/airflow/dags/dag.py took 0.923 seconds
[2026-05-13T13:07:52.171+0000] {processor.py:161} INFO - Started process (PID=2588) to work on /opt/airflow/dags/dag.py
[2026-05-13T13:07:52.172+0000] {processor.py:830} INFO - Processing file /opt/airflow/dags/dag.py for tasks to queue
[2026-05-13T13:07:52.174+0000] {logging_mixin.py:188} INFO - [2026-05-13T13:07:52.173+0000] {dagbag.py:538} INFO - Filling up the DagBag from /opt/airflow/dags/dag.py
[2026-05-13T13:07:52.983+0000] {processor.py:840} INFO - DAG(s) 'workshop_etl_3' retrieved from /opt/airflow/dags/dag.py
[2026-05-13T13:07:53.002+0000] {logging_mixin.py:188} INFO - [2026-05-13T13:07:53.002+0000] {dag.py:3036} INFO - Sync 1 DAGs
[2026-05-13T13:07:53.012+0000] {logging_mixin.py:188} INFO - [2026-05-13T13:07:53.012+0000] {dag.py:3823} INFO - Setting next_dagrun for workshop_etl_3 to None, run_after=None
[2026-05-13T13:07:53.034+0000] {processor.py:183} INFO - Processing /opt/airflow/dags/dag.py took 0.868 seconds
[2026-05-13T13:08:23.366+0000] {processor.py:161} INFO - Started process (PID=2606) to work on /opt/airflow/dags/dag.py
[2026-05-13T13:08:23.368+0000] {processor.py:830} INFO - Processing file /opt/airflow/dags/dag.py for tasks to queue
[2026-05-13T13:08:23.369+0000] {logging_mixin.py:188} INFO - [2026-05-13T13:08:23.368+0000] {dagbag.py:538} INFO - Filling up the DagBag from /opt/airflow/dags/dag.py
[2026-05-13T13:08:24.131+0000] {processor.py:840} INFO - DAG(s) 'workshop_etl_3' retrieved from /opt/airflow/dags/dag.py
[2026-05-13T13:08:24.148+0000] {logging_mixin.py:188} INFO - [2026-05-13T13:08:24.148+0000] {dag.py:3036} INFO - Sync 1 DAGs
[2026-05-13T13:08:24.157+0000] {logging_mixin.py:188} INFO - [2026-05-13T13:08:24.157+0000] {dag.py:3823} INFO - Setting next_dagrun for workshop_etl_3 to None, run_after=None
[2026-05-13T13:08:24.177+0000] {processor.py:183} INFO - Processing /opt/airflow/dags/dag.py took 0.814 seconds
[2026-05-13T13:08:54.557+0000] {processor.py:161} INFO - Started process (PID=2624) to work on /opt/airflow/dags/dag.py
[2026-05-13T13:08:54.558+0000] {processor.py:830} INFO - Processing file /opt/airflow/dags/dag.py for tasks to queue
[2026-05-13T13:08:54.559+0000] {logging_mixin.py:188} INFO - [2026-05-13T13:08:54.559+0000] {dagbag.py:538} INFO - Filling up the DagBag from /opt/airflow/dags/dag.py
[2026-05-13T13:08:55.397+0000] {processor.py:840} INFO - DAG(s) 'workshop_etl_3' retrieved from /opt/airflow/dags/dag.py
[2026-05-13T13:08:55.417+0000] {logging_mixin.py:188} INFO - [2026-05-13T13:08:55.416+0000] {dag.py:3036} INFO - Sync 1 DAGs
[2026-05-13T13:08:55.425+0000] {logging_mixin.py:188} INFO - [2026-05-13T13:08:55.424+0000] {dag.py:3823} INFO - Setting next_dagrun for workshop_etl_3 to None, run_after=None
[2026-05-13T13:08:55.444+0000] {processor.py:183} INFO - Processing /opt/airflow/dags/dag.py took 0.891 seconds
[2026-05-13T13:09:25.768+0000] {processor.py:161} INFO - Started process (PID=2642) to work on /opt/airflow/dags/dag.py
[2026-05-13T13:09:25.769+0000] {processor.py:830} INFO - Processing file /opt/airflow/dags/dag.py for tasks to queue
[2026-05-13T13:09:25.770+0000] {logging_mixin.py:188} INFO - [2026-05-13T13:09:25.770+0000] {dagbag.py:538} INFO - Filling up the DagBag from /opt/airflow/dags/dag.py
[2026-05-13T13:09:26.635+0000] {processor.py:840} INFO - DAG(s) 'workshop_etl_3' retrieved from /opt/airflow/dags/dag.py
[2026-05-13T13:09:26.656+0000] {logging_mixin.py:188} INFO - [2026-05-13T13:09:26.656+0000] {dag.py:3036} INFO - Sync 1 DAGs
[2026-05-13T13:09:26.665+0000] {logging_mixin.py:188} INFO - [2026-05-13T13:09:26.665+0000] {dag.py:3823} INFO - Setting next_dagrun for workshop_etl_3 to None, run_after=None
[2026-05-13T13:09:26.687+0000] {processor.py:183} INFO - Processing /opt/airflow/dags/dag.py took 0.921 seconds
[2026-05-13T13:09:57.130+0000] {processor.py:161} INFO - Started process (PID=2660) to work on /opt/airflow/dags/dag.py
[2026-05-13T13:09:57.133+0000] {processor.py:830} INFO - Processing file /opt/airflow/dags/dag.py for tasks to queue
[2026-05-13T13:09:57.135+0000] {logging_mixin.py:188} INFO - [2026-05-13T13:09:57.134+0000] {dagbag.py:538} INFO - Filling up the DagBag from /opt/airflow/dags/dag.py
[2026-05-13T13:09:57.971+0000] {processor.py:840} INFO - DAG(s) 'workshop_etl_3' retrieved from /opt/airflow/dags/dag.py
[2026-05-13T13:09:57.990+0000] {logging_mixin.py:188} INFO - [2026-05-13T13:09:57.989+0000] {dag.py:3036} INFO - Sync 1 DAGs
[2026-05-13T13:09:57.998+0000] {logging_mixin.py:188} INFO - [2026-05-13T13:09:57.997+0000] {dag.py:3823} INFO - Setting next_dagrun for workshop_etl_3 to None, run_after=None
[2026-05-13T13:09:58.017+0000] {processor.py:183} INFO - Processing /opt/airflow/dags/dag.py took 0.893 seconds
[2026-05-13T13:10:28.344+0000] {processor.py:161} INFO - Started process (PID=2678) to work on /opt/airflow/dags/dag.py
[2026-05-13T13:10:28.346+0000] {processor.py:830} INFO - Processing file /opt/airflow/dags/dag.py for tasks to queue
[2026-05-13T13:10:28.347+0000] {logging_mixin.py:188} INFO - [2026-05-13T13:10:28.347+0000] {dagbag.py:538} INFO - Filling up the DagBag from /opt/airflow/dags/dag.py
[2026-05-13T13:10:29.126+0000] {processor.py:840} INFO - DAG(s) 'workshop_etl_3' retrieved from /opt/airflow/dags/dag.py
[2026-05-13T13:10:29.144+0000] {logging_mixin.py:188} INFO - [2026-05-13T13:10:29.144+0000] {dag.py:3036} INFO - Sync 1 DAGs
[2026-05-13T13:10:29.152+0000] {logging_mixin.py:188} INFO - [2026-05-13T13:10:29.152+0000] {dag.py:3823} INFO - Setting next_dagrun for workshop_etl_3 to None, run_after=None
[2026-05-13T13:10:29.171+0000] {processor.py:183} INFO - Processing /opt/airflow/dags/dag.py took 0.830 seconds
[2026-05-13T13:10:59.551+0000] {processor.py:161} INFO - Started process (PID=2696) to work on /opt/airflow/dags/dag.py
[2026-05-13T13:10:59.553+0000] {processor.py:830} INFO - Processing file /opt/airflow/dags/dag.py for tasks to queue
[2026-05-13T13:10:59.554+0000] {logging_mixin.py:188} INFO - [2026-05-13T13:10:59.554+0000] {dagbag.py:538} INFO - Filling up the DagBag from /opt/airflow/dags/dag.py
[2026-05-13T13:11:00.408+0000] {processor.py:840} INFO - DAG(s) 'workshop_etl_3' retrieved from /opt/airflow/dags/dag.py
[2026-05-13T13:11:00.427+0000] {logging_mixin.py:188} INFO - [2026-05-13T13:11:00.427+0000] {dag.py:3036} INFO - Sync 1 DAGs
[2026-05-13T13:11:00.436+0000] {logging_mixin.py:188} INFO - [2026-05-13T13:11:00.436+0000] {dag.py:3823} INFO - Setting next_dagrun for workshop_etl_3 to None, run_after=None
[2026-05-13T13:11:00.460+0000] {processor.py:183} INFO - Processing /opt/airflow/dags/dag.py took 0.912 seconds
[2026-05-13T13:11:30.845+0000] {processor.py:161} INFO - Started process (PID=2714) to work on /opt/airflow/dags/dag.py
[2026-05-13T13:11:30.846+0000] {processor.py:830} INFO - Processing file /opt/airflow/dags/dag.py for tasks to queue
[2026-05-13T13:11:30.847+0000] {logging_mixin.py:188} INFO - [2026-05-13T13:11:30.847+0000] {dagbag.py:538} INFO - Filling up the DagBag from /opt/airflow/dags/dag.py
[2026-05-13T13:11:31.683+0000] {processor.py:840} INFO - DAG(s) 'workshop_etl_3' retrieved from /opt/airflow/dags/dag.py
[2026-05-13T13:11:31.704+0000] {logging_mixin.py:188} INFO - [2026-05-13T13:11:31.703+0000] {dag.py:3036} INFO - Sync 1 DAGs
[2026-05-13T13:11:31.714+0000] {logging_mixin.py:188} INFO - [2026-05-13T13:11:31.714+0000] {dag.py:3823} INFO - Setting next_dagrun for workshop_etl_3 to None, run_after=None
[2026-05-13T13:11:31.740+0000] {processor.py:183} INFO - Processing /opt/airflow/dags/dag.py took 0.898 seconds
[2026-05-13T13:12:02.097+0000] {processor.py:161} INFO - Started process (PID=2732) to work on /opt/airflow/dags/dag.py
[2026-05-13T13:12:02.098+0000] {processor.py:830} INFO - Processing file /opt/airflow/dags/dag.py for tasks to queue
[2026-05-13T13:12:02.099+0000] {logging_mixin.py:188} INFO - [2026-05-13T13:12:02.099+0000] {dagbag.py:538} INFO - Filling up the DagBag from /opt/airflow/dags/dag.py
[2026-05-13T13:12:02.955+0000] {processor.py:840} INFO - DAG(s) 'workshop_etl_3' retrieved from /opt/airflow/dags/dag.py
[2026-05-13T13:12:02.974+0000] {logging_mixin.py:188} INFO - [2026-05-13T13:12:02.974+0000] {dag.py:3036} INFO - Sync 1 DAGs
[2026-05-13T13:12:02.983+0000] {logging_mixin.py:188} INFO - [2026-05-13T13:12:02.983+0000] {dag.py:3823} INFO - Setting next_dagrun for workshop_etl_3 to None, run_after=None
[2026-05-13T13:12:03.008+0000] {processor.py:183} INFO - Processing /opt/airflow/dags/dag.py took 0.913 seconds
[2026-05-13T13:12:33.272+0000] {processor.py:161} INFO - Started process (PID=2750) to work on /opt/airflow/dags/dag.py
[2026-05-13T13:12:33.273+0000] {processor.py:830} INFO - Processing file /opt/airflow/dags/dag.py for tasks to queue
[2026-05-13T13:12:33.275+0000] {logging_mixin.py:188} INFO - [2026-05-13T13:12:33.274+0000] {dagbag.py:538} INFO - Filling up the DagBag from /opt/airflow/dags/dag.py
[2026-05-13T13:12:34.167+0000] {processor.py:840} INFO - DAG(s) 'workshop_etl_3' retrieved from /opt/airflow/dags/dag.py
[2026-05-13T13:12:34.187+0000] {logging_mixin.py:188} INFO - [2026-05-13T13:12:34.187+0000] {dag.py:3036} INFO - Sync 1 DAGs
[2026-05-13T13:12:34.195+0000] {logging_mixin.py:188} INFO - [2026-05-13T13:12:34.195+0000] {dag.py:3823} INFO - Setting next_dagrun for workshop_etl_3 to None, run_after=None
[2026-05-13T13:12:34.217+0000] {processor.py:183} INFO - Processing /opt/airflow/dags/dag.py took 0.948 seconds
[2026-05-13T13:13:04.455+0000] {processor.py:161} INFO - Started process (PID=2768) to work on /opt/airflow/dags/dag.py
[2026-05-13T13:13:04.457+0000] {processor.py:830} INFO - Processing file /opt/airflow/dags/dag.py for tasks to queue
[2026-05-13T13:13:04.458+0000] {logging_mixin.py:188} INFO - [2026-05-13T13:13:04.458+0000] {dagbag.py:538} INFO - Filling up the DagBag from /opt/airflow/dags/dag.py
[2026-05-13T13:13:05.322+0000] {processor.py:840} INFO - DAG(s) 'workshop_etl_3' retrieved from /opt/airflow/dags/dag.py
[2026-05-13T13:13:05.342+0000] {logging_mixin.py:188} INFO - [2026-05-13T13:13:05.341+0000] {dag.py:3036} INFO - Sync 1 DAGs
[2026-05-13T13:13:05.351+0000] {logging_mixin.py:188} INFO - [2026-05-13T13:13:05.351+0000] {dag.py:3823} INFO - Setting next_dagrun for workshop_etl_3 to None, run_after=None
[2026-05-13T13:13:05.375+0000] {processor.py:183} INFO - Processing /opt/airflow/dags/dag.py took 0.923 seconds
[2026-05-13T13:13:35.671+0000] {processor.py:161} INFO - Started process (PID=2786) to work on /opt/airflow/dags/dag.py
[2026-05-13T13:13:35.672+0000] {processor.py:830} INFO - Processing file /opt/airflow/dags/dag.py for tasks to queue
[2026-05-13T13:13:35.673+0000] {logging_mixin.py:188} INFO - [2026-05-13T13:13:35.673+0000] {dagbag.py:538} INFO - Filling up the DagBag from /opt/airflow/dags/dag.py
[2026-05-13T13:13:36.494+0000] {processor.py:840} INFO - DAG(s) 'workshop_etl_3' retrieved from /opt/airflow/dags/dag.py
[2026-05-13T13:13:36.514+0000] {logging_mixin.py:188} INFO - [2026-05-13T13:13:36.514+0000] {dag.py:3036} INFO - Sync 1 DAGs
[2026-05-13T13:13:36.524+0000] {logging_mixin.py:188} INFO - [2026-05-13T13:13:36.524+0000] {dag.py:3823} INFO - Setting next_dagrun for workshop_etl_3 to None, run_after=None
[2026-05-13T13:13:36.546+0000] {processor.py:183} INFO - Processing /opt/airflow/dags/dag.py took 0.881 seconds
[2026-05-13T13:14:06.864+0000] {processor.py:161} INFO - Started process (PID=2804) to work on /opt/airflow/dags/dag.py
[2026-05-13T13:14:06.865+0000] {processor.py:830} INFO - Processing file /opt/airflow/dags/dag.py for tasks to queue
[2026-05-13T13:14:06.866+0000] {logging_mixin.py:188} INFO - [2026-05-13T13:14:06.866+0000] {dagbag.py:538} INFO - Filling up the DagBag from /opt/airflow/dags/dag.py
[2026-05-13T13:14:07.710+0000] {processor.py:840} INFO - DAG(s) 'workshop_etl_3' retrieved from /opt/airflow/dags/dag.py
[2026-05-13T13:14:07.727+0000] {logging_mixin.py:188} INFO - [2026-05-13T13:14:07.727+0000] {dag.py:3036} INFO - Sync 1 DAGs
[2026-05-13T13:14:07.736+0000] {logging_mixin.py:188} INFO - [2026-05-13T13:14:07.736+0000] {dag.py:3823} INFO - Setting next_dagrun for workshop_etl_3 to None, run_after=None
[2026-05-13T13:14:07.755+0000] {processor.py:183} INFO - Processing /opt/airflow/dags/dag.py took 0.894 seconds
[2026-05-13T13:14:38.114+0000] {processor.py:161} INFO - Started process (PID=2822) to work on /opt/airflow/dags/dag.py
[2026-05-13T13:14:38.115+0000] {processor.py:830} INFO - Processing file /opt/airflow/dags/dag.py for tasks to queue
[2026-05-13T13:14:38.116+0000] {logging_mixin.py:188} INFO - [2026-05-13T13:14:38.116+0000] {dagbag.py:538} INFO - Filling up the DagBag from /opt/airflow/dags/dag.py
[2026-05-13T13:14:38.898+0000] {processor.py:840} INFO - DAG(s) 'workshop_etl_3' retrieved from /opt/airflow/dags/dag.py
[2026-05-13T13:14:38.916+0000] {logging_mixin.py:188} INFO - [2026-05-13T13:14:38.916+0000] {dag.py:3036} INFO - Sync 1 DAGs
[2026-05-13T13:14:38.924+0000] {logging_mixin.py:188} INFO - [2026-05-13T13:14:38.924+0000] {dag.py:3823} INFO - Setting next_dagrun for workshop_etl_3 to None, run_after=None
[2026-05-13T13:14:38.943+0000] {processor.py:183} INFO - Processing /opt/airflow/dags/dag.py took 0.833 seconds
[2026-05-13T13:15:09.282+0000] {processor.py:161} INFO - Started process (PID=2840) to work on /opt/airflow/dags/dag.py
[2026-05-13T13:15:09.283+0000] {processor.py:830} INFO - Processing file /opt/airflow/dags/dag.py for tasks to queue
[2026-05-13T13:15:09.284+0000] {logging_mixin.py:188} INFO - [2026-05-13T13:15:09.284+0000] {dagbag.py:538} INFO - Filling up the DagBag from /opt/airflow/dags/dag.py
[2026-05-13T13:15:10.145+0000] {processor.py:840} INFO - DAG(s) 'workshop_etl_3' retrieved from /opt/airflow/dags/dag.py
[2026-05-13T13:15:10.165+0000] {logging_mixin.py:188} INFO - [2026-05-13T13:15:10.164+0000] {dag.py:3036} INFO - Sync 1 DAGs
[2026-05-13T13:15:10.173+0000] {logging_mixin.py:188} INFO - [2026-05-13T13:15:10.173+0000] {dag.py:3823} INFO - Setting next_dagrun for workshop_etl_3 to None, run_after=None
[2026-05-13T13:15:10.193+0000] {processor.py:183} INFO - Processing /opt/airflow/dags/dag.py took 0.914 seconds
[2026-05-13T13:15:40.500+0000] {processor.py:161} INFO - Started process (PID=2858) to work on /opt/airflow/dags/dag.py
[2026-05-13T13:15:40.501+0000] {processor.py:830} INFO - Processing file /opt/airflow/dags/dag.py for tasks to queue
[2026-05-13T13:15:40.502+0000] {logging_mixin.py:188} INFO - [2026-05-13T13:15:40.502+0000] {dagbag.py:538} INFO - Filling up the DagBag from /opt/airflow/dags/dag.py
[2026-05-13T13:15:41.285+0000] {processor.py:840} INFO - DAG(s) 'workshop_etl_3' retrieved from /opt/airflow/dags/dag.py
[2026-05-13T13:15:41.302+0000] {logging_mixin.py:188} INFO - [2026-05-13T13:15:41.302+0000] {dag.py:3036} INFO - Sync 1 DAGs
[2026-05-13T13:15:41.310+0000] {logging_mixin.py:188} INFO - [2026-05-13T13:15:41.309+0000] {dag.py:3823} INFO - Setting next_dagrun for workshop_etl_3 to None, run_after=None
[2026-05-13T13:15:41.328+0000] {processor.py:183} INFO - Processing /opt/airflow/dags/dag.py took 0.831 seconds
[2026-05-13T13:16:11.574+0000] {processor.py:161} INFO - Started process (PID=2876) to work on /opt/airflow/dags/dag.py
[2026-05-13T13:16:11.575+0000] {processor.py:830} INFO - Processing file /opt/airflow/dags/dag.py for tasks to queue
[2026-05-13T13:16:11.576+0000] {logging_mixin.py:188} INFO - [2026-05-13T13:16:11.576+0000] {dagbag.py:538} INFO - Filling up the DagBag from /opt/airflow/dags/dag.py
[2026-05-13T13:16:12.331+0000] {processor.py:840} INFO - DAG(s) 'workshop_etl_3' retrieved from /opt/airflow/dags/dag.py
[2026-05-13T13:16:12.348+0000] {logging_mixin.py:188} INFO - [2026-05-13T13:16:12.348+0000] {dag.py:3036} INFO - Sync 1 DAGs
[2026-05-13T13:16:12.356+0000] {logging_mixin.py:188} INFO - [2026-05-13T13:16:12.356+0000] {dag.py:3823} INFO - Setting next_dagrun for workshop_etl_3 to None, run_after=None
[2026-05-13T13:16:12.376+0000] {processor.py:183} INFO - Processing /opt/airflow/dags/dag.py took 0.805 seconds
[2026-05-13T13:16:42.902+0000] {processor.py:161} INFO - Started process (PID=2894) to work on /opt/airflow/dags/dag.py
[2026-05-13T13:16:42.903+0000] {processor.py:830} INFO - Processing file /opt/airflow/dags/dag.py for tasks to queue
[2026-05-13T13:16:42.904+0000] {logging_mixin.py:188} INFO - [2026-05-13T13:16:42.904+0000] {dagbag.py:538} INFO - Filling up the DagBag from /opt/airflow/dags/dag.py
[2026-05-13T13:16:43.718+0000] {processor.py:840} INFO - DAG(s) 'workshop_etl_3' retrieved from /opt/airflow/dags/dag.py
[2026-05-13T13:16:43.738+0000] {logging_mixin.py:188} INFO - [2026-05-13T13:16:43.738+0000] {dag.py:3036} INFO - Sync 1 DAGs
[2026-05-13T13:16:43.748+0000] {logging_mixin.py:188} INFO - [2026-05-13T13:16:43.748+0000] {dag.py:3823} INFO - Setting next_dagrun for workshop_etl_3 to None, run_after=None
[2026-05-13T13:16:43.770+0000] {processor.py:183} INFO - Processing /opt/airflow/dags/dag.py took 0.870 seconds
[2026-05-13T13:17:14.109+0000] {processor.py:161} INFO - Started process (PID=2912) to work on /opt/airflow/dags/dag.py
[2026-05-13T13:17:14.111+0000] {processor.py:830} INFO - Processing file /opt/airflow/dags/dag.py for tasks to queue
[2026-05-13T13:17:14.112+0000] {logging_mixin.py:188} INFO - [2026-05-13T13:17:14.112+0000] {dagbag.py:538} INFO - Filling up the DagBag from /opt/airflow/dags/dag.py
[2026-05-13T13:17:15.039+0000] {processor.py:840} INFO - DAG(s) 'workshop_etl_3' retrieved from /opt/airflow/dags/dag.py
[2026-05-13T13:17:15.057+0000] {logging_mixin.py:188} INFO - [2026-05-13T13:17:15.056+0000] {dag.py:3036} INFO - Sync 1 DAGs
[2026-05-13T13:17:15.065+0000] {logging_mixin.py:188} INFO - [2026-05-13T13:17:15.064+0000] {dag.py:3823} INFO - Setting next_dagrun for workshop_etl_3 to None, run_after=None
[2026-05-13T13:17:15.082+0000] {processor.py:183} INFO - Processing /opt/airflow/dags/dag.py took 0.978 seconds
[2026-05-13T13:17:45.391+0000] {processor.py:161} INFO - Started process (PID=2930) to work on /opt/airflow/dags/dag.py
[2026-05-13T13:17:45.392+0000] {processor.py:830} INFO - Processing file /opt/airflow/dags/dag.py for tasks to queue
[2026-05-13T13:17:45.392+0000] {logging_mixin.py:188} INFO - [2026-05-13T13:17:45.392+0000] {dagbag.py:538} INFO - Filling up the DagBag from /opt/airflow/dags/dag.py
[2026-05-13T13:17:46.281+0000] {processor.py:840} INFO - DAG(s) 'workshop_etl_3' retrieved from /opt/airflow/dags/dag.py
[2026-05-13T13:17:46.304+0000] {logging_mixin.py:188} INFO - [2026-05-13T13:17:46.303+0000] {dag.py:3036} INFO - Sync 1 DAGs
[2026-05-13T13:17:46.314+0000] {logging_mixin.py:188} INFO - [2026-05-13T13:17:46.314+0000] {dag.py:3823} INFO - Setting next_dagrun for workshop_etl_3 to None, run_after=None
[2026-05-13T13:17:46.335+0000] {processor.py:183} INFO - Processing /opt/airflow/dags/dag.py took 0.947 seconds
[2026-05-13T13:18:16.679+0000] {processor.py:161} INFO - Started process (PID=2948) to work on /opt/airflow/dags/dag.py
[2026-05-13T13:18:16.681+0000] {processor.py:830} INFO - Processing file /opt/airflow/dags/dag.py for tasks to queue
[2026-05-13T13:18:16.682+0000] {logging_mixin.py:188} INFO - [2026-05-13T13:18:16.682+0000] {dagbag.py:538} INFO - Filling up the DagBag from /opt/airflow/dags/dag.py
[2026-05-13T13:18:17.676+0000] {processor.py:840} INFO - DAG(s) 'workshop_etl_3' retrieved from /opt/airflow/dags/dag.py
[2026-05-13T13:18:17.696+0000] {logging_mixin.py:188} INFO - [2026-05-13T13:18:17.695+0000] {dag.py:3036} INFO - Sync 1 DAGs
[2026-05-13T13:18:17.704+0000] {logging_mixin.py:188} INFO - [2026-05-13T13:18:17.704+0000] {dag.py:3823} INFO - Setting next_dagrun for workshop_etl_3 to None, run_after=None
[2026-05-13T13:18:17.723+0000] {processor.py:183} INFO - Processing /opt/airflow/dags/dag.py took 1.047 seconds
[2026-05-13T13:18:48.018+0000] {processor.py:161} INFO - Started process (PID=2966) to work on /opt/airflow/dags/dag.py
[2026-05-13T13:18:48.020+0000] {processor.py:830} INFO - Processing file /opt/airflow/dags/dag.py for tasks to queue
[2026-05-13T13:18:48.021+0000] {logging_mixin.py:188} INFO - [2026-05-13T13:18:48.021+0000] {dagbag.py:538} INFO - Filling up the DagBag from /opt/airflow/dags/dag.py
[2026-05-13T13:18:48.861+0000] {processor.py:840} INFO - DAG(s) 'workshop_etl_3' retrieved from /opt/airflow/dags/dag.py
[2026-05-13T13:18:48.880+0000] {logging_mixin.py:188} INFO - [2026-05-13T13:18:48.880+0000] {dag.py:3036} INFO - Sync 1 DAGs
[2026-05-13T13:18:48.891+0000] {logging_mixin.py:188} INFO - [2026-05-13T13:18:48.890+0000] {dag.py:3823} INFO - Setting next_dagrun for workshop_etl_3 to None, run_after=None
[2026-05-13T13:18:48.927+0000] {processor.py:183} INFO - Processing /opt/airflow/dags/dag.py took 0.914 seconds
[2026-05-13T13:19:19.253+0000] {processor.py:161} INFO - Started process (PID=2984) to work on /opt/airflow/dags/dag.py
[2026-05-13T13:19:19.255+0000] {processor.py:830} INFO - Processing file /opt/airflow/dags/dag.py for tasks to queue
[2026-05-13T13:19:19.255+0000] {logging_mixin.py:188} INFO - [2026-05-13T13:19:19.255+0000] {dagbag.py:538} INFO - Filling up the DagBag from /opt/airflow/dags/dag.py
[2026-05-13T13:19:20.068+0000] {processor.py:840} INFO - DAG(s) 'workshop_etl_3' retrieved from /opt/airflow/dags/dag.py
[2026-05-13T13:19:20.085+0000] {logging_mixin.py:188} INFO - [2026-05-13T13:19:20.085+0000] {dag.py:3036} INFO - Sync 1 DAGs
[2026-05-13T13:19:20.094+0000] {logging_mixin.py:188} INFO - [2026-05-13T13:19:20.093+0000] {dag.py:3823} INFO - Setting next_dagrun for workshop_etl_3 to None, run_after=None
[2026-05-13T13:19:20.116+0000] {processor.py:183} INFO - Processing /opt/airflow/dags/dag.py took 0.865 seconds
[2026-05-13T13:19:50.465+0000] {processor.py:161} INFO - Started process (PID=3002) to work on /opt/airflow/dags/dag.py
[2026-05-13T13:19:50.467+0000] {processor.py:830} INFO - Processing file /opt/airflow/dags/dag.py for tasks to queue
[2026-05-13T13:19:50.468+0000] {logging_mixin.py:188} INFO - [2026-05-13T13:19:50.467+0000] {dagbag.py:538} INFO - Filling up the DagBag from /opt/airflow/dags/dag.py
[2026-05-13T13:19:51.343+0000] {processor.py:840} INFO - DAG(s) 'workshop_etl_3' retrieved from /opt/airflow/dags/dag.py
[2026-05-13T13:19:51.362+0000] {logging_mixin.py:188} INFO - [2026-05-13T13:19:51.362+0000] {dag.py:3036} INFO - Sync 1 DAGs
[2026-05-13T13:19:51.370+0000] {logging_mixin.py:188} INFO - [2026-05-13T13:19:51.370+0000] {dag.py:3823} INFO - Setting next_dagrun for workshop_etl_3 to None, run_after=None
[2026-05-13T13:19:51.393+0000] {processor.py:183} INFO - Processing /opt/airflow/dags/dag.py took 0.930 seconds
[2026-05-13T13:20:21.723+0000] {processor.py:161} INFO - Started process (PID=3020) to work on /opt/airflow/dags/dag.py
[2026-05-13T13:20:21.724+0000] {processor.py:830} INFO - Processing file /opt/airflow/dags/dag.py for tasks to queue
[2026-05-13T13:20:21.725+0000] {logging_mixin.py:188} INFO - [2026-05-13T13:20:21.725+0000] {dagbag.py:538} INFO - Filling up the DagBag from /opt/airflow/dags/dag.py
[2026-05-13T13:20:22.559+0000] {processor.py:840} INFO - DAG(s) 'workshop_etl_3' retrieved from /opt/airflow/dags/dag.py
[2026-05-13T13:20:22.578+0000] {logging_mixin.py:188} INFO - [2026-05-13T13:20:22.578+0000] {dag.py:3036} INFO - Sync 1 DAGs
[2026-05-13T13:20:22.585+0000] {logging_mixin.py:188} INFO - [2026-05-13T13:20:22.585+0000] {dag.py:3823} INFO - Setting next_dagrun for workshop_etl_3 to None, run_after=None
[2026-05-13T13:20:22.605+0000] {processor.py:183} INFO - Processing /opt/airflow/dags/dag.py took 0.884 seconds
[2026-05-13T13:20:52.926+0000] {processor.py:161} INFO - Started process (PID=3038) to work on /opt/airflow/dags/dag.py
[2026-05-13T13:20:52.927+0000] {processor.py:830} INFO - Processing file /opt/airflow/dags/dag.py for tasks to queue
[2026-05-13T13:20:52.928+0000] {logging_mixin.py:188} INFO - [2026-05-13T13:20:52.927+0000] {dagbag.py:538} INFO - Filling up the DagBag from /opt/airflow/dags/dag.py
[2026-05-13T13:20:53.748+0000] {processor.py:840} INFO - DAG(s) 'workshop_etl_3' retrieved from /opt/airflow/dags/dag.py
[2026-05-13T13:20:53.767+0000] {logging_mixin.py:188} INFO - [2026-05-13T13:20:53.767+0000] {dag.py:3036} INFO - Sync 1 DAGs
[2026-05-13T13:20:53.775+0000] {logging_mixin.py:188} INFO - [2026-05-13T13:20:53.775+0000] {dag.py:3823} INFO - Setting next_dagrun for workshop_etl_3 to None, run_after=None
[2026-05-13T13:20:53.793+0000] {processor.py:183} INFO - Processing /opt/airflow/dags/dag.py took 0.871 seconds
[2026-05-13T13:21:24.242+0000] {processor.py:161} INFO - Started process (PID=3056) to work on /opt/airflow/dags/dag.py
[2026-05-13T13:21:24.243+0000] {processor.py:830} INFO - Processing file /opt/airflow/dags/dag.py for tasks to queue
[2026-05-13T13:21:24.246+0000] {logging_mixin.py:188} INFO - [2026-05-13T13:21:24.246+0000] {dagbag.py:538} INFO - Filling up the DagBag from /opt/airflow/dags/dag.py
[2026-05-13T13:21:25.092+0000] {processor.py:840} INFO - DAG(s) 'workshop_etl_3' retrieved from /opt/airflow/dags/dag.py
[2026-05-13T13:21:25.111+0000] {logging_mixin.py:188} INFO - [2026-05-13T13:21:25.111+0000] {dag.py:3036} INFO - Sync 1 DAGs
[2026-05-13T13:21:25.119+0000] {logging_mixin.py:188} INFO - [2026-05-13T13:21:25.119+0000] {dag.py:3823} INFO - Setting next_dagrun for workshop_etl_3 to None, run_after=None
[2026-05-13T13:21:25.141+0000] {processor.py:183} INFO - Processing /opt/airflow/dags/dag.py took 0.902 seconds
[2026-05-13T13:21:55.444+0000] {processor.py:161} INFO - Started process (PID=3074) to work on /opt/airflow/dags/dag.py
[2026-05-13T13:21:55.445+0000] {processor.py:830} INFO - Processing file /opt/airflow/dags/dag.py for tasks to queue
[2026-05-13T13:21:55.446+0000] {logging_mixin.py:188} INFO - [2026-05-13T13:21:55.445+0000] {dagbag.py:538} INFO - Filling up the DagBag from /opt/airflow/dags/dag.py
[2026-05-13T13:21:56.273+0000] {processor.py:840} INFO - DAG(s) 'workshop_etl_3' retrieved from /opt/airflow/dags/dag.py
[2026-05-13T13:21:56.290+0000] {logging_mixin.py:188} INFO - [2026-05-13T13:21:56.290+0000] {dag.py:3036} INFO - Sync 1 DAGs
[2026-05-13T13:21:56.299+0000] {logging_mixin.py:188} INFO - [2026-05-13T13:21:56.299+0000] {dag.py:3823} INFO - Setting next_dagrun for workshop_etl_3 to None, run_after=None
[2026-05-13T13:21:56.321+0000] {processor.py:183} INFO - Processing /opt/airflow/dags/dag.py took 0.879 seconds
[2026-05-13T13:22:26.652+0000] {processor.py:161} INFO - Started process (PID=3092) to work on /opt/airflow/dags/dag.py
[2026-05-13T13:22:26.653+0000] {processor.py:830} INFO - Processing file /opt/airflow/dags/dag.py for tasks to queue
[2026-05-13T13:22:26.654+0000] {logging_mixin.py:188} INFO - [2026-05-13T13:22:26.654+0000] {dagbag.py:538} INFO - Filling up the DagBag from /opt/airflow/dags/dag.py
[2026-05-13T13:22:27.495+0000] {processor.py:840} INFO - DAG(s) 'workshop_etl_3' retrieved from /opt/airflow/dags/dag.py
[2026-05-13T13:22:27.514+0000] {logging_mixin.py:188} INFO - [2026-05-13T13:22:27.514+0000] {dag.py:3036} INFO - Sync 1 DAGs
[2026-05-13T13:22:27.523+0000] {logging_mixin.py:188} INFO - [2026-05-13T13:22:27.523+0000] {dag.py:3823} INFO - Setting next_dagrun for workshop_etl_3 to None, run_after=None
[2026-05-13T13:22:27.551+0000] {processor.py:183} INFO - Processing /opt/airflow/dags/dag.py took 0.903 seconds
[2026-05-13T13:22:57.883+0000] {processor.py:161} INFO - Started process (PID=3110) to work on /opt/airflow/dags/dag.py
[2026-05-13T13:22:57.884+0000] {processor.py:830} INFO - Processing file /opt/airflow/dags/dag.py for tasks to queue
[2026-05-13T13:22:57.885+0000] {logging_mixin.py:188} INFO - [2026-05-13T13:22:57.885+0000] {dagbag.py:538} INFO - Filling up the DagBag from /opt/airflow/dags/dag.py
[2026-05-13T13:22:58.700+0000] {processor.py:840} INFO - DAG(s) 'workshop_etl_3' retrieved from /opt/airflow/dags/dag.py
[2026-05-13T13:22:58.719+0000] {logging_mixin.py:188} INFO - [2026-05-13T13:22:58.718+0000] {dag.py:3036} INFO - Sync 1 DAGs
[2026-05-13T13:22:58.727+0000] {logging_mixin.py:188} INFO - [2026-05-13T13:22:58.727+0000] {dag.py:3823} INFO - Setting next_dagrun for workshop_etl_3 to None, run_after=None
[2026-05-13T13:22:58.745+0000] {processor.py:183} INFO - Processing /opt/airflow/dags/dag.py took 0.865 seconds
[2026-05-13T13:23:29.093+0000] {processor.py:161} INFO - Started process (PID=3128) to work on /opt/airflow/dags/dag.py
[2026-05-13T13:23:29.098+0000] {processor.py:830} INFO - Processing file /opt/airflow/dags/dag.py for tasks to queue
[2026-05-13T13:23:29.100+0000] {logging_mixin.py:188} INFO - [2026-05-13T13:23:29.099+0000] {dagbag.py:538} INFO - Filling up the DagBag from /opt/airflow/dags/dag.py
[2026-05-13T13:23:29.886+0000] {processor.py:840} INFO - DAG(s) 'workshop_etl_3' retrieved from /opt/airflow/dags/dag.py
[2026-05-13T13:23:29.906+0000] {logging_mixin.py:188} INFO - [2026-05-13T13:23:29.906+0000] {dag.py:3036} INFO - Sync 1 DAGs
[2026-05-13T13:23:29.914+0000] {logging_mixin.py:188} INFO - [2026-05-13T13:23:29.913+0000] {dag.py:3823} INFO - Setting next_dagrun for workshop_etl_3 to None, run_after=None
[2026-05-13T13:23:29.934+0000] {processor.py:183} INFO - Processing /opt/airflow/dags/dag.py took 0.845 seconds
[2026-05-13T13:24:00.274+0000] {processor.py:161} INFO - Started process (PID=3146) to work on /opt/airflow/dags/dag.py
[2026-05-13T13:24:00.276+0000] {processor.py:830} INFO - Processing file /opt/airflow/dags/dag.py for tasks to queue
[2026-05-13T13:24:00.277+0000] {logging_mixin.py:188} INFO - [2026-05-13T13:24:00.277+0000] {dagbag.py:538} INFO - Filling up the DagBag from /opt/airflow/dags/dag.py
[2026-05-13T13:24:01.105+0000] {processor.py:840} INFO - DAG(s) 'workshop_etl_3' retrieved from /opt/airflow/dags/dag.py
[2026-05-13T13:24:01.123+0000] {logging_mixin.py:188} INFO - [2026-05-13T13:24:01.122+0000] {dag.py:3036} INFO - Sync 1 DAGs
[2026-05-13T13:24:01.130+0000] {logging_mixin.py:188} INFO - [2026-05-13T13:24:01.130+0000] {dag.py:3823} INFO - Setting next_dagrun for workshop_etl_3 to None, run_after=None
[2026-05-13T13:24:01.152+0000] {processor.py:183} INFO - Processing /opt/airflow/dags/dag.py took 0.881 seconds
[2026-05-13T13:24:31.494+0000] {processor.py:161} INFO - Started process (PID=3164) to work on /opt/airflow/dags/dag.py
[2026-05-13T13:24:31.495+0000] {processor.py:830} INFO - Processing file /opt/airflow/dags/dag.py for tasks to queue
[2026-05-13T13:24:31.496+0000] {logging_mixin.py:188} INFO - [2026-05-13T13:24:31.496+0000] {dagbag.py:538} INFO - Filling up the DagBag from /opt/airflow/dags/dag.py
[2026-05-13T13:24:32.338+0000] {processor.py:840} INFO - DAG(s) 'workshop_etl_3' retrieved from /opt/airflow/dags/dag.py
[2026-05-13T13:24:32.358+0000] {logging_mixin.py:188} INFO - [2026-05-13T13:24:32.357+0000] {dag.py:3036} INFO - Sync 1 DAGs
[2026-05-13T13:24:32.367+0000] {logging_mixin.py:188} INFO - [2026-05-13T13:24:32.366+0000] {dag.py:3823} INFO - Setting next_dagrun for workshop_etl_3 to None, run_after=None
[2026-05-13T13:24:32.390+0000] {processor.py:183} INFO - Processing /opt/airflow/dags/dag.py took 0.899 seconds
[2026-05-13T13:25:02.777+0000] {processor.py:161} INFO - Started process (PID=3182) to work on /opt/airflow/dags/dag.py
[2026-05-13T13:25:02.779+0000] {processor.py:830} INFO - Processing file /opt/airflow/dags/dag.py for tasks to queue
[2026-05-13T13:25:02.780+0000] {logging_mixin.py:188} INFO - [2026-05-13T13:25:02.780+0000] {dagbag.py:538} INFO - Filling up the DagBag from /opt/airflow/dags/dag.py
[2026-05-13T13:25:03.589+0000] {processor.py:840} INFO - DAG(s) 'workshop_etl_3' retrieved from /opt/airflow/dags/dag.py
[2026-05-13T13:25:03.609+0000] {logging_mixin.py:188} INFO - [2026-05-13T13:25:03.609+0000] {dag.py:3036} INFO - Sync 1 DAGs
[2026-05-13T13:25:03.618+0000] {logging_mixin.py:188} INFO - [2026-05-13T13:25:03.617+0000] {dag.py:3823} INFO - Setting next_dagrun for workshop_etl_3 to None, run_after=None
[2026-05-13T13:25:03.640+0000] {processor.py:183} INFO - Processing /opt/airflow/dags/dag.py took 0.868 seconds
[2026-05-13T13:25:33.968+0000] {processor.py:161} INFO - Started process (PID=3200) to work on /opt/airflow/dags/dag.py
[2026-05-13T13:25:33.969+0000] {processor.py:830} INFO - Processing file /opt/airflow/dags/dag.py for tasks to queue
[2026-05-13T13:25:33.970+0000] {logging_mixin.py:188} INFO - [2026-05-13T13:25:33.970+0000] {dagbag.py:538} INFO - Filling up the DagBag from /opt/airflow/dags/dag.py
[2026-05-13T13:25:34.772+0000] {processor.py:840} INFO - DAG(s) 'workshop_etl_3' retrieved from /opt/airflow/dags/dag.py
[2026-05-13T13:25:34.793+0000] {logging_mixin.py:188} INFO - [2026-05-13T13:25:34.793+0000] {dag.py:3036} INFO - Sync 1 DAGs
[2026-05-13T13:25:34.801+0000] {logging_mixin.py:188} INFO - [2026-05-13T13:25:34.801+0000] {dag.py:3823} INFO - Setting next_dagrun for workshop_etl_3 to None, run_after=None
[2026-05-13T13:25:34.818+0000] {processor.py:183} INFO - Processing /opt/airflow/dags/dag.py took 0.854 seconds
[2026-05-13T13:26:05.128+0000] {processor.py:161} INFO - Started process (PID=3218) to work on /opt/airflow/dags/dag.py
[2026-05-13T13:26:05.129+0000] {processor.py:830} INFO - Processing file /opt/airflow/dags/dag.py for tasks to queue
[2026-05-13T13:26:05.130+0000] {logging_mixin.py:188} INFO - [2026-05-13T13:26:05.130+0000] {dagbag.py:538} INFO - Filling up the DagBag from /opt/airflow/dags/dag.py
[2026-05-13T13:26:05.993+0000] {processor.py:840} INFO - DAG(s) 'workshop_etl_3' retrieved from /opt/airflow/dags/dag.py
[2026-05-13T13:26:06.013+0000] {logging_mixin.py:188} INFO - [2026-05-13T13:26:06.013+0000] {dag.py:3036} INFO - Sync 1 DAGs
[2026-05-13T13:26:06.021+0000] {logging_mixin.py:188} INFO - [2026-05-13T13:26:06.021+0000] {dag.py:3823} INFO - Setting next_dagrun for workshop_etl_3 to None, run_after=None
[2026-05-13T13:26:06.040+0000] {processor.py:183} INFO - Processing /opt/airflow/dags/dag.py took 0.914 seconds
[2026-05-13T13:26:36.467+0000] {processor.py:161} INFO - Started process (PID=3236) to work on /opt/airflow/dags/dag.py
[2026-05-13T13:26:36.468+0000] {processor.py:830} INFO - Processing file /opt/airflow/dags/dag.py for tasks to queue
[2026-05-13T13:26:36.470+0000] {logging_mixin.py:188} INFO - [2026-05-13T13:26:36.469+0000] {dagbag.py:538} INFO - Filling up the DagBag from /opt/airflow/dags/dag.py
[2026-05-13T13:26:37.291+0000] {processor.py:840} INFO - DAG(s) 'workshop_etl_3' retrieved from /opt/airflow/dags/dag.py
[2026-05-13T13:26:37.310+0000] {logging_mixin.py:188} INFO - [2026-05-13T13:26:37.309+0000] {dag.py:3036} INFO - Sync 1 DAGs
[2026-05-13T13:26:37.318+0000] {logging_mixin.py:188} INFO - [2026-05-13T13:26:37.318+0000] {dag.py:3823} INFO - Setting next_dagrun for workshop_etl_3 to None, run_after=None
[2026-05-13T13:26:37.335+0000] {processor.py:183} INFO - Processing /opt/airflow/dags/dag.py took 0.871 seconds
[2026-05-13T13:27:07.646+0000] {processor.py:161} INFO - Started process (PID=3254) to work on /opt/airflow/dags/dag.py
[2026-05-13T13:27:07.647+0000] {processor.py:830} INFO - Processing file /opt/airflow/dags/dag.py for tasks to queue
[2026-05-13T13:27:07.648+0000] {logging_mixin.py:188} INFO - [2026-05-13T13:27:07.647+0000] {dagbag.py:538} INFO - Filling up the DagBag from /opt/airflow/dags/dag.py
[2026-05-13T13:27:08.483+0000] {processor.py:840} INFO - DAG(s) 'workshop_etl_3' retrieved from /opt/airflow/dags/dag.py
[2026-05-13T13:27:08.501+0000] {logging_mixin.py:188} INFO - [2026-05-13T13:27:08.501+0000] {dag.py:3036} INFO - Sync 1 DAGs
[2026-05-13T13:27:08.510+0000] {logging_mixin.py:188} INFO - [2026-05-13T13:27:08.509+0000] {dag.py:3823} INFO - Setting next_dagrun for workshop_etl_3 to None, run_after=None
[2026-05-13T13:27:08.527+0000] {processor.py:183} INFO - Processing /opt/airflow/dags/dag.py took 0.884 seconds
[2026-05-13T13:27:38.816+0000] {processor.py:161} INFO - Started process (PID=3272) to work on /opt/airflow/dags/dag.py
[2026-05-13T13:27:38.817+0000] {processor.py:830} INFO - Processing file /opt/airflow/dags/dag.py for tasks to queue
[2026-05-13T13:27:38.818+0000] {logging_mixin.py:188} INFO - [2026-05-13T13:27:38.818+0000] {dagbag.py:538} INFO - Filling up the DagBag from /opt/airflow/dags/dag.py
[2026-05-13T13:27:39.679+0000] {processor.py:840} INFO - DAG(s) 'workshop_etl_3' retrieved from /opt/airflow/dags/dag.py
[2026-05-13T13:27:39.696+0000] {logging_mixin.py:188} INFO - [2026-05-13T13:27:39.695+0000] {dag.py:3036} INFO - Sync 1 DAGs
[2026-05-13T13:27:39.704+0000] {logging_mixin.py:188} INFO - [2026-05-13T13:27:39.704+0000] {dag.py:3823} INFO - Setting next_dagrun for workshop_etl_3 to None, run_after=None
[2026-05-13T13:27:39.722+0000] {processor.py:183} INFO - Processing /opt/airflow/dags/dag.py took 0.910 seconds
[2026-05-13T13:28:10.047+0000] {processor.py:161} INFO - Started process (PID=3290) to work on /opt/airflow/dags/dag.py
[2026-05-13T13:28:10.048+0000] {processor.py:830} INFO - Processing file /opt/airflow/dags/dag.py for tasks to queue
[2026-05-13T13:28:10.049+0000] {logging_mixin.py:188} INFO - [2026-05-13T13:28:10.049+0000] {dagbag.py:538} INFO - Filling up the DagBag from /opt/airflow/dags/dag.py
[2026-05-13T13:28:10.930+0000] {processor.py:840} INFO - DAG(s) 'workshop_etl_3' retrieved from /opt/airflow/dags/dag.py
[2026-05-13T13:28:10.947+0000] {logging_mixin.py:188} INFO - [2026-05-13T13:28:10.947+0000] {dag.py:3036} INFO - Sync 1 DAGs
[2026-05-13T13:28:10.956+0000] {logging_mixin.py:188} INFO - [2026-05-13T13:28:10.955+0000] {dag.py:3823} INFO - Setting next_dagrun for workshop_etl_3 to None, run_after=None
[2026-05-13T13:28:10.972+0000] {processor.py:183} INFO - Processing /opt/airflow/dags/dag.py took 0.929 seconds
[2026-05-13T13:28:41.039+0000] {processor.py:161} INFO - Started process (PID=3308) to work on /opt/airflow/dags/dag.py
[2026-05-13T13:28:41.040+0000] {processor.py:830} INFO - Processing file /opt/airflow/dags/dag.py for tasks to queue
[2026-05-13T13:28:41.041+0000] {logging_mixin.py:188} INFO - [2026-05-13T13:28:41.041+0000] {dagbag.py:538} INFO - Filling up the DagBag from /opt/airflow/dags/dag.py
[2026-05-13T13:28:41.814+0000] {processor.py:840} INFO - DAG(s) 'workshop_etl_3' retrieved from /opt/airflow/dags/dag.py
[2026-05-13T13:28:41.834+0000] {logging_mixin.py:188} INFO - [2026-05-13T13:28:41.834+0000] {dag.py:3036} INFO - Sync 1 DAGs
[2026-05-13T13:28:41.842+0000] {logging_mixin.py:188} INFO - [2026-05-13T13:28:41.842+0000] {dag.py:3823} INFO - Setting next_dagrun for workshop_etl_3 to None, run_after=None
[2026-05-13T13:28:41.864+0000] {processor.py:183} INFO - Processing /opt/airflow/dags/dag.py took 0.828 seconds
[2026-05-13T13:29:12.216+0000] {processor.py:161} INFO - Started process (PID=3326) to work on /opt/airflow/dags/dag.py
[2026-05-13T13:29:12.217+0000] {processor.py:830} INFO - Processing file /opt/airflow/dags/dag.py for tasks to queue
[2026-05-13T13:29:12.218+0000] {logging_mixin.py:188} INFO - [2026-05-13T13:29:12.218+0000] {dagbag.py:538} INFO - Filling up the DagBag from /opt/airflow/dags/dag.py
[2026-05-13T13:29:12.966+0000] {processor.py:840} INFO - DAG(s) 'workshop_etl_3' retrieved from /opt/airflow/dags/dag.py
[2026-05-13T13:29:12.983+0000] {logging_mixin.py:188} INFO - [2026-05-13T13:29:12.982+0000] {dag.py:3036} INFO - Sync 1 DAGs
[2026-05-13T13:29:12.991+0000] {logging_mixin.py:188} INFO - [2026-05-13T13:29:12.990+0000] {dag.py:3823} INFO - Setting next_dagrun for workshop_etl_3 to None, run_after=None
[2026-05-13T13:29:13.006+0000] {processor.py:183} INFO - Processing /opt/airflow/dags/dag.py took 0.794 seconds
[2026-05-13T13:29:43.362+0000] {processor.py:161} INFO - Started process (PID=3344) to work on /opt/airflow/dags/dag.py
[2026-05-13T13:29:43.364+0000] {processor.py:830} INFO - Processing file /opt/airflow/dags/dag.py for tasks to queue
[2026-05-13T13:29:43.365+0000] {logging_mixin.py:188} INFO - [2026-05-13T13:29:43.364+0000] {dagbag.py:538} INFO - Filling up the DagBag from /opt/airflow/dags/dag.py
[2026-05-13T13:29:44.156+0000] {processor.py:840} INFO - DAG(s) 'workshop_etl_3' retrieved from /opt/airflow/dags/dag.py
[2026-05-13T13:29:44.173+0000] {logging_mixin.py:188} INFO - [2026-05-13T13:29:44.173+0000] {dag.py:3036} INFO - Sync 1 DAGs
[2026-05-13T13:29:44.181+0000] {logging_mixin.py:188} INFO - [2026-05-13T13:29:44.181+0000] {dag.py:3823} INFO - Setting next_dagrun for workshop_etl_3 to None, run_after=None
[2026-05-13T13:29:44.198+0000] {processor.py:183} INFO - Processing /opt/airflow/dags/dag.py took 0.839 seconds
[2026-05-13T13:30:14.601+0000] {processor.py:161} INFO - Started process (PID=3362) to work on /opt/airflow/dags/dag.py
[2026-05-13T13:30:14.604+0000] {processor.py:830} INFO - Processing file /opt/airflow/dags/dag.py for tasks to queue
[2026-05-13T13:30:14.606+0000] {logging_mixin.py:188} INFO - [2026-05-13T13:30:14.605+0000] {dagbag.py:538} INFO - Filling up the DagBag from /opt/airflow/dags/dag.py
[2026-05-13T13:30:15.434+0000] {processor.py:840} INFO - DAG(s) 'workshop_etl_3' retrieved from /opt/airflow/dags/dag.py
[2026-05-13T13:30:15.454+0000] {logging_mixin.py:188} INFO - [2026-05-13T13:30:15.453+0000] {dag.py:3036} INFO - Sync 1 DAGs
[2026-05-13T13:30:15.463+0000] {logging_mixin.py:188} INFO - [2026-05-13T13:30:15.463+0000] {dag.py:3823} INFO - Setting next_dagrun for workshop_etl_3 to None, run_after=None
[2026-05-13T13:30:15.489+0000] {processor.py:183} INFO - Processing /opt/airflow/dags/dag.py took 0.894 seconds
[2026-05-13T13:30:45.856+0000] {processor.py:161} INFO - Started process (PID=3380) to work on /opt/airflow/dags/dag.py
[2026-05-13T13:30:45.857+0000] {processor.py:830} INFO - Processing file /opt/airflow/dags/dag.py for tasks to queue
[2026-05-13T13:30:45.858+0000] {logging_mixin.py:188} INFO - [2026-05-13T13:30:45.857+0000] {dagbag.py:538} INFO - Filling up the DagBag from /opt/airflow/dags/dag.py
[2026-05-13T13:30:46.606+0000] {processor.py:840} INFO - DAG(s) 'workshop_etl_3' retrieved from /opt/airflow/dags/dag.py
[2026-05-13T13:30:46.623+0000] {logging_mixin.py:188} INFO - [2026-05-13T13:30:46.623+0000] {dag.py:3036} INFO - Sync 1 DAGs
[2026-05-13T13:30:46.632+0000] {logging_mixin.py:188} INFO - [2026-05-13T13:30:46.632+0000] {dag.py:3823} INFO - Setting next_dagrun for workshop_etl_3 to None, run_after=None
[2026-05-13T13:30:46.649+0000] {processor.py:183} INFO - Processing /opt/airflow/dags/dag.py took 0.796 seconds
[2026-05-13T13:31:17.009+0000] {processor.py:161} INFO - Started process (PID=3398) to work on /opt/airflow/dags/dag.py
[2026-05-13T13:31:17.011+0000] {processor.py:830} INFO - Processing file /opt/airflow/dags/dag.py for tasks to queue
[2026-05-13T13:31:17.011+0000] {logging_mixin.py:188} INFO - [2026-05-13T13:31:17.011+0000] {dagbag.py:538} INFO - Filling up the DagBag from /opt/airflow/dags/dag.py
[2026-05-13T13:31:17.816+0000] {processor.py:840} INFO - DAG(s) 'workshop_etl_3' retrieved from /opt/airflow/dags/dag.py
[2026-05-13T13:31:17.834+0000] {logging_mixin.py:188} INFO - [2026-05-13T13:31:17.834+0000] {dag.py:3036} INFO - Sync 1 DAGs
[2026-05-13T13:31:17.843+0000] {logging_mixin.py:188} INFO - [2026-05-13T13:31:17.843+0000] {dag.py:3823} INFO - Setting next_dagrun for workshop_etl_3 to None, run_after=None
[2026-05-13T13:31:17.866+0000] {processor.py:183} INFO - Processing /opt/airflow/dags/dag.py took 0.859 seconds
[2026-05-13T13:31:48.120+0000] {processor.py:161} INFO - Started process (PID=3416) to work on /opt/airflow/dags/dag.py
[2026-05-13T13:31:48.123+0000] {processor.py:830} INFO - Processing file /opt/airflow/dags/dag.py for tasks to queue
[2026-05-13T13:31:48.125+0000] {logging_mixin.py:188} INFO - [2026-05-13T13:31:48.125+0000] {dagbag.py:538} INFO - Filling up the DagBag from /opt/airflow/dags/dag.py
[2026-05-13T13:31:49.083+0000] {processor.py:840} INFO - DAG(s) 'workshop_etl_3' retrieved from /opt/airflow/dags/dag.py
[2026-05-13T13:31:49.107+0000] {logging_mixin.py:188} INFO - [2026-05-13T13:31:49.107+0000] {dag.py:3036} INFO - Sync 1 DAGs
[2026-05-13T13:31:49.117+0000] {logging_mixin.py:188} INFO - [2026-05-13T13:31:49.117+0000] {dag.py:3823} INFO - Setting next_dagrun for workshop_etl_3 to None, run_after=None
[2026-05-13T13:31:49.138+0000] {processor.py:183} INFO - Processing /opt/airflow/dags/dag.py took 1.022 seconds
[2026-05-13T13:32:19.405+0000] {processor.py:161} INFO - Started process (PID=3434) to work on /opt/airflow/dags/dag.py
[2026-05-13T13:32:19.408+0000] {processor.py:830} INFO - Processing file /opt/airflow/dags/dag.py for tasks to queue
[2026-05-13T13:32:19.412+0000] {logging_mixin.py:188} INFO - [2026-05-13T13:32:19.411+0000] {dagbag.py:538} INFO - Filling up the DagBag from /opt/airflow/dags/dag.py
[2026-05-13T13:32:20.265+0000] {processor.py:840} INFO - DAG(s) 'workshop_etl_3' retrieved from /opt/airflow/dags/dag.py
[2026-05-13T13:32:20.283+0000] {logging_mixin.py:188} INFO - [2026-05-13T13:32:20.283+0000] {dag.py:3036} INFO - Sync 1 DAGs
[2026-05-13T13:32:20.292+0000] {logging_mixin.py:188} INFO - [2026-05-13T13:32:20.292+0000] {dag.py:3823} INFO - Setting next_dagrun for workshop_etl_3 to None, run_after=None
[2026-05-13T13:32:20.310+0000] {processor.py:183} INFO - Processing /opt/airflow/dags/dag.py took 0.907 seconds
[2026-05-13T13:32:50.619+0000] {processor.py:161} INFO - Started process (PID=3452) to work on /opt/airflow/dags/dag.py
[2026-05-13T13:32:50.621+0000] {processor.py:830} INFO - Processing file /opt/airflow/dags/dag.py for tasks to queue
[2026-05-13T13:32:50.622+0000] {logging_mixin.py:188} INFO - [2026-05-13T13:32:50.621+0000] {dagbag.py:538} INFO - Filling up the DagBag from /opt/airflow/dags/dag.py
[2026-05-13T13:32:51.431+0000] {processor.py:840} INFO - DAG(s) 'workshop_etl_3' retrieved from /opt/airflow/dags/dag.py
[2026-05-13T13:32:51.450+0000] {logging_mixin.py:188} INFO - [2026-05-13T13:32:51.450+0000] {dag.py:3036} INFO - Sync 1 DAGs
[2026-05-13T13:32:51.458+0000] {logging_mixin.py:188} INFO - [2026-05-13T13:32:51.458+0000] {dag.py:3823} INFO - Setting next_dagrun for workshop_etl_3 to None, run_after=None
[2026-05-13T13:32:51.476+0000] {processor.py:183} INFO - Processing /opt/airflow/dags/dag.py took 0.860 seconds
[2026-05-13T13:33:21.820+0000] {processor.py:161} INFO - Started process (PID=3470) to work on /opt/airflow/dags/dag.py
[2026-05-13T13:33:21.822+0000] {processor.py:830} INFO - Processing file /opt/airflow/dags/dag.py for tasks to queue
[2026-05-13T13:33:21.823+0000] {logging_mixin.py:188} INFO - [2026-05-13T13:33:21.822+0000] {dagbag.py:538} INFO - Filling up the DagBag from /opt/airflow/dags/dag.py
[2026-05-13T13:33:22.586+0000] {processor.py:840} INFO - DAG(s) 'workshop_etl_3' retrieved from /opt/airflow/dags/dag.py
[2026-05-13T13:33:22.602+0000] {logging_mixin.py:188} INFO - [2026-05-13T13:33:22.602+0000] {dag.py:3036} INFO - Sync 1 DAGs
[2026-05-13T13:33:22.610+0000] {logging_mixin.py:188} INFO - [2026-05-13T13:33:22.610+0000] {dag.py:3823} INFO - Setting next_dagrun for workshop_etl_3 to None, run_after=None
[2026-05-13T13:33:22.627+0000] {processor.py:183} INFO - Processing /opt/airflow/dags/dag.py took 0.810 seconds
[2026-05-13T13:33:52.947+0000] {processor.py:161} INFO - Started process (PID=3488) to work on /opt/airflow/dags/dag.py
[2026-05-13T13:33:52.950+0000] {processor.py:830} INFO - Processing file /opt/airflow/dags/dag.py for tasks to queue
[2026-05-13T13:33:52.951+0000] {logging_mixin.py:188} INFO - [2026-05-13T13:33:52.951+0000] {dagbag.py:538} INFO - Filling up the DagBag from /opt/airflow/dags/dag.py
[2026-05-13T13:33:53.789+0000] {processor.py:840} INFO - DAG(s) 'workshop_etl_3' retrieved from /opt/airflow/dags/dag.py
[2026-05-13T13:33:53.807+0000] {logging_mixin.py:188} INFO - [2026-05-13T13:33:53.807+0000] {dag.py:3036} INFO - Sync 1 DAGs
[2026-05-13T13:33:53.816+0000] {logging_mixin.py:188} INFO - [2026-05-13T13:33:53.816+0000] {dag.py:3823} INFO - Setting next_dagrun for workshop_etl_3 to None, run_after=None
[2026-05-13T13:33:53.837+0000] {processor.py:183} INFO - Processing /opt/airflow/dags/dag.py took 0.893 seconds
[2026-05-13T13:34:24.193+0000] {processor.py:161} INFO - Started process (PID=3506) to work on /opt/airflow/dags/dag.py
[2026-05-13T13:34:24.195+0000] {processor.py:830} INFO - Processing file /opt/airflow/dags/dag.py for tasks to queue
[2026-05-13T13:34:24.196+0000] {logging_mixin.py:188} INFO - [2026-05-13T13:34:24.195+0000] {dagbag.py:538} INFO - Filling up the DagBag from /opt/airflow/dags/dag.py
[2026-05-13T13:34:24.986+0000] {processor.py:840} INFO - DAG(s) 'workshop_etl_3' retrieved from /opt/airflow/dags/dag.py
[2026-05-13T13:34:25.006+0000] {logging_mixin.py:188} INFO - [2026-05-13T13:34:25.006+0000] {dag.py:3036} INFO - Sync 1 DAGs
[2026-05-13T13:34:25.015+0000] {logging_mixin.py:188} INFO - [2026-05-13T13:34:25.015+0000] {dag.py:3823} INFO - Setting next_dagrun for workshop_etl_3 to None, run_after=None
[2026-05-13T13:34:25.034+0000] {processor.py:183} INFO - Processing /opt/airflow/dags/dag.py took 0.844 seconds
[2026-05-13T13:34:55.427+0000] {processor.py:161} INFO - Started process (PID=3524) to work on /opt/airflow/dags/dag.py
[2026-05-13T13:34:55.429+0000] {processor.py:830} INFO - Processing file /opt/airflow/dags/dag.py for tasks to queue
[2026-05-13T13:34:55.430+0000] {logging_mixin.py:188} INFO - [2026-05-13T13:34:55.430+0000] {dagbag.py:538} INFO - Filling up the DagBag from /opt/airflow/dags/dag.py
[2026-05-13T13:34:56.266+0000] {processor.py:840} INFO - DAG(s) 'workshop_etl_3' retrieved from /opt/airflow/dags/dag.py
[2026-05-13T13:34:56.286+0000] {logging_mixin.py:188} INFO - [2026-05-13T13:34:56.286+0000] {dag.py:3036} INFO - Sync 1 DAGs
[2026-05-13T13:34:56.295+0000] {logging_mixin.py:188} INFO - [2026-05-13T13:34:56.295+0000] {dag.py:3823} INFO - Setting next_dagrun for workshop_etl_3 to None, run_after=None
[2026-05-13T13:34:56.315+0000] {processor.py:183} INFO - Processing /opt/airflow/dags/dag.py took 0.892 seconds
[2026-05-13T13:35:26.658+0000] {processor.py:161} INFO - Started process (PID=3542) to work on /opt/airflow/dags/dag.py
[2026-05-13T13:35:26.659+0000] {processor.py:830} INFO - Processing file /opt/airflow/dags/dag.py for tasks to queue
[2026-05-13T13:35:26.660+0000] {logging_mixin.py:188} INFO - [2026-05-13T13:35:26.660+0000] {dagbag.py:538} INFO - Filling up the DagBag from /opt/airflow/dags/dag.py
[2026-05-13T13:35:27.510+0000] {processor.py:840} INFO - DAG(s) 'workshop_etl_3' retrieved from /opt/airflow/dags/dag.py
[2026-05-13T13:35:27.527+0000] {logging_mixin.py:188} INFO - [2026-05-13T13:35:27.526+0000] {dag.py:3036} INFO - Sync 1 DAGs
[2026-05-13T13:35:27.535+0000] {logging_mixin.py:188} INFO - [2026-05-13T13:35:27.534+0000] {dag.py:3823} INFO - Setting next_dagrun for workshop_etl_3 to None, run_after=None
[2026-05-13T13:35:27.556+0000] {processor.py:183} INFO - Processing /opt/airflow/dags/dag.py took 0.902 seconds
[2026-05-13T13:35:57.869+0000] {processor.py:161} INFO - Started process (PID=3560) to work on /opt/airflow/dags/dag.py
[2026-05-13T13:35:57.870+0000] {processor.py:830} INFO - Processing file /opt/airflow/dags/dag.py for tasks to queue
[2026-05-13T13:35:57.871+0000] {logging_mixin.py:188} INFO - [2026-05-13T13:35:57.871+0000] {dagbag.py:538} INFO - Filling up the DagBag from /opt/airflow/dags/dag.py
[2026-05-13T13:35:58.781+0000] {processor.py:840} INFO - DAG(s) 'workshop_etl_3' retrieved from /opt/airflow/dags/dag.py
[2026-05-13T13:35:58.797+0000] {logging_mixin.py:188} INFO - [2026-05-13T13:35:58.797+0000] {dag.py:3036} INFO - Sync 1 DAGs
[2026-05-13T13:35:58.810+0000] {logging_mixin.py:188} INFO - [2026-05-13T13:35:58.809+0000] {dag.py:3823} INFO - Setting next_dagrun for workshop_etl_3 to None, run_after=None
[2026-05-13T13:35:58.837+0000] {processor.py:183} INFO - Processing /opt/airflow/dags/dag.py took 0.972 seconds
[2026-05-13T13:36:29.301+0000] {processor.py:161} INFO - Started process (PID=3578) to work on /opt/airflow/dags/dag.py
[2026-05-13T13:36:29.302+0000] {processor.py:830} INFO - Processing file /opt/airflow/dags/dag.py for tasks to queue
[2026-05-13T13:36:29.304+0000] {logging_mixin.py:188} INFO - [2026-05-13T13:36:29.303+0000] {dagbag.py:538} INFO - Filling up the DagBag from /opt/airflow/dags/dag.py
[2026-05-13T13:36:30.215+0000] {processor.py:840} INFO - DAG(s) 'workshop_etl_3' retrieved from /opt/airflow/dags/dag.py
[2026-05-13T13:36:30.238+0000] {logging_mixin.py:188} INFO - [2026-05-13T13:36:30.238+0000] {dag.py:3036} INFO - Sync 1 DAGs
[2026-05-13T13:36:30.249+0000] {logging_mixin.py:188} INFO - [2026-05-13T13:36:30.248+0000] {dag.py:3823} INFO - Setting next_dagrun for workshop_etl_3 to None, run_after=None
[2026-05-13T13:36:30.275+0000] {processor.py:183} INFO - Processing /opt/airflow/dags/dag.py took 0.977 seconds
[2026-05-13T13:37:00.635+0000] {processor.py:161} INFO - Started process (PID=3596) to work on /opt/airflow/dags/dag.py
[2026-05-13T13:37:00.636+0000] {processor.py:830} INFO - Processing file /opt/airflow/dags/dag.py for tasks to queue
[2026-05-13T13:37:00.641+0000] {logging_mixin.py:188} INFO - [2026-05-13T13:37:00.641+0000] {dagbag.py:538} INFO - Filling up the DagBag from /opt/airflow/dags/dag.py
[2026-05-13T13:37:01.465+0000] {processor.py:840} INFO - DAG(s) 'workshop_etl_3' retrieved from /opt/airflow/dags/dag.py
[2026-05-13T13:37:01.484+0000] {logging_mixin.py:188} INFO - [2026-05-13T13:37:01.484+0000] {dag.py:3036} INFO - Sync 1 DAGs
[2026-05-13T13:37:01.493+0000] {logging_mixin.py:188} INFO - [2026-05-13T13:37:01.493+0000] {dag.py:3823} INFO - Setting next_dagrun for workshop_etl_3 to None, run_after=None
[2026-05-13T13:37:01.514+0000] {processor.py:183} INFO - Processing /opt/airflow/dags/dag.py took 0.882 seconds
[2026-05-13T13:37:31.902+0000] {processor.py:161} INFO - Started process (PID=3614) to work on /opt/airflow/dags/dag.py
[2026-05-13T13:37:31.903+0000] {processor.py:830} INFO - Processing file /opt/airflow/dags/dag.py for tasks to queue
[2026-05-13T13:37:31.904+0000] {logging_mixin.py:188} INFO - [2026-05-13T13:37:31.903+0000] {dagbag.py:538} INFO - Filling up the DagBag from /opt/airflow/dags/dag.py
[2026-05-13T13:37:32.664+0000] {processor.py:840} INFO - DAG(s) 'workshop_etl_3' retrieved from /opt/airflow/dags/dag.py
[2026-05-13T13:37:32.681+0000] {logging_mixin.py:188} INFO - [2026-05-13T13:37:32.681+0000] {dag.py:3036} INFO - Sync 1 DAGs
[2026-05-13T13:37:32.689+0000] {logging_mixin.py:188} INFO - [2026-05-13T13:37:32.689+0000] {dag.py:3823} INFO - Setting next_dagrun for workshop_etl_3 to None, run_after=None
[2026-05-13T13:37:32.712+0000] {processor.py:183} INFO - Processing /opt/airflow/dags/dag.py took 0.813 seconds
[2026-05-13T13:38:03.112+0000] {processor.py:161} INFO - Started process (PID=3632) to work on /opt/airflow/dags/dag.py
[2026-05-13T13:38:03.113+0000] {processor.py:830} INFO - Processing file /opt/airflow/dags/dag.py for tasks to queue
[2026-05-13T13:38:03.114+0000] {logging_mixin.py:188} INFO - [2026-05-13T13:38:03.113+0000] {dagbag.py:538} INFO - Filling up the DagBag from /opt/airflow/dags/dag.py
[2026-05-13T13:38:03.879+0000] {processor.py:840} INFO - DAG(s) 'workshop_etl_3' retrieved from /opt/airflow/dags/dag.py
[2026-05-13T13:38:03.895+0000] {logging_mixin.py:188} INFO - [2026-05-13T13:38:03.895+0000] {dag.py:3036} INFO - Sync 1 DAGs
[2026-05-13T13:38:03.903+0000] {logging_mixin.py:188} INFO - [2026-05-13T13:38:03.903+0000] {dag.py:3823} INFO - Setting next_dagrun for workshop_etl_3 to None, run_after=None
[2026-05-13T13:38:03.922+0000] {processor.py:183} INFO - Processing /opt/airflow/dags/dag.py took 0.812 seconds
[2026-05-13T13:38:34.302+0000] {processor.py:161} INFO - Started process (PID=3650) to work on /opt/airflow/dags/dag.py
[2026-05-13T13:38:34.304+0000] {processor.py:830} INFO - Processing file /opt/airflow/dags/dag.py for tasks to queue
[2026-05-13T13:38:34.305+0000] {logging_mixin.py:188} INFO - [2026-05-13T13:38:34.304+0000] {dagbag.py:538} INFO - Filling up the DagBag from /opt/airflow/dags/dag.py
[2026-05-13T13:38:35.046+0000] {processor.py:840} INFO - DAG(s) 'workshop_etl_3' retrieved from /opt/airflow/dags/dag.py
[2026-05-13T13:38:35.064+0000] {logging_mixin.py:188} INFO - [2026-05-13T13:38:35.064+0000] {dag.py:3036} INFO - Sync 1 DAGs
[2026-05-13T13:38:35.072+0000] {logging_mixin.py:188} INFO - [2026-05-13T13:38:35.072+0000] {dag.py:3823} INFO - Setting next_dagrun for workshop_etl_3 to None, run_after=None
[2026-05-13T13:38:35.090+0000] {processor.py:183} INFO - Processing /opt/airflow/dags/dag.py took 0.791 seconds
[2026-05-13T13:39:05.456+0000] {processor.py:161} INFO - Started process (PID=3668) to work on /opt/airflow/dags/dag.py
[2026-05-13T13:39:05.457+0000] {processor.py:830} INFO - Processing file /opt/airflow/dags/dag.py for tasks to queue
[2026-05-13T13:39:05.458+0000] {logging_mixin.py:188} INFO - [2026-05-13T13:39:05.458+0000] {dagbag.py:538} INFO - Filling up the DagBag from /opt/airflow/dags/dag.py
[2026-05-13T13:39:06.203+0000] {processor.py:840} INFO - DAG(s) 'workshop_etl_3' retrieved from /opt/airflow/dags/dag.py
[2026-05-13T13:39:06.221+0000] {logging_mixin.py:188} INFO - [2026-05-13T13:39:06.221+0000] {dag.py:3036} INFO - Sync 1 DAGs
[2026-05-13T13:39:06.230+0000] {logging_mixin.py:188} INFO - [2026-05-13T13:39:06.230+0000] {dag.py:3823} INFO - Setting next_dagrun for workshop_etl_3 to None, run_after=None
[2026-05-13T13:39:06.249+0000] {processor.py:183} INFO - Processing /opt/airflow/dags/dag.py took 0.798 seconds
[2026-05-13T13:39:36.609+0000] {processor.py:161} INFO - Started process (PID=3686) to work on /opt/airflow/dags/dag.py
[2026-05-13T13:39:36.610+0000] {processor.py:830} INFO - Processing file /opt/airflow/dags/dag.py for tasks to queue
[2026-05-13T13:39:36.611+0000] {logging_mixin.py:188} INFO - [2026-05-13T13:39:36.611+0000] {dagbag.py:538} INFO - Filling up the DagBag from /opt/airflow/dags/dag.py
[2026-05-13T13:39:37.356+0000] {processor.py:840} INFO - DAG(s) 'workshop_etl_3' retrieved from /opt/airflow/dags/dag.py
[2026-05-13T13:39:37.373+0000] {logging_mixin.py:188} INFO - [2026-05-13T13:39:37.373+0000] {dag.py:3036} INFO - Sync 1 DAGs
[2026-05-13T13:39:37.381+0000] {logging_mixin.py:188} INFO - [2026-05-13T13:39:37.381+0000] {dag.py:3823} INFO - Setting next_dagrun for workshop_etl_3 to None, run_after=None
[2026-05-13T13:39:37.397+0000] {processor.py:183} INFO - Processing /opt/airflow/dags/dag.py took 0.791 seconds
[2026-05-13T13:40:07.757+0000] {processor.py:161} INFO - Started process (PID=3704) to work on /opt/airflow/dags/dag.py
[2026-05-13T13:40:07.758+0000] {processor.py:830} INFO - Processing file /opt/airflow/dags/dag.py for tasks to queue
[2026-05-13T13:40:07.759+0000] {logging_mixin.py:188} INFO - [2026-05-13T13:40:07.758+0000] {dagbag.py:538} INFO - Filling up the DagBag from /opt/airflow/dags/dag.py
[2026-05-13T13:40:08.515+0000] {processor.py:840} INFO - DAG(s) 'workshop_etl_3' retrieved from /opt/airflow/dags/dag.py
[2026-05-13T13:40:08.531+0000] {logging_mixin.py:188} INFO - [2026-05-13T13:40:08.531+0000] {dag.py:3036} INFO - Sync 1 DAGs
[2026-05-13T13:40:08.538+0000] {logging_mixin.py:188} INFO - [2026-05-13T13:40:08.538+0000] {dag.py:3823} INFO - Setting next_dagrun for workshop_etl_3 to None, run_after=None
[2026-05-13T13:40:08.554+0000] {processor.py:183} INFO - Processing /opt/airflow/dags/dag.py took 0.800 seconds
[2026-05-13T13:40:38.746+0000] {processor.py:161} INFO - Started process (PID=3722) to work on /opt/airflow/dags/dag.py
[2026-05-13T13:40:38.747+0000] {processor.py:830} INFO - Processing file /opt/airflow/dags/dag.py for tasks to queue
[2026-05-13T13:40:38.748+0000] {logging_mixin.py:188} INFO - [2026-05-13T13:40:38.748+0000] {dagbag.py:538} INFO - Filling up the DagBag from /opt/airflow/dags/dag.py
[2026-05-13T13:40:39.515+0000] {processor.py:840} INFO - DAG(s) 'workshop_etl_3' retrieved from /opt/airflow/dags/dag.py
[2026-05-13T13:40:39.531+0000] {logging_mixin.py:188} INFO - [2026-05-13T13:40:39.531+0000] {dag.py:3036} INFO - Sync 1 DAGs
[2026-05-13T13:40:39.539+0000] {logging_mixin.py:188} INFO - [2026-05-13T13:40:39.539+0000] {dag.py:3823} INFO - Setting next_dagrun for workshop_etl_3 to None, run_after=None
[2026-05-13T13:40:39.556+0000] {processor.py:183} INFO - Processing /opt/airflow/dags/dag.py took 0.814 seconds
[2026-05-13T13:41:09.930+0000] {processor.py:161} INFO - Started process (PID=3740) to work on /opt/airflow/dags/dag.py
[2026-05-13T13:41:09.931+0000] {processor.py:830} INFO - Processing file /opt/airflow/dags/dag.py for tasks to queue
[2026-05-13T13:41:09.933+0000] {logging_mixin.py:188} INFO - [2026-05-13T13:41:09.932+0000] {dagbag.py:538} INFO - Filling up the DagBag from /opt/airflow/dags/dag.py
[2026-05-13T13:41:10.687+0000] {processor.py:840} INFO - DAG(s) 'workshop_etl_3' retrieved from /opt/airflow/dags/dag.py
[2026-05-13T13:41:10.704+0000] {logging_mixin.py:188} INFO - [2026-05-13T13:41:10.704+0000] {dag.py:3036} INFO - Sync 1 DAGs
[2026-05-13T13:41:10.712+0000] {logging_mixin.py:188} INFO - [2026-05-13T13:41:10.712+0000] {dag.py:3823} INFO - Setting next_dagrun for workshop_etl_3 to None, run_after=None
[2026-05-13T13:41:10.728+0000] {processor.py:183} INFO - Processing /opt/airflow/dags/dag.py took 0.802 seconds
[2026-05-13T13:41:41.061+0000] {processor.py:161} INFO - Started process (PID=3758) to work on /opt/airflow/dags/dag.py
[2026-05-13T13:41:41.063+0000] {processor.py:830} INFO - Processing file /opt/airflow/dags/dag.py for tasks to queue
[2026-05-13T13:41:41.064+0000] {logging_mixin.py:188} INFO - [2026-05-13T13:41:41.063+0000] {dagbag.py:538} INFO - Filling up the DagBag from /opt/airflow/dags/dag.py
[2026-05-13T13:41:41.867+0000] {processor.py:840} INFO - DAG(s) 'workshop_etl_3' retrieved from /opt/airflow/dags/dag.py
[2026-05-13T13:41:41.883+0000] {logging_mixin.py:188} INFO - [2026-05-13T13:41:41.883+0000] {dag.py:3036} INFO - Sync 1 DAGs
[2026-05-13T13:41:41.892+0000] {logging_mixin.py:188} INFO - [2026-05-13T13:41:41.892+0000] {dag.py:3823} INFO - Setting next_dagrun for workshop_etl_3 to None, run_after=None
[2026-05-13T13:41:41.911+0000] {processor.py:183} INFO - Processing /opt/airflow/dags/dag.py took 0.854 seconds
[2026-05-13T13:42:12.278+0000] {processor.py:161} INFO - Started process (PID=3776) to work on /opt/airflow/dags/dag.py
[2026-05-13T13:42:12.279+0000] {processor.py:830} INFO - Processing file /opt/airflow/dags/dag.py for tasks to queue
[2026-05-13T13:42:12.280+0000] {logging_mixin.py:188} INFO - [2026-05-13T13:42:12.280+0000] {dagbag.py:538} INFO - Filling up the DagBag from /opt/airflow/dags/dag.py
[2026-05-13T13:42:13.061+0000] {processor.py:840} INFO - DAG(s) 'workshop_etl_3' retrieved from /opt/airflow/dags/dag.py
[2026-05-13T13:42:13.076+0000] {logging_mixin.py:188} INFO - [2026-05-13T13:42:13.076+0000] {dag.py:3036} INFO - Sync 1 DAGs
[2026-05-13T13:42:13.085+0000] {logging_mixin.py:188} INFO - [2026-05-13T13:42:13.085+0000] {dag.py:3823} INFO - Setting next_dagrun for workshop_etl_3 to None, run_after=None
[2026-05-13T13:42:13.105+0000] {processor.py:183} INFO - Processing /opt/airflow/dags/dag.py took 0.830 seconds
[2026-05-13T13:42:43.463+0000] {processor.py:161} INFO - Started process (PID=3794) to work on /opt/airflow/dags/dag.py
[2026-05-13T13:42:43.464+0000] {processor.py:830} INFO - Processing file /opt/airflow/dags/dag.py for tasks to queue
[2026-05-13T13:42:43.465+0000] {logging_mixin.py:188} INFO - [2026-05-13T13:42:43.464+0000] {dagbag.py:538} INFO - Filling up the DagBag from /opt/airflow/dags/dag.py
[2026-05-13T13:42:44.194+0000] {processor.py:840} INFO - DAG(s) 'workshop_etl_3' retrieved from /opt/airflow/dags/dag.py
[2026-05-13T13:42:44.212+0000] {logging_mixin.py:188} INFO - [2026-05-13T13:42:44.212+0000] {dag.py:3036} INFO - Sync 1 DAGs
[2026-05-13T13:42:44.220+0000] {logging_mixin.py:188} INFO - [2026-05-13T13:42:44.220+0000] {dag.py:3823} INFO - Setting next_dagrun for workshop_etl_3 to None, run_after=None
[2026-05-13T13:42:44.238+0000] {processor.py:183} INFO - Processing /opt/airflow/dags/dag.py took 0.778 seconds
[2026-05-13T13:43:14.462+0000] {processor.py:161} INFO - Started process (PID=3812) to work on /opt/airflow/dags/dag.py
[2026-05-13T13:43:14.463+0000] {processor.py:830} INFO - Processing file /opt/airflow/dags/dag.py for tasks to queue
[2026-05-13T13:43:14.464+0000] {logging_mixin.py:188} INFO - [2026-05-13T13:43:14.463+0000] {dagbag.py:538} INFO - Filling up the DagBag from /opt/airflow/dags/dag.py
[2026-05-13T13:43:15.251+0000] {processor.py:840} INFO - DAG(s) 'workshop_etl_3' retrieved from /opt/airflow/dags/dag.py
[2026-05-13T13:43:15.270+0000] {logging_mixin.py:188} INFO - [2026-05-13T13:43:15.270+0000] {dag.py:3036} INFO - Sync 1 DAGs
[2026-05-13T13:43:15.278+0000] {logging_mixin.py:188} INFO - [2026-05-13T13:43:15.278+0000] {dag.py:3823} INFO - Setting next_dagrun for workshop_etl_3 to None, run_after=None
[2026-05-13T13:43:15.294+0000] {processor.py:183} INFO - Processing /opt/airflow/dags/dag.py took 0.835 seconds
[2026-05-13T13:43:45.695+0000] {processor.py:161} INFO - Started process (PID=3830) to work on /opt/airflow/dags/dag.py
[2026-05-13T13:43:45.697+0000] {processor.py:830} INFO - Processing file /opt/airflow/dags/dag.py for tasks to queue
[2026-05-13T13:43:45.698+0000] {logging_mixin.py:188} INFO - [2026-05-13T13:43:45.698+0000] {dagbag.py:538} INFO - Filling up the DagBag from /opt/airflow/dags/dag.py
[2026-05-13T13:43:46.469+0000] {processor.py:840} INFO - DAG(s) 'workshop_etl_3' retrieved from /opt/airflow/dags/dag.py
[2026-05-13T13:43:46.486+0000] {logging_mixin.py:188} INFO - [2026-05-13T13:43:46.486+0000] {dag.py:3036} INFO - Sync 1 DAGs
[2026-05-13T13:43:46.493+0000] {logging_mixin.py:188} INFO - [2026-05-13T13:43:46.493+0000] {dag.py:3823} INFO - Setting next_dagrun for workshop_etl_3 to None, run_after=None
[2026-05-13T13:43:46.513+0000] {processor.py:183} INFO - Processing /opt/airflow/dags/dag.py took 0.823 seconds
[2026-05-13T13:44:16.918+0000] {processor.py:161} INFO - Started process (PID=3848) to work on /opt/airflow/dags/dag.py
[2026-05-13T13:44:16.920+0000] {processor.py:830} INFO - Processing file /opt/airflow/dags/dag.py for tasks to queue
[2026-05-13T13:44:16.921+0000] {logging_mixin.py:188} INFO - [2026-05-13T13:44:16.921+0000] {dagbag.py:538} INFO - Filling up the DagBag from /opt/airflow/dags/dag.py
[2026-05-13T13:44:17.680+0000] {processor.py:840} INFO - DAG(s) 'workshop_etl_3' retrieved from /opt/airflow/dags/dag.py
[2026-05-13T13:44:17.697+0000] {logging_mixin.py:188} INFO - [2026-05-13T13:44:17.697+0000] {dag.py:3036} INFO - Sync 1 DAGs
[2026-05-13T13:44:17.704+0000] {logging_mixin.py:188} INFO - [2026-05-13T13:44:17.704+0000] {dag.py:3823} INFO - Setting next_dagrun for workshop_etl_3 to None, run_after=None
[2026-05-13T13:44:17.722+0000] {processor.py:183} INFO - Processing /opt/airflow/dags/dag.py took 0.808 seconds
[2026-05-13T13:44:48.112+0000] {processor.py:161} INFO - Started process (PID=3866) to work on /opt/airflow/dags/dag.py
[2026-05-13T13:44:48.114+0000] {processor.py:830} INFO - Processing file /opt/airflow/dags/dag.py for tasks to queue
[2026-05-13T13:44:48.114+0000] {logging_mixin.py:188} INFO - [2026-05-13T13:44:48.114+0000] {dagbag.py:538} INFO - Filling up the DagBag from /opt/airflow/dags/dag.py
[2026-05-13T13:44:48.955+0000] {processor.py:840} INFO - DAG(s) 'workshop_etl_3' retrieved from /opt/airflow/dags/dag.py
[2026-05-13T13:44:48.976+0000] {logging_mixin.py:188} INFO - [2026-05-13T13:44:48.975+0000] {dag.py:3036} INFO - Sync 1 DAGs
[2026-05-13T13:44:48.988+0000] {logging_mixin.py:188} INFO - [2026-05-13T13:44:48.988+0000] {dag.py:3823} INFO - Setting next_dagrun for workshop_etl_3 to None, run_after=None
[2026-05-13T13:44:49.014+0000] {processor.py:183} INFO - Processing /opt/airflow/dags/dag.py took 0.904 seconds
[2026-05-13T13:45:19.431+0000] {processor.py:161} INFO - Started process (PID=3884) to work on /opt/airflow/dags/dag.py
[2026-05-13T13:45:19.432+0000] {processor.py:830} INFO - Processing file /opt/airflow/dags/dag.py for tasks to queue
[2026-05-13T13:45:19.433+0000] {logging_mixin.py:188} INFO - [2026-05-13T13:45:19.433+0000] {dagbag.py:538} INFO - Filling up the DagBag from /opt/airflow/dags/dag.py
[2026-05-13T13:45:20.231+0000] {processor.py:840} INFO - DAG(s) 'workshop_etl_3' retrieved from /opt/airflow/dags/dag.py
[2026-05-13T13:45:20.251+0000] {logging_mixin.py:188} INFO - [2026-05-13T13:45:20.251+0000] {dag.py:3036} INFO - Sync 1 DAGs
[2026-05-13T13:45:20.258+0000] {logging_mixin.py:188} INFO - [2026-05-13T13:45:20.258+0000] {dag.py:3823} INFO - Setting next_dagrun for workshop_etl_3 to None, run_after=None
[2026-05-13T13:45:20.276+0000] {processor.py:183} INFO - Processing /opt/airflow/dags/dag.py took 0.848 seconds
[2026-05-13T13:45:50.684+0000] {processor.py:161} INFO - Started process (PID=3902) to work on /opt/airflow/dags/dag.py
[2026-05-13T13:45:50.686+0000] {processor.py:830} INFO - Processing file /opt/airflow/dags/dag.py for tasks to queue
[2026-05-13T13:45:50.687+0000] {logging_mixin.py:188} INFO - [2026-05-13T13:45:50.687+0000] {dagbag.py:538} INFO - Filling up the DagBag from /opt/airflow/dags/dag.py
[2026-05-13T13:45:51.530+0000] {processor.py:840} INFO - DAG(s) 'workshop_etl_3' retrieved from /opt/airflow/dags/dag.py
[2026-05-13T13:45:51.549+0000] {logging_mixin.py:188} INFO - [2026-05-13T13:45:51.548+0000] {dag.py:3036} INFO - Sync 1 DAGs
[2026-05-13T13:45:51.556+0000] {logging_mixin.py:188} INFO - [2026-05-13T13:45:51.556+0000] {dag.py:3823} INFO - Setting next_dagrun for workshop_etl_3 to None, run_after=None
[2026-05-13T13:45:51.577+0000] {processor.py:183} INFO - Processing /opt/airflow/dags/dag.py took 0.898 seconds
[2026-05-13T13:46:21.993+0000] {processor.py:161} INFO - Started process (PID=3920) to work on /opt/airflow/dags/dag.py
[2026-05-13T13:46:21.994+0000] {processor.py:830} INFO - Processing file /opt/airflow/dags/dag.py for tasks to queue
[2026-05-13T13:46:21.995+0000] {logging_mixin.py:188} INFO - [2026-05-13T13:46:21.995+0000] {dagbag.py:538} INFO - Filling up the DagBag from /opt/airflow/dags/dag.py
[2026-05-13T13:46:22.751+0000] {processor.py:840} INFO - DAG(s) 'workshop_etl_3' retrieved from /opt/airflow/dags/dag.py
[2026-05-13T13:46:22.767+0000] {logging_mixin.py:188} INFO - [2026-05-13T13:46:22.767+0000] {dag.py:3036} INFO - Sync 1 DAGs
[2026-05-13T13:46:22.775+0000] {logging_mixin.py:188} INFO - [2026-05-13T13:46:22.775+0000] {dag.py:3823} INFO - Setting next_dagrun for workshop_etl_3 to None, run_after=None
[2026-05-13T13:46:22.793+0000] {processor.py:183} INFO - Processing /opt/airflow/dags/dag.py took 0.802 seconds
[2026-05-13T13:46:53.181+0000] {processor.py:161} INFO - Started process (PID=3938) to work on /opt/airflow/dags/dag.py
[2026-05-13T13:46:53.183+0000] {processor.py:830} INFO - Processing file /opt/airflow/dags/dag.py for tasks to queue
[2026-05-13T13:46:53.184+0000] {logging_mixin.py:188} INFO - [2026-05-13T13:46:53.184+0000] {dagbag.py:538} INFO - Filling up the DagBag from /opt/airflow/dags/dag.py
[2026-05-13T13:46:53.971+0000] {processor.py:840} INFO - DAG(s) 'workshop_etl_3' retrieved from /opt/airflow/dags/dag.py
[2026-05-13T13:46:53.988+0000] {logging_mixin.py:188} INFO - [2026-05-13T13:46:53.987+0000] {dag.py:3036} INFO - Sync 1 DAGs
[2026-05-13T13:46:54.001+0000] {logging_mixin.py:188} INFO - [2026-05-13T13:46:54.001+0000] {dag.py:3823} INFO - Setting next_dagrun for workshop_etl_3 to None, run_after=None
[2026-05-13T13:46:54.019+0000] {processor.py:183} INFO - Processing /opt/airflow/dags/dag.py took 0.842 seconds
[2026-05-13T13:47:24.364+0000] {processor.py:161} INFO - Started process (PID=3956) to work on /opt/airflow/dags/dag.py
[2026-05-13T13:47:24.365+0000] {processor.py:830} INFO - Processing file /opt/airflow/dags/dag.py for tasks to queue
[2026-05-13T13:47:24.366+0000] {logging_mixin.py:188} INFO - [2026-05-13T13:47:24.366+0000] {dagbag.py:538} INFO - Filling up the DagBag from /opt/airflow/dags/dag.py
[2026-05-13T13:47:25.301+0000] {processor.py:840} INFO - DAG(s) 'workshop_etl_3' retrieved from /opt/airflow/dags/dag.py
[2026-05-13T13:47:25.323+0000] {logging_mixin.py:188} INFO - [2026-05-13T13:47:25.322+0000] {dag.py:3036} INFO - Sync 1 DAGs
[2026-05-13T13:47:25.333+0000] {logging_mixin.py:188} INFO - [2026-05-13T13:47:25.333+0000] {dag.py:3823} INFO - Setting next_dagrun for workshop_etl_3 to None, run_after=None
[2026-05-13T13:47:25.362+0000] {processor.py:183} INFO - Processing /opt/airflow/dags/dag.py took 1.000 seconds
[2026-05-13T13:47:55.740+0000] {processor.py:161} INFO - Started process (PID=3974) to work on /opt/airflow/dags/dag.py
[2026-05-13T13:47:55.741+0000] {processor.py:830} INFO - Processing file /opt/airflow/dags/dag.py for tasks to queue
[2026-05-13T13:47:55.742+0000] {logging_mixin.py:188} INFO - [2026-05-13T13:47:55.742+0000] {dagbag.py:538} INFO - Filling up the DagBag from /opt/airflow/dags/dag.py
[2026-05-13T13:47:56.505+0000] {processor.py:840} INFO - DAG(s) 'workshop_etl_3' retrieved from /opt/airflow/dags/dag.py
[2026-05-13T13:47:56.523+0000] {logging_mixin.py:188} INFO - [2026-05-13T13:47:56.522+0000] {dag.py:3036} INFO - Sync 1 DAGs
[2026-05-13T13:47:56.531+0000] {logging_mixin.py:188} INFO - [2026-05-13T13:47:56.531+0000] {dag.py:3823} INFO - Setting next_dagrun for workshop_etl_3 to None, run_after=None
[2026-05-13T13:47:56.548+0000] {processor.py:183} INFO - Processing /opt/airflow/dags/dag.py took 0.811 seconds
[2026-05-13T13:48:27.003+0000] {processor.py:161} INFO - Started process (PID=3992) to work on /opt/airflow/dags/dag.py
[2026-05-13T13:48:27.004+0000] {processor.py:830} INFO - Processing file /opt/airflow/dags/dag.py for tasks to queue
[2026-05-13T13:48:27.005+0000] {logging_mixin.py:188} INFO - [2026-05-13T13:48:27.005+0000] {dagbag.py:538} INFO - Filling up the DagBag from /opt/airflow/dags/dag.py
[2026-05-13T13:48:27.800+0000] {processor.py:840} INFO - DAG(s) 'workshop_etl_3' retrieved from /opt/airflow/dags/dag.py
[2026-05-13T13:48:27.820+0000] {logging_mixin.py:188} INFO - [2026-05-13T13:48:27.819+0000] {dag.py:3036} INFO - Sync 1 DAGs
[2026-05-13T13:48:27.828+0000] {logging_mixin.py:188} INFO - [2026-05-13T13:48:27.828+0000] {dag.py:3823} INFO - Setting next_dagrun for workshop_etl_3 to None, run_after=None
[2026-05-13T13:48:27.848+0000] {processor.py:183} INFO - Processing /opt/airflow/dags/dag.py took 0.848 seconds
[2026-05-13T13:48:58.261+0000] {processor.py:161} INFO - Started process (PID=4010) to work on /opt/airflow/dags/dag.py
[2026-05-13T13:48:58.263+0000] {processor.py:830} INFO - Processing file /opt/airflow/dags/dag.py for tasks to queue
[2026-05-13T13:48:58.265+0000] {logging_mixin.py:188} INFO - [2026-05-13T13:48:58.265+0000] {dagbag.py:538} INFO - Filling up the DagBag from /opt/airflow/dags/dag.py
[2026-05-13T13:49:00.004+0000] {processor.py:840} INFO - DAG(s) 'workshop_etl_3' retrieved from /opt/airflow/dags/dag.py
[2026-05-13T13:49:00.045+0000] {logging_mixin.py:188} INFO - [2026-05-13T13:49:00.045+0000] {dag.py:3036} INFO - Sync 1 DAGs
[2026-05-13T13:49:00.065+0000] {logging_mixin.py:188} INFO - [2026-05-13T13:49:00.064+0000] {dag.py:3823} INFO - Setting next_dagrun for workshop_etl_3 to None, run_after=None
[2026-05-13T13:49:00.114+0000] {processor.py:183} INFO - Processing /opt/airflow/dags/dag.py took 1.860 seconds
[2026-05-13T13:49:30.542+0000] {processor.py:161} INFO - Started process (PID=4028) to work on /opt/airflow/dags/dag.py
[2026-05-13T13:49:30.544+0000] {processor.py:830} INFO - Processing file /opt/airflow/dags/dag.py for tasks to queue
[2026-05-13T13:49:30.547+0000] {logging_mixin.py:188} INFO - [2026-05-13T13:49:30.547+0000] {dagbag.py:538} INFO - Filling up the DagBag from /opt/airflow/dags/dag.py
[2026-05-13T13:49:32.205+0000] {processor.py:840} INFO - DAG(s) 'workshop_etl_3' retrieved from /opt/airflow/dags/dag.py
[2026-05-13T13:49:32.250+0000] {logging_mixin.py:188} INFO - [2026-05-13T13:49:32.250+0000] {dag.py:3036} INFO - Sync 1 DAGs
[2026-05-13T13:49:32.268+0000] {logging_mixin.py:188} INFO - [2026-05-13T13:49:32.268+0000] {dag.py:3823} INFO - Setting next_dagrun for workshop_etl_3 to None, run_after=None
[2026-05-13T13:49:32.323+0000] {processor.py:183} INFO - Processing /opt/airflow/dags/dag.py took 1.788 seconds
[2026-05-13T13:50:02.733+0000] {processor.py:161} INFO - Started process (PID=4046) to work on /opt/airflow/dags/dag.py
[2026-05-13T13:50:02.735+0000] {processor.py:830} INFO - Processing file /opt/airflow/dags/dag.py for tasks to queue
[2026-05-13T13:50:02.736+0000] {logging_mixin.py:188} INFO - [2026-05-13T13:50:02.736+0000] {dagbag.py:538} INFO - Filling up the DagBag from /opt/airflow/dags/dag.py
[2026-05-13T13:50:04.239+0000] {processor.py:840} INFO - DAG(s) 'workshop_etl_3' retrieved from /opt/airflow/dags/dag.py
[2026-05-13T13:50:04.278+0000] {logging_mixin.py:188} INFO - [2026-05-13T13:50:04.277+0000] {dag.py:3036} INFO - Sync 1 DAGs
[2026-05-13T13:50:04.292+0000] {logging_mixin.py:188} INFO - [2026-05-13T13:50:04.292+0000] {dag.py:3823} INFO - Setting next_dagrun for workshop_etl_3 to None, run_after=None
[2026-05-13T13:50:04.335+0000] {processor.py:183} INFO - Processing /opt/airflow/dags/dag.py took 1.607 seconds
[2026-05-13T13:50:34.789+0000] {processor.py:161} INFO - Started process (PID=4064) to work on /opt/airflow/dags/dag.py
[2026-05-13T13:50:34.792+0000] {processor.py:830} INFO - Processing file /opt/airflow/dags/dag.py for tasks to queue
[2026-05-13T13:50:34.794+0000] {logging_mixin.py:188} INFO - [2026-05-13T13:50:34.794+0000] {dagbag.py:538} INFO - Filling up the DagBag from /opt/airflow/dags/dag.py
[2026-05-13T13:50:36.411+0000] {processor.py:840} INFO - DAG(s) 'workshop_etl_3' retrieved from /opt/airflow/dags/dag.py
[2026-05-13T13:50:36.456+0000] {logging_mixin.py:188} INFO - [2026-05-13T13:50:36.456+0000] {dag.py:3036} INFO - Sync 1 DAGs
[2026-05-13T13:50:36.476+0000] {logging_mixin.py:188} INFO - [2026-05-13T13:50:36.475+0000] {dag.py:3823} INFO - Setting next_dagrun for workshop_etl_3 to None, run_after=None
[2026-05-13T13:50:36.521+0000] {processor.py:183} INFO - Processing /opt/airflow/dags/dag.py took 1.738 seconds
[2026-05-13T13:51:06.757+0000] {processor.py:161} INFO - Started process (PID=4082) to work on /opt/airflow/dags/dag.py
[2026-05-13T13:51:06.759+0000] {processor.py:830} INFO - Processing file /opt/airflow/dags/dag.py for tasks to queue
[2026-05-13T13:51:06.762+0000] {logging_mixin.py:188} INFO - [2026-05-13T13:51:06.761+0000] {dagbag.py:538} INFO - Filling up the DagBag from /opt/airflow/dags/dag.py
[2026-05-13T13:51:08.523+0000] {processor.py:840} INFO - DAG(s) 'workshop_etl_3' retrieved from /opt/airflow/dags/dag.py
[2026-05-13T13:51:08.571+0000] {logging_mixin.py:188} INFO - [2026-05-13T13:51:08.571+0000] {dag.py:3036} INFO - Sync 1 DAGs
[2026-05-13T13:51:08.590+0000] {logging_mixin.py:188} INFO - [2026-05-13T13:51:08.589+0000] {dag.py:3823} INFO - Setting next_dagrun for workshop_etl_3 to None, run_after=None
[2026-05-13T13:51:08.643+0000] {processor.py:183} INFO - Processing /opt/airflow/dags/dag.py took 1.892 seconds
[2026-05-13T13:51:39.080+0000] {processor.py:161} INFO - Started process (PID=4100) to work on /opt/airflow/dags/dag.py
[2026-05-13T13:51:39.082+0000] {processor.py:830} INFO - Processing file /opt/airflow/dags/dag.py for tasks to queue
[2026-05-13T13:51:39.084+0000] {logging_mixin.py:188} INFO - [2026-05-13T13:51:39.084+0000] {dagbag.py:538} INFO - Filling up the DagBag from /opt/airflow/dags/dag.py
[2026-05-13T13:51:40.746+0000] {processor.py:840} INFO - DAG(s) 'workshop_etl_3' retrieved from /opt/airflow/dags/dag.py
[2026-05-13T13:51:40.793+0000] {logging_mixin.py:188} INFO - [2026-05-13T13:51:40.792+0000] {dag.py:3036} INFO - Sync 1 DAGs
[2026-05-13T13:51:40.812+0000] {logging_mixin.py:188} INFO - [2026-05-13T13:51:40.812+0000] {dag.py:3823} INFO - Setting next_dagrun for workshop_etl_3 to None, run_after=None
[2026-05-13T13:51:40.867+0000] {processor.py:183} INFO - Processing /opt/airflow/dags/dag.py took 1.794 seconds
[2026-05-13T13:52:11.291+0000] {processor.py:161} INFO - Started process (PID=4118) to work on /opt/airflow/dags/dag.py
[2026-05-13T13:52:11.293+0000] {processor.py:830} INFO - Processing file /opt/airflow/dags/dag.py for tasks to queue
[2026-05-13T13:52:11.295+0000] {logging_mixin.py:188} INFO - [2026-05-13T13:52:11.295+0000] {dagbag.py:538} INFO - Filling up the DagBag from /opt/airflow/dags/dag.py
[2026-05-13T13:52:12.965+0000] {processor.py:840} INFO - DAG(s) 'workshop_etl_3' retrieved from /opt/airflow/dags/dag.py
[2026-05-13T13:52:13.014+0000] {logging_mixin.py:188} INFO - [2026-05-13T13:52:13.014+0000] {dag.py:3036} INFO - Sync 1 DAGs
[2026-05-13T13:52:13.034+0000] {logging_mixin.py:188} INFO - [2026-05-13T13:52:13.034+0000] {dag.py:3823} INFO - Setting next_dagrun for workshop_etl_3 to None, run_after=None
[2026-05-13T13:52:13.092+0000] {processor.py:183} INFO - Processing /opt/airflow/dags/dag.py took 1.807 seconds
[2026-05-13T13:52:43.518+0000] {processor.py:161} INFO - Started process (PID=4136) to work on /opt/airflow/dags/dag.py
[2026-05-13T13:52:43.520+0000] {processor.py:830} INFO - Processing file /opt/airflow/dags/dag.py for tasks to queue
[2026-05-13T13:52:43.521+0000] {logging_mixin.py:188} INFO - [2026-05-13T13:52:43.521+0000] {dagbag.py:538} INFO - Filling up the DagBag from /opt/airflow/dags/dag.py
[2026-05-13T13:52:45.107+0000] {processor.py:840} INFO - DAG(s) 'workshop_etl_3' retrieved from /opt/airflow/dags/dag.py
[2026-05-13T13:52:45.139+0000] {logging_mixin.py:188} INFO - [2026-05-13T13:52:45.138+0000] {dag.py:3036} INFO - Sync 1 DAGs
[2026-05-13T13:52:45.155+0000] {logging_mixin.py:188} INFO - [2026-05-13T13:52:45.154+0000] {dag.py:3823} INFO - Setting next_dagrun for workshop_etl_3 to None, run_after=None
[2026-05-13T13:52:45.199+0000] {processor.py:183} INFO - Processing /opt/airflow/dags/dag.py took 1.687 seconds
[2026-05-13T13:53:15.408+0000] {processor.py:161} INFO - Started process (PID=4154) to work on /opt/airflow/dags/dag.py
[2026-05-13T13:53:15.410+0000] {processor.py:830} INFO - Processing file /opt/airflow/dags/dag.py for tasks to queue
[2026-05-13T13:53:15.412+0000] {logging_mixin.py:188} INFO - [2026-05-13T13:53:15.411+0000] {dagbag.py:538} INFO - Filling up the DagBag from /opt/airflow/dags/dag.py
[2026-05-13T13:53:16.931+0000] {processor.py:840} INFO - DAG(s) 'workshop_etl_3' retrieved from /opt/airflow/dags/dag.py
[2026-05-13T13:53:16.971+0000] {logging_mixin.py:188} INFO - [2026-05-13T13:53:16.971+0000] {dag.py:3036} INFO - Sync 1 DAGs
[2026-05-13T13:53:16.988+0000] {logging_mixin.py:188} INFO - [2026-05-13T13:53:16.988+0000] {dag.py:3823} INFO - Setting next_dagrun for workshop_etl_3 to None, run_after=None
[2026-05-13T13:53:17.029+0000] {processor.py:183} INFO - Processing /opt/airflow/dags/dag.py took 1.628 seconds
[2026-05-13T13:53:47.422+0000] {processor.py:161} INFO - Started process (PID=4172) to work on /opt/airflow/dags/dag.py
[2026-05-13T13:53:47.424+0000] {processor.py:830} INFO - Processing file /opt/airflow/dags/dag.py for tasks to queue
[2026-05-13T13:53:47.426+0000] {logging_mixin.py:188} INFO - [2026-05-13T13:53:47.426+0000] {dagbag.py:538} INFO - Filling up the DagBag from /opt/airflow/dags/dag.py
[2026-05-13T13:53:48.886+0000] {processor.py:840} INFO - DAG(s) 'workshop_etl_3' retrieved from /opt/airflow/dags/dag.py
[2026-05-13T13:53:48.916+0000] {logging_mixin.py:188} INFO - [2026-05-13T13:53:48.916+0000] {dag.py:3036} INFO - Sync 1 DAGs
[2026-05-13T13:53:48.929+0000] {logging_mixin.py:188} INFO - [2026-05-13T13:53:48.929+0000] {dag.py:3823} INFO - Setting next_dagrun for workshop_etl_3 to None, run_after=None
[2026-05-13T13:53:48.975+0000] {processor.py:183} INFO - Processing /opt/airflow/dags/dag.py took 1.558 seconds
[2026-05-13T13:54:19.237+0000] {processor.py:161} INFO - Started process (PID=4190) to work on /opt/airflow/dags/dag.py
[2026-05-13T13:54:19.239+0000] {processor.py:830} INFO - Processing file /opt/airflow/dags/dag.py for tasks to queue
[2026-05-13T13:54:19.241+0000] {logging_mixin.py:188} INFO - [2026-05-13T13:54:19.240+0000] {dagbag.py:538} INFO - Filling up the DagBag from /opt/airflow/dags/dag.py
[2026-05-13T13:54:20.905+0000] {processor.py:840} INFO - DAG(s) 'workshop_etl_3' retrieved from /opt/airflow/dags/dag.py
[2026-05-13T13:54:20.958+0000] {logging_mixin.py:188} INFO - [2026-05-13T13:54:20.957+0000] {dag.py:3036} INFO - Sync 1 DAGs
[2026-05-13T13:54:20.982+0000] {logging_mixin.py:188} INFO - [2026-05-13T13:54:20.981+0000] {dag.py:3823} INFO - Setting next_dagrun for workshop_etl_3 to None, run_after=None
[2026-05-13T13:54:21.027+0000] {processor.py:183} INFO - Processing /opt/airflow/dags/dag.py took 1.798 seconds
[2026-05-13T13:54:51.461+0000] {processor.py:161} INFO - Started process (PID=4208) to work on /opt/airflow/dags/dag.py
[2026-05-13T13:54:51.463+0000] {processor.py:830} INFO - Processing file /opt/airflow/dags/dag.py for tasks to queue
[2026-05-13T13:54:51.465+0000] {logging_mixin.py:188} INFO - [2026-05-13T13:54:51.464+0000] {dagbag.py:538} INFO - Filling up the DagBag from /opt/airflow/dags/dag.py
[2026-05-13T13:54:53.018+0000] {processor.py:840} INFO - DAG(s) 'workshop_etl_3' retrieved from /opt/airflow/dags/dag.py
[2026-05-13T13:54:53.052+0000] {logging_mixin.py:188} INFO - [2026-05-13T13:54:53.052+0000] {dag.py:3036} INFO - Sync 1 DAGs
[2026-05-13T13:54:53.067+0000] {logging_mixin.py:188} INFO - [2026-05-13T13:54:53.066+0000] {dag.py:3823} INFO - Setting next_dagrun for workshop_etl_3 to None, run_after=None
[2026-05-13T13:54:53.103+0000] {processor.py:183} INFO - Processing /opt/airflow/dags/dag.py took 1.649 seconds
[2026-05-13T13:55:23.537+0000] {processor.py:161} INFO - Started process (PID=4226) to work on /opt/airflow/dags/dag.py
[2026-05-13T13:55:23.539+0000] {processor.py:830} INFO - Processing file /opt/airflow/dags/dag.py for tasks to queue
[2026-05-13T13:55:23.541+0000] {logging_mixin.py:188} INFO - [2026-05-13T13:55:23.540+0000] {dagbag.py:538} INFO - Filling up the DagBag from /opt/airflow/dags/dag.py
[2026-05-13T13:55:25.060+0000] {processor.py:840} INFO - DAG(s) 'workshop_etl_3' retrieved from /opt/airflow/dags/dag.py
[2026-05-13T13:55:25.111+0000] {logging_mixin.py:188} INFO - [2026-05-13T13:55:25.110+0000] {dag.py:3036} INFO - Sync 1 DAGs
[2026-05-13T13:55:25.130+0000] {logging_mixin.py:188} INFO - [2026-05-13T13:55:25.130+0000] {dag.py:3823} INFO - Setting next_dagrun for workshop_etl_3 to None, run_after=None
[2026-05-13T13:55:25.176+0000] {processor.py:183} INFO - Processing /opt/airflow/dags/dag.py took 1.647 seconds
[2026-05-13T13:55:55.694+0000] {processor.py:161} INFO - Started process (PID=4244) to work on /opt/airflow/dags/dag.py
[2026-05-13T13:55:55.697+0000] {processor.py:830} INFO - Processing file /opt/airflow/dags/dag.py for tasks to queue
[2026-05-13T13:55:55.699+0000] {logging_mixin.py:188} INFO - [2026-05-13T13:55:55.699+0000] {dagbag.py:538} INFO - Filling up the DagBag from /opt/airflow/dags/dag.py
[2026-05-13T13:55:57.204+0000] {processor.py:840} INFO - DAG(s) 'workshop_etl_3' retrieved from /opt/airflow/dags/dag.py
[2026-05-13T13:55:57.239+0000] {logging_mixin.py:188} INFO - [2026-05-13T13:55:57.239+0000] {dag.py:3036} INFO - Sync 1 DAGs
[2026-05-13T13:55:57.263+0000] {logging_mixin.py:188} INFO - [2026-05-13T13:55:57.262+0000] {dag.py:3823} INFO - Setting next_dagrun for workshop_etl_3 to None, run_after=None
[2026-05-13T13:55:57.318+0000] {processor.py:183} INFO - Processing /opt/airflow/dags/dag.py took 1.630 seconds
[2026-05-13T13:56:27.789+0000] {processor.py:161} INFO - Started process (PID=4262) to work on /opt/airflow/dags/dag.py
[2026-05-13T13:56:27.791+0000] {processor.py:830} INFO - Processing file /opt/airflow/dags/dag.py for tasks to queue
[2026-05-13T13:56:27.794+0000] {logging_mixin.py:188} INFO - [2026-05-13T13:56:27.793+0000] {dagbag.py:538} INFO - Filling up the DagBag from /opt/airflow/dags/dag.py
[2026-05-13T13:56:29.502+0000] {processor.py:840} INFO - DAG(s) 'workshop_etl_3' retrieved from /opt/airflow/dags/dag.py
[2026-05-13T13:56:29.544+0000] {logging_mixin.py:188} INFO - [2026-05-13T13:56:29.544+0000] {dag.py:3036} INFO - Sync 1 DAGs
[2026-05-13T13:56:29.580+0000] {logging_mixin.py:188} INFO - [2026-05-13T13:56:29.580+0000] {dag.py:3823} INFO - Setting next_dagrun for workshop_etl_3 to None, run_after=None
[2026-05-13T13:56:29.629+0000] {processor.py:183} INFO - Processing /opt/airflow/dags/dag.py took 1.846 seconds
[2026-05-13T13:57:00.071+0000] {processor.py:161} INFO - Started process (PID=4280) to work on /opt/airflow/dags/dag.py
[2026-05-13T13:57:00.074+0000] {processor.py:830} INFO - Processing file /opt/airflow/dags/dag.py for tasks to queue
[2026-05-13T13:57:00.077+0000] {logging_mixin.py:188} INFO - [2026-05-13T13:57:00.076+0000] {dagbag.py:538} INFO - Filling up the DagBag from /opt/airflow/dags/dag.py
[2026-05-13T13:57:01.774+0000] {processor.py:840} INFO - DAG(s) 'workshop_etl_3' retrieved from /opt/airflow/dags/dag.py
[2026-05-13T13:57:01.809+0000] {logging_mixin.py:188} INFO - [2026-05-13T13:57:01.809+0000] {dag.py:3036} INFO - Sync 1 DAGs
[2026-05-13T13:57:01.825+0000] {logging_mixin.py:188} INFO - [2026-05-13T13:57:01.824+0000] {dag.py:3823} INFO - Setting next_dagrun for workshop_etl_3 to None, run_after=None
[2026-05-13T13:57:01.874+0000] {processor.py:183} INFO - Processing /opt/airflow/dags/dag.py took 1.808 seconds
[2026-05-13T13:57:32.297+0000] {processor.py:161} INFO - Started process (PID=4298) to work on /opt/airflow/dags/dag.py
[2026-05-13T13:57:32.301+0000] {processor.py:830} INFO - Processing file /opt/airflow/dags/dag.py for tasks to queue
[2026-05-13T13:57:32.303+0000] {logging_mixin.py:188} INFO - [2026-05-13T13:57:32.302+0000] {dagbag.py:538} INFO - Filling up the DagBag from /opt/airflow/dags/dag.py
[2026-05-13T13:57:34.044+0000] {processor.py:840} INFO - DAG(s) 'workshop_etl_3' retrieved from /opt/airflow/dags/dag.py
[2026-05-13T13:57:34.080+0000] {logging_mixin.py:188} INFO - [2026-05-13T13:57:34.079+0000] {dag.py:3036} INFO - Sync 1 DAGs
[2026-05-13T13:57:34.098+0000] {logging_mixin.py:188} INFO - [2026-05-13T13:57:34.097+0000] {dag.py:3823} INFO - Setting next_dagrun for workshop_etl_3 to None, run_after=None
[2026-05-13T13:57:34.152+0000] {processor.py:183} INFO - Processing /opt/airflow/dags/dag.py took 1.864 seconds
[2026-05-13T13:58:04.626+0000] {processor.py:161} INFO - Started process (PID=4316) to work on /opt/airflow/dags/dag.py
[2026-05-13T13:58:04.628+0000] {processor.py:830} INFO - Processing file /opt/airflow/dags/dag.py for tasks to queue
[2026-05-13T13:58:04.631+0000] {logging_mixin.py:188} INFO - [2026-05-13T13:58:04.630+0000] {dagbag.py:538} INFO - Filling up the DagBag from /opt/airflow/dags/dag.py
[2026-05-13T13:58:06.281+0000] {processor.py:840} INFO - DAG(s) 'workshop_etl_3' retrieved from /opt/airflow/dags/dag.py
[2026-05-13T13:58:06.322+0000] {logging_mixin.py:188} INFO - [2026-05-13T13:58:06.322+0000] {dag.py:3036} INFO - Sync 1 DAGs
[2026-05-13T13:58:06.338+0000] {logging_mixin.py:188} INFO - [2026-05-13T13:58:06.337+0000] {dag.py:3823} INFO - Setting next_dagrun for workshop_etl_3 to None, run_after=None
[2026-05-13T13:58:06.384+0000] {processor.py:183} INFO - Processing /opt/airflow/dags/dag.py took 1.764 seconds
[2026-05-13T13:58:36.820+0000] {processor.py:161} INFO - Started process (PID=4334) to work on /opt/airflow/dags/dag.py
[2026-05-13T13:58:36.823+0000] {processor.py:830} INFO - Processing file /opt/airflow/dags/dag.py for tasks to queue
[2026-05-13T13:58:36.826+0000] {logging_mixin.py:188} INFO - [2026-05-13T13:58:36.825+0000] {dagbag.py:538} INFO - Filling up the DagBag from /opt/airflow/dags/dag.py
[2026-05-13T13:58:38.514+0000] {processor.py:840} INFO - DAG(s) 'workshop_etl_3' retrieved from /opt/airflow/dags/dag.py
[2026-05-13T13:58:38.548+0000] {logging_mixin.py:188} INFO - [2026-05-13T13:58:38.548+0000] {dag.py:3036} INFO - Sync 1 DAGs
[2026-05-13T13:58:38.562+0000] {logging_mixin.py:188} INFO - [2026-05-13T13:58:38.562+0000] {dag.py:3823} INFO - Setting next_dagrun for workshop_etl_3 to None, run_after=None
[2026-05-13T13:58:38.594+0000] {processor.py:183} INFO - Processing /opt/airflow/dags/dag.py took 1.780 seconds
[2026-05-13T13:59:09.018+0000] {processor.py:161} INFO - Started process (PID=4352) to work on /opt/airflow/dags/dag.py
[2026-05-13T13:59:09.021+0000] {processor.py:830} INFO - Processing file /opt/airflow/dags/dag.py for tasks to queue
[2026-05-13T13:59:09.023+0000] {logging_mixin.py:188} INFO - [2026-05-13T13:59:09.022+0000] {dagbag.py:538} INFO - Filling up the DagBag from /opt/airflow/dags/dag.py
[2026-05-13T13:59:10.727+0000] {processor.py:840} INFO - DAG(s) 'workshop_etl_3' retrieved from /opt/airflow/dags/dag.py
[2026-05-13T13:59:10.770+0000] {logging_mixin.py:188} INFO - [2026-05-13T13:59:10.770+0000] {dag.py:3036} INFO - Sync 1 DAGs
[2026-05-13T13:59:10.790+0000] {logging_mixin.py:188} INFO - [2026-05-13T13:59:10.790+0000] {dag.py:3823} INFO - Setting next_dagrun for workshop_etl_3 to None, run_after=None
[2026-05-13T13:59:10.843+0000] {processor.py:183} INFO - Processing /opt/airflow/dags/dag.py took 1.831 seconds
[2026-05-13T13:59:41.255+0000] {processor.py:161} INFO - Started process (PID=4370) to work on /opt/airflow/dags/dag.py
[2026-05-13T13:59:41.257+0000] {processor.py:830} INFO - Processing file /opt/airflow/dags/dag.py for tasks to queue
[2026-05-13T13:59:41.259+0000] {logging_mixin.py:188} INFO - [2026-05-13T13:59:41.259+0000] {dagbag.py:538} INFO - Filling up the DagBag from /opt/airflow/dags/dag.py
[2026-05-13T13:59:42.843+0000] {processor.py:840} INFO - DAG(s) 'workshop_etl_3' retrieved from /opt/airflow/dags/dag.py
[2026-05-13T13:59:42.892+0000] {logging_mixin.py:188} INFO - [2026-05-13T13:59:42.891+0000] {dag.py:3036} INFO - Sync 1 DAGs
[2026-05-13T13:59:42.908+0000] {logging_mixin.py:188} INFO - [2026-05-13T13:59:42.907+0000] {dag.py:3823} INFO - Setting next_dagrun for workshop_etl_3 to None, run_after=None
[2026-05-13T13:59:42.963+0000] {processor.py:183} INFO - Processing /opt/airflow/dags/dag.py took 1.714 seconds
[2026-05-13T14:00:13.352+0000] {processor.py:161} INFO - Started process (PID=4388) to work on /opt/airflow/dags/dag.py
[2026-05-13T14:00:13.354+0000] {processor.py:830} INFO - Processing file /opt/airflow/dags/dag.py for tasks to queue
[2026-05-13T14:00:13.355+0000] {logging_mixin.py:188} INFO - [2026-05-13T14:00:13.355+0000] {dagbag.py:538} INFO - Filling up the DagBag from /opt/airflow/dags/dag.py
[2026-05-13T14:00:14.884+0000] {processor.py:840} INFO - DAG(s) 'workshop_etl_3' retrieved from /opt/airflow/dags/dag.py
[2026-05-13T14:00:14.926+0000] {logging_mixin.py:188} INFO - [2026-05-13T14:00:14.926+0000] {dag.py:3036} INFO - Sync 1 DAGs
[2026-05-13T14:00:14.947+0000] {logging_mixin.py:188} INFO - [2026-05-13T14:00:14.947+0000] {dag.py:3823} INFO - Setting next_dagrun for workshop_etl_3 to None, run_after=None
[2026-05-13T14:00:15.002+0000] {processor.py:183} INFO - Processing /opt/airflow/dags/dag.py took 1.654 seconds
[2026-05-13T14:00:45.340+0000] {processor.py:161} INFO - Started process (PID=4406) to work on /opt/airflow/dags/dag.py
[2026-05-13T14:00:45.343+0000] {processor.py:830} INFO - Processing file /opt/airflow/dags/dag.py for tasks to queue
[2026-05-13T14:00:45.345+0000] {logging_mixin.py:188} INFO - [2026-05-13T14:00:45.345+0000] {dagbag.py:538} INFO - Filling up the DagBag from /opt/airflow/dags/dag.py
[2026-05-13T14:00:46.991+0000] {processor.py:840} INFO - DAG(s) 'workshop_etl_3' retrieved from /opt/airflow/dags/dag.py
[2026-05-13T14:00:47.036+0000] {logging_mixin.py:188} INFO - [2026-05-13T14:00:47.036+0000] {dag.py:3036} INFO - Sync 1 DAGs
[2026-05-13T14:00:47.055+0000] {logging_mixin.py:188} INFO - [2026-05-13T14:00:47.055+0000] {dag.py:3823} INFO - Setting next_dagrun for workshop_etl_3 to None, run_after=None
[2026-05-13T14:00:47.110+0000] {processor.py:183} INFO - Processing /opt/airflow/dags/dag.py took 1.775 seconds
[2026-05-13T14:01:17.549+0000] {processor.py:161} INFO - Started process (PID=4424) to work on /opt/airflow/dags/dag.py
[2026-05-13T14:01:17.552+0000] {processor.py:830} INFO - Processing file /opt/airflow/dags/dag.py for tasks to queue
[2026-05-13T14:01:17.555+0000] {logging_mixin.py:188} INFO - [2026-05-13T14:01:17.554+0000] {dagbag.py:538} INFO - Filling up the DagBag from /opt/airflow/dags/dag.py
[2026-05-13T14:01:19.157+0000] {processor.py:840} INFO - DAG(s) 'workshop_etl_3' retrieved from /opt/airflow/dags/dag.py
[2026-05-13T14:01:19.206+0000] {logging_mixin.py:188} INFO - [2026-05-13T14:01:19.205+0000] {dag.py:3036} INFO - Sync 1 DAGs
[2026-05-13T14:01:19.229+0000] {logging_mixin.py:188} INFO - [2026-05-13T14:01:19.228+0000] {dag.py:3823} INFO - Setting next_dagrun for workshop_etl_3 to None, run_after=None
[2026-05-13T14:01:19.284+0000] {processor.py:183} INFO - Processing /opt/airflow/dags/dag.py took 1.743 seconds
[2026-05-13T14:01:49.743+0000] {processor.py:161} INFO - Started process (PID=4442) to work on /opt/airflow/dags/dag.py
[2026-05-13T14:01:49.747+0000] {processor.py:830} INFO - Processing file /opt/airflow/dags/dag.py for tasks to queue
[2026-05-13T14:01:49.750+0000] {logging_mixin.py:188} INFO - [2026-05-13T14:01:49.748+0000] {dagbag.py:538} INFO - Filling up the DagBag from /opt/airflow/dags/dag.py
[2026-05-13T14:01:51.430+0000] {processor.py:840} INFO - DAG(s) 'workshop_etl_3' retrieved from /opt/airflow/dags/dag.py
[2026-05-13T14:01:51.479+0000] {logging_mixin.py:188} INFO - [2026-05-13T14:01:51.479+0000] {dag.py:3036} INFO - Sync 1 DAGs
[2026-05-13T14:01:51.497+0000] {logging_mixin.py:188} INFO - [2026-05-13T14:01:51.497+0000] {dag.py:3823} INFO - Setting next_dagrun for workshop_etl_3 to None, run_after=None
[2026-05-13T14:01:51.551+0000] {processor.py:183} INFO - Processing /opt/airflow/dags/dag.py took 1.814 seconds
[2026-05-13T14:02:22.001+0000] {processor.py:161} INFO - Started process (PID=4460) to work on /opt/airflow/dags/dag.py
[2026-05-13T14:02:22.003+0000] {processor.py:830} INFO - Processing file /opt/airflow/dags/dag.py for tasks to queue
[2026-05-13T14:02:22.005+0000] {logging_mixin.py:188} INFO - [2026-05-13T14:02:22.005+0000] {dagbag.py:538} INFO - Filling up the DagBag from /opt/airflow/dags/dag.py
[2026-05-13T14:02:23.583+0000] {processor.py:840} INFO - DAG(s) 'workshop_etl_3' retrieved from /opt/airflow/dags/dag.py
[2026-05-13T14:02:23.631+0000] {logging_mixin.py:188} INFO - [2026-05-13T14:02:23.630+0000] {dag.py:3036} INFO - Sync 1 DAGs
[2026-05-13T14:02:23.649+0000] {logging_mixin.py:188} INFO - [2026-05-13T14:02:23.649+0000] {dag.py:3823} INFO - Setting next_dagrun for workshop_etl_3 to None, run_after=None
[2026-05-13T14:02:23.700+0000] {processor.py:183} INFO - Processing /opt/airflow/dags/dag.py took 1.706 seconds
[2026-05-13T14:02:53.882+0000] {processor.py:161} INFO - Started process (PID=4478) to work on /opt/airflow/dags/dag.py
[2026-05-13T14:02:53.885+0000] {processor.py:830} INFO - Processing file /opt/airflow/dags/dag.py for tasks to queue
[2026-05-13T14:02:53.887+0000] {logging_mixin.py:188} INFO - [2026-05-13T14:02:53.886+0000] {dagbag.py:538} INFO - Filling up the DagBag from /opt/airflow/dags/dag.py
[2026-05-13T14:02:55.534+0000] {processor.py:840} INFO - DAG(s) 'workshop_etl_3' retrieved from /opt/airflow/dags/dag.py
[2026-05-13T14:02:55.580+0000] {logging_mixin.py:188} INFO - [2026-05-13T14:02:55.579+0000] {dag.py:3036} INFO - Sync 1 DAGs
[2026-05-13T14:02:55.597+0000] {logging_mixin.py:188} INFO - [2026-05-13T14:02:55.597+0000] {dag.py:3823} INFO - Setting next_dagrun for workshop_etl_3 to None, run_after=None
[2026-05-13T14:02:55.654+0000] {processor.py:183} INFO - Processing /opt/airflow/dags/dag.py took 1.778 seconds
[2026-05-13T14:03:26.069+0000] {processor.py:161} INFO - Started process (PID=4496) to work on /opt/airflow/dags/dag.py
[2026-05-13T14:03:26.072+0000] {processor.py:830} INFO - Processing file /opt/airflow/dags/dag.py for tasks to queue
[2026-05-13T14:03:26.075+0000] {logging_mixin.py:188} INFO - [2026-05-13T14:03:26.074+0000] {dagbag.py:538} INFO - Filling up the DagBag from /opt/airflow/dags/dag.py
[2026-05-13T14:03:27.650+0000] {processor.py:840} INFO - DAG(s) 'workshop_etl_3' retrieved from /opt/airflow/dags/dag.py
[2026-05-13T14:03:27.695+0000] {logging_mixin.py:188} INFO - [2026-05-13T14:03:27.695+0000] {dag.py:3036} INFO - Sync 1 DAGs
[2026-05-13T14:03:27.717+0000] {logging_mixin.py:188} INFO - [2026-05-13T14:03:27.717+0000] {dag.py:3823} INFO - Setting next_dagrun for workshop_etl_3 to None, run_after=None
[2026-05-13T14:03:27.770+0000] {processor.py:183} INFO - Processing /opt/airflow/dags/dag.py took 1.707 seconds
[2026-05-13T14:03:58.151+0000] {processor.py:161} INFO - Started process (PID=4514) to work on /opt/airflow/dags/dag.py
[2026-05-13T14:03:58.153+0000] {processor.py:830} INFO - Processing file /opt/airflow/dags/dag.py for tasks to queue
[2026-05-13T14:03:58.155+0000] {logging_mixin.py:188} INFO - [2026-05-13T14:03:58.154+0000] {dagbag.py:538} INFO - Filling up the DagBag from /opt/airflow/dags/dag.py
[2026-05-13T14:03:59.670+0000] {processor.py:840} INFO - DAG(s) 'workshop_etl_3' retrieved from /opt/airflow/dags/dag.py
[2026-05-13T14:03:59.704+0000] {logging_mixin.py:188} INFO - [2026-05-13T14:03:59.703+0000] {dag.py:3036} INFO - Sync 1 DAGs
[2026-05-13T14:03:59.719+0000] {logging_mixin.py:188} INFO - [2026-05-13T14:03:59.719+0000] {dag.py:3823} INFO - Setting next_dagrun for workshop_etl_3 to None, run_after=None
[2026-05-13T14:03:59.758+0000] {processor.py:183} INFO - Processing /opt/airflow/dags/dag.py took 1.615 seconds
[2026-05-13T14:04:29.997+0000] {processor.py:161} INFO - Started process (PID=4532) to work on /opt/airflow/dags/dag.py
[2026-05-13T14:04:30.000+0000] {processor.py:830} INFO - Processing file /opt/airflow/dags/dag.py for tasks to queue
[2026-05-13T14:04:30.002+0000] {logging_mixin.py:188} INFO - [2026-05-13T14:04:30.002+0000] {dagbag.py:538} INFO - Filling up the DagBag from /opt/airflow/dags/dag.py
[2026-05-13T14:04:31.649+0000] {processor.py:840} INFO - DAG(s) 'workshop_etl_3' retrieved from /opt/airflow/dags/dag.py
[2026-05-13T14:04:31.697+0000] {logging_mixin.py:188} INFO - [2026-05-13T14:04:31.696+0000] {dag.py:3036} INFO - Sync 1 DAGs
[2026-05-13T14:04:31.724+0000] {logging_mixin.py:188} INFO - [2026-05-13T14:04:31.724+0000] {dag.py:3823} INFO - Setting next_dagrun for workshop_etl_3 to None, run_after=None
[2026-05-13T14:04:31.778+0000] {processor.py:183} INFO - Processing /opt/airflow/dags/dag.py took 1.786 seconds
[2026-05-13T14:05:02.210+0000] {processor.py:161} INFO - Started process (PID=4550) to work on /opt/airflow/dags/dag.py
[2026-05-13T14:05:02.213+0000] {processor.py:830} INFO - Processing file /opt/airflow/dags/dag.py for tasks to queue
[2026-05-13T14:05:02.215+0000] {logging_mixin.py:188} INFO - [2026-05-13T14:05:02.214+0000] {dagbag.py:538} INFO - Filling up the DagBag from /opt/airflow/dags/dag.py
[2026-05-13T14:05:03.742+0000] {processor.py:840} INFO - DAG(s) 'workshop_etl_3' retrieved from /opt/airflow/dags/dag.py
[2026-05-13T14:05:03.794+0000] {logging_mixin.py:188} INFO - [2026-05-13T14:05:03.793+0000] {dag.py:3036} INFO - Sync 1 DAGs
[2026-05-13T14:05:03.815+0000] {logging_mixin.py:188} INFO - [2026-05-13T14:05:03.814+0000] {dag.py:3823} INFO - Setting next_dagrun for workshop_etl_3 to None, run_after=None
[2026-05-13T14:05:03.865+0000] {processor.py:183} INFO - Processing /opt/airflow/dags/dag.py took 1.660 seconds
[2026-05-13T14:05:34.292+0000] {processor.py:161} INFO - Started process (PID=4568) to work on /opt/airflow/dags/dag.py
[2026-05-13T14:05:34.294+0000] {processor.py:830} INFO - Processing file /opt/airflow/dags/dag.py for tasks to queue
[2026-05-13T14:05:34.296+0000] {logging_mixin.py:188} INFO - [2026-05-13T14:05:34.295+0000] {dagbag.py:538} INFO - Filling up the DagBag from /opt/airflow/dags/dag.py
[2026-05-13T14:05:35.992+0000] {processor.py:840} INFO - DAG(s) 'workshop_etl_3' retrieved from /opt/airflow/dags/dag.py
[2026-05-13T14:05:36.041+0000] {logging_mixin.py:188} INFO - [2026-05-13T14:05:36.040+0000] {dag.py:3036} INFO - Sync 1 DAGs
[2026-05-13T14:05:36.059+0000] {logging_mixin.py:188} INFO - [2026-05-13T14:05:36.059+0000] {dag.py:3823} INFO - Setting next_dagrun for workshop_etl_3 to None, run_after=None
[2026-05-13T14:05:36.111+0000] {processor.py:183} INFO - Processing /opt/airflow/dags/dag.py took 1.825 seconds
[2026-05-13T14:06:06.549+0000] {processor.py:161} INFO - Started process (PID=4586) to work on /opt/airflow/dags/dag.py
[2026-05-13T14:06:06.552+0000] {processor.py:830} INFO - Processing file /opt/airflow/dags/dag.py for tasks to queue
[2026-05-13T14:06:06.555+0000] {logging_mixin.py:188} INFO - [2026-05-13T14:06:06.554+0000] {dagbag.py:538} INFO - Filling up the DagBag from /opt/airflow/dags/dag.py
[2026-05-13T14:06:08.221+0000] {processor.py:840} INFO - DAG(s) 'workshop_etl_3' retrieved from /opt/airflow/dags/dag.py
[2026-05-13T14:06:08.254+0000] {logging_mixin.py:188} INFO - [2026-05-13T14:06:08.253+0000] {dag.py:3036} INFO - Sync 1 DAGs
[2026-05-13T14:06:08.272+0000] {logging_mixin.py:188} INFO - [2026-05-13T14:06:08.271+0000] {dag.py:3823} INFO - Setting next_dagrun for workshop_etl_3 to None, run_after=None
[2026-05-13T14:06:08.331+0000] {processor.py:183} INFO - Processing /opt/airflow/dags/dag.py took 1.794 seconds
[2026-05-13T14:06:38.566+0000] {processor.py:161} INFO - Started process (PID=4604) to work on /opt/airflow/dags/dag.py
[2026-05-13T14:06:38.569+0000] {processor.py:830} INFO - Processing file /opt/airflow/dags/dag.py for tasks to queue
[2026-05-13T14:06:38.571+0000] {logging_mixin.py:188} INFO - [2026-05-13T14:06:38.570+0000] {dagbag.py:538} INFO - Filling up the DagBag from /opt/airflow/dags/dag.py
[2026-05-13T14:06:40.309+0000] {processor.py:840} INFO - DAG(s) 'workshop_etl_3' retrieved from /opt/airflow/dags/dag.py
[2026-05-13T14:06:40.335+0000] {logging_mixin.py:188} INFO - [2026-05-13T14:06:40.335+0000] {dag.py:3036} INFO - Sync 1 DAGs
[2026-05-13T14:06:40.352+0000] {logging_mixin.py:188} INFO - [2026-05-13T14:06:40.352+0000] {dag.py:3823} INFO - Setting next_dagrun for workshop_etl_3 to None, run_after=None
[2026-05-13T14:06:40.403+0000] {processor.py:183} INFO - Processing /opt/airflow/dags/dag.py took 1.842 seconds
[2026-05-13T14:07:10.857+0000] {processor.py:161} INFO - Started process (PID=4622) to work on /opt/airflow/dags/dag.py
[2026-05-13T14:07:10.859+0000] {processor.py:830} INFO - Processing file /opt/airflow/dags/dag.py for tasks to queue
[2026-05-13T14:07:10.863+0000] {logging_mixin.py:188} INFO - [2026-05-13T14:07:10.862+0000] {dagbag.py:538} INFO - Filling up the DagBag from /opt/airflow/dags/dag.py
[2026-05-13T14:07:12.561+0000] {processor.py:840} INFO - DAG(s) 'workshop_etl_3' retrieved from /opt/airflow/dags/dag.py
[2026-05-13T14:07:12.596+0000] {logging_mixin.py:188} INFO - [2026-05-13T14:07:12.596+0000] {dag.py:3036} INFO - Sync 1 DAGs
[2026-05-13T14:07:12.617+0000] {logging_mixin.py:188} INFO - [2026-05-13T14:07:12.617+0000] {dag.py:3823} INFO - Setting next_dagrun for workshop_etl_3 to None, run_after=None
[2026-05-13T14:07:12.667+0000] {processor.py:183} INFO - Processing /opt/airflow/dags/dag.py took 1.817 seconds
[2026-05-13T14:07:43.107+0000] {processor.py:161} INFO - Started process (PID=4640) to work on /opt/airflow/dags/dag.py
[2026-05-13T14:07:43.110+0000] {processor.py:830} INFO - Processing file /opt/airflow/dags/dag.py for tasks to queue
[2026-05-13T14:07:43.113+0000] {logging_mixin.py:188} INFO - [2026-05-13T14:07:43.112+0000] {dagbag.py:538} INFO - Filling up the DagBag from /opt/airflow/dags/dag.py
[2026-05-13T14:07:44.803+0000] {processor.py:840} INFO - DAG(s) 'workshop_etl_3' retrieved from /opt/airflow/dags/dag.py
[2026-05-13T14:07:44.854+0000] {logging_mixin.py:188} INFO - [2026-05-13T14:07:44.853+0000] {dag.py:3036} INFO - Sync 1 DAGs
[2026-05-13T14:07:44.871+0000] {logging_mixin.py:188} INFO - [2026-05-13T14:07:44.870+0000] {dag.py:3823} INFO - Setting next_dagrun for workshop_etl_3 to None, run_after=None
[2026-05-13T14:07:44.925+0000] {processor.py:183} INFO - Processing /opt/airflow/dags/dag.py took 1.824 seconds
[2026-05-13T14:08:15.347+0000] {processor.py:161} INFO - Started process (PID=4658) to work on /opt/airflow/dags/dag.py
[2026-05-13T14:08:15.350+0000] {processor.py:830} INFO - Processing file /opt/airflow/dags/dag.py for tasks to queue
[2026-05-13T14:08:15.352+0000] {logging_mixin.py:188} INFO - [2026-05-13T14:08:15.351+0000] {dagbag.py:538} INFO - Filling up the DagBag from /opt/airflow/dags/dag.py
[2026-05-13T14:08:17.074+0000] {processor.py:840} INFO - DAG(s) 'workshop_etl_3' retrieved from /opt/airflow/dags/dag.py
[2026-05-13T14:08:17.103+0000] {logging_mixin.py:188} INFO - [2026-05-13T14:08:17.103+0000] {dag.py:3036} INFO - Sync 1 DAGs
[2026-05-13T14:08:17.115+0000] {logging_mixin.py:188} INFO - [2026-05-13T14:08:17.115+0000] {dag.py:3823} INFO - Setting next_dagrun for workshop_etl_3 to None, run_after=None
[2026-05-13T14:08:17.147+0000] {processor.py:183} INFO - Processing /opt/airflow/dags/dag.py took 1.807 seconds
[2026-05-13T14:08:47.581+0000] {processor.py:161} INFO - Started process (PID=4676) to work on /opt/airflow/dags/dag.py
[2026-05-13T14:08:47.584+0000] {processor.py:830} INFO - Processing file /opt/airflow/dags/dag.py for tasks to queue
[2026-05-13T14:08:47.586+0000] {logging_mixin.py:188} INFO - [2026-05-13T14:08:47.585+0000] {dagbag.py:538} INFO - Filling up the DagBag from /opt/airflow/dags/dag.py
[2026-05-13T14:08:49.309+0000] {processor.py:840} INFO - DAG(s) 'workshop_etl_3' retrieved from /opt/airflow/dags/dag.py
[2026-05-13T14:08:49.354+0000] {logging_mixin.py:188} INFO - [2026-05-13T14:08:49.353+0000] {dag.py:3036} INFO - Sync 1 DAGs
[2026-05-13T14:08:49.371+0000] {logging_mixin.py:188} INFO - [2026-05-13T14:08:49.371+0000] {dag.py:3823} INFO - Setting next_dagrun for workshop_etl_3 to None, run_after=None
[2026-05-13T14:08:49.424+0000] {processor.py:183} INFO - Processing /opt/airflow/dags/dag.py took 1.850 seconds
[2026-05-13T14:09:19.871+0000] {processor.py:161} INFO - Started process (PID=4694) to work on /opt/airflow/dags/dag.py
[2026-05-13T14:09:19.874+0000] {processor.py:830} INFO - Processing file /opt/airflow/dags/dag.py for tasks to queue
[2026-05-13T14:09:19.876+0000] {logging_mixin.py:188} INFO - [2026-05-13T14:09:19.876+0000] {dagbag.py:538} INFO - Filling up the DagBag from /opt/airflow/dags/dag.py
[2026-05-13T14:09:21.506+0000] {processor.py:840} INFO - DAG(s) 'workshop_etl_3' retrieved from /opt/airflow/dags/dag.py
[2026-05-13T14:09:21.544+0000] {logging_mixin.py:188} INFO - [2026-05-13T14:09:21.543+0000] {dag.py:3036} INFO - Sync 1 DAGs
[2026-05-13T14:09:21.557+0000] {logging_mixin.py:188} INFO - [2026-05-13T14:09:21.557+0000] {dag.py:3823} INFO - Setting next_dagrun for workshop_etl_3 to None, run_after=None
[2026-05-13T14:09:21.602+0000] {processor.py:183} INFO - Processing /opt/airflow/dags/dag.py took 1.738 seconds
[2026-05-13T14:09:52.046+0000] {processor.py:161} INFO - Started process (PID=4712) to work on /opt/airflow/dags/dag.py
[2026-05-13T14:09:52.049+0000] {processor.py:830} INFO - Processing file /opt/airflow/dags/dag.py for tasks to queue
[2026-05-13T14:09:52.051+0000] {logging_mixin.py:188} INFO - [2026-05-13T14:09:52.050+0000] {dagbag.py:538} INFO - Filling up the DagBag from /opt/airflow/dags/dag.py
[2026-05-13T14:09:53.711+0000] {processor.py:840} INFO - DAG(s) 'workshop_etl_3' retrieved from /opt/airflow/dags/dag.py
[2026-05-13T14:09:53.754+0000] {logging_mixin.py:188} INFO - [2026-05-13T14:09:53.753+0000] {dag.py:3036} INFO - Sync 1 DAGs
[2026-05-13T14:09:53.772+0000] {logging_mixin.py:188} INFO - [2026-05-13T14:09:53.771+0000] {dag.py:3823} INFO - Setting next_dagrun for workshop_etl_3 to None, run_after=None
[2026-05-13T14:09:53.813+0000] {processor.py:183} INFO - Processing /opt/airflow/dags/dag.py took 1.774 seconds
[2026-05-13T14:10:23.921+0000] {processor.py:161} INFO - Started process (PID=4730) to work on /opt/airflow/dags/dag.py
[2026-05-13T14:10:23.923+0000] {processor.py:830} INFO - Processing file /opt/airflow/dags/dag.py for tasks to queue
[2026-05-13T14:10:23.925+0000] {logging_mixin.py:188} INFO - [2026-05-13T14:10:23.924+0000] {dagbag.py:538} INFO - Filling up the DagBag from /opt/airflow/dags/dag.py
[2026-05-13T14:10:25.508+0000] {processor.py:840} INFO - DAG(s) 'workshop_etl_3' retrieved from /opt/airflow/dags/dag.py
[2026-05-13T14:10:25.542+0000] {logging_mixin.py:188} INFO - [2026-05-13T14:10:25.541+0000] {dag.py:3036} INFO - Sync 1 DAGs
[2026-05-13T14:10:25.558+0000] {logging_mixin.py:188} INFO - [2026-05-13T14:10:25.558+0000] {dag.py:3823} INFO - Setting next_dagrun for workshop_etl_3 to None, run_after=None
[2026-05-13T14:10:25.602+0000] {processor.py:183} INFO - Processing /opt/airflow/dags/dag.py took 1.686 seconds
[2026-05-13T14:10:56.031+0000] {processor.py:161} INFO - Started process (PID=4748) to work on /opt/airflow/dags/dag.py
[2026-05-13T14:10:56.033+0000] {processor.py:830} INFO - Processing file /opt/airflow/dags/dag.py for tasks to queue
[2026-05-13T14:10:56.036+0000] {logging_mixin.py:188} INFO - [2026-05-13T14:10:56.035+0000] {dagbag.py:538} INFO - Filling up the DagBag from /opt/airflow/dags/dag.py
[2026-05-13T14:10:57.670+0000] {processor.py:840} INFO - DAG(s) 'workshop_etl_3' retrieved from /opt/airflow/dags/dag.py
[2026-05-13T14:10:57.704+0000] {logging_mixin.py:188} INFO - [2026-05-13T14:10:57.704+0000] {dag.py:3036} INFO - Sync 1 DAGs
[2026-05-13T14:10:57.722+0000] {logging_mixin.py:188} INFO - [2026-05-13T14:10:57.721+0000] {dag.py:3823} INFO - Setting next_dagrun for workshop_etl_3 to None, run_after=None
[2026-05-13T14:10:57.767+0000] {processor.py:183} INFO - Processing /opt/airflow/dags/dag.py took 1.743 seconds
[2026-05-13T14:11:28.003+0000] {processor.py:161} INFO - Started process (PID=4766) to work on /opt/airflow/dags/dag.py
[2026-05-13T14:11:28.006+0000] {processor.py:830} INFO - Processing file /opt/airflow/dags/dag.py for tasks to queue
[2026-05-13T14:11:28.008+0000] {logging_mixin.py:188} INFO - [2026-05-13T14:11:28.008+0000] {dagbag.py:538} INFO - Filling up the DagBag from /opt/airflow/dags/dag.py
[2026-05-13T14:11:29.744+0000] {processor.py:840} INFO - DAG(s) 'workshop_etl_3' retrieved from /opt/airflow/dags/dag.py
[2026-05-13T14:11:29.779+0000] {logging_mixin.py:188} INFO - [2026-05-13T14:11:29.779+0000] {dag.py:3036} INFO - Sync 1 DAGs
[2026-05-13T14:11:29.797+0000] {logging_mixin.py:188} INFO - [2026-05-13T14:11:29.797+0000] {dag.py:3823} INFO - Setting next_dagrun for workshop_etl_3 to None, run_after=None
[2026-05-13T14:11:29.851+0000] {processor.py:183} INFO - Processing /opt/airflow/dags/dag.py took 1.854 seconds
[2026-05-13T14:12:00.300+0000] {processor.py:161} INFO - Started process (PID=4784) to work on /opt/airflow/dags/dag.py
[2026-05-13T14:12:00.303+0000] {processor.py:830} INFO - Processing file /opt/airflow/dags/dag.py for tasks to queue
[2026-05-13T14:12:00.305+0000] {logging_mixin.py:188} INFO - [2026-05-13T14:12:00.304+0000] {dagbag.py:538} INFO - Filling up the DagBag from /opt/airflow/dags/dag.py
[2026-05-13T14:12:01.948+0000] {processor.py:840} INFO - DAG(s) 'workshop_etl_3' retrieved from /opt/airflow/dags/dag.py
[2026-05-13T14:12:01.977+0000] {logging_mixin.py:188} INFO - [2026-05-13T14:12:01.977+0000] {dag.py:3036} INFO - Sync 1 DAGs
[2026-05-13T14:12:01.994+0000] {logging_mixin.py:188} INFO - [2026-05-13T14:12:01.993+0000] {dag.py:3823} INFO - Setting next_dagrun for workshop_etl_3 to None, run_after=None
[2026-05-13T14:12:02.043+0000] {processor.py:183} INFO - Processing /opt/airflow/dags/dag.py took 1.750 seconds
[2026-05-13T14:12:32.488+0000] {processor.py:161} INFO - Started process (PID=4802) to work on /opt/airflow/dags/dag.py
[2026-05-13T14:12:32.491+0000] {processor.py:830} INFO - Processing file /opt/airflow/dags/dag.py for tasks to queue
[2026-05-13T14:12:32.494+0000] {logging_mixin.py:188} INFO - [2026-05-13T14:12:32.493+0000] {dagbag.py:538} INFO - Filling up the DagBag from /opt/airflow/dags/dag.py
[2026-05-13T14:12:34.073+0000] {processor.py:840} INFO - DAG(s) 'workshop_etl_3' retrieved from /opt/airflow/dags/dag.py
[2026-05-13T14:12:34.111+0000] {logging_mixin.py:188} INFO - [2026-05-13T14:12:34.110+0000] {dag.py:3036} INFO - Sync 1 DAGs
[2026-05-13T14:12:34.129+0000] {logging_mixin.py:188} INFO - [2026-05-13T14:12:34.128+0000] {dag.py:3823} INFO - Setting next_dagrun for workshop_etl_3 to None, run_after=None
[2026-05-13T14:12:34.176+0000] {processor.py:183} INFO - Processing /opt/airflow/dags/dag.py took 1.693 seconds
[2026-05-13T14:13:04.599+0000] {processor.py:161} INFO - Started process (PID=4820) to work on /opt/airflow/dags/dag.py
[2026-05-13T14:13:04.602+0000] {processor.py:830} INFO - Processing file /opt/airflow/dags/dag.py for tasks to queue
[2026-05-13T14:13:04.604+0000] {logging_mixin.py:188} INFO - [2026-05-13T14:13:04.604+0000] {dagbag.py:538} INFO - Filling up the DagBag from /opt/airflow/dags/dag.py
[2026-05-13T14:13:06.279+0000] {processor.py:840} INFO - DAG(s) 'workshop_etl_3' retrieved from /opt/airflow/dags/dag.py
[2026-05-13T14:13:06.326+0000] {logging_mixin.py:188} INFO - [2026-05-13T14:13:06.325+0000] {dag.py:3036} INFO - Sync 1 DAGs
[2026-05-13T14:13:06.347+0000] {logging_mixin.py:188} INFO - [2026-05-13T14:13:06.346+0000] {dag.py:3823} INFO - Setting next_dagrun for workshop_etl_3 to None, run_after=None
[2026-05-13T14:13:06.403+0000] {processor.py:183} INFO - Processing /opt/airflow/dags/dag.py took 1.810 seconds
[2026-05-13T14:13:36.814+0000] {processor.py:161} INFO - Started process (PID=4838) to work on /opt/airflow/dags/dag.py
[2026-05-13T14:13:36.817+0000] {processor.py:830} INFO - Processing file /opt/airflow/dags/dag.py for tasks to queue
[2026-05-13T14:13:36.819+0000] {logging_mixin.py:188} INFO - [2026-05-13T14:13:36.819+0000] {dagbag.py:538} INFO - Filling up the DagBag from /opt/airflow/dags/dag.py
[2026-05-13T14:13:38.536+0000] {processor.py:840} INFO - DAG(s) 'workshop_etl_3' retrieved from /opt/airflow/dags/dag.py
[2026-05-13T14:13:38.580+0000] {logging_mixin.py:188} INFO - [2026-05-13T14:13:38.580+0000] {dag.py:3036} INFO - Sync 1 DAGs
[2026-05-13T14:13:38.599+0000] {logging_mixin.py:188} INFO - [2026-05-13T14:13:38.599+0000] {dag.py:3823} INFO - Setting next_dagrun for workshop_etl_3 to None, run_after=None
[2026-05-13T14:13:38.653+0000] {processor.py:183} INFO - Processing /opt/airflow/dags/dag.py took 1.845 seconds
[2026-05-13T14:14:08.823+0000] {processor.py:161} INFO - Started process (PID=4856) to work on /opt/airflow/dags/dag.py
[2026-05-13T14:14:08.826+0000] {processor.py:830} INFO - Processing file /opt/airflow/dags/dag.py for tasks to queue
[2026-05-13T14:14:08.829+0000] {logging_mixin.py:188} INFO - [2026-05-13T14:14:08.828+0000] {dagbag.py:538} INFO - Filling up the DagBag from /opt/airflow/dags/dag.py
[2026-05-13T14:14:10.503+0000] {processor.py:840} INFO - DAG(s) 'workshop_etl_3' retrieved from /opt/airflow/dags/dag.py
[2026-05-13T14:14:10.557+0000] {logging_mixin.py:188} INFO - [2026-05-13T14:14:10.553+0000] {dag.py:3036} INFO - Sync 1 DAGs
[2026-05-13T14:14:10.584+0000] {logging_mixin.py:188} INFO - [2026-05-13T14:14:10.584+0000] {dag.py:3823} INFO - Setting next_dagrun for workshop_etl_3 to None, run_after=None
[2026-05-13T14:14:10.635+0000] {processor.py:183} INFO - Processing /opt/airflow/dags/dag.py took 1.818 seconds
[2026-05-13T14:14:41.089+0000] {processor.py:161} INFO - Started process (PID=4874) to work on /opt/airflow/dags/dag.py
[2026-05-13T14:14:41.091+0000] {processor.py:830} INFO - Processing file /opt/airflow/dags/dag.py for tasks to queue
[2026-05-13T14:14:41.094+0000] {logging_mixin.py:188} INFO - [2026-05-13T14:14:41.093+0000] {dagbag.py:538} INFO - Filling up the DagBag from /opt/airflow/dags/dag.py
[2026-05-13T14:14:42.782+0000] {processor.py:840} INFO - DAG(s) 'workshop_etl_3' retrieved from /opt/airflow/dags/dag.py
[2026-05-13T14:14:42.814+0000] {logging_mixin.py:188} INFO - [2026-05-13T14:14:42.814+0000] {dag.py:3036} INFO - Sync 1 DAGs
[2026-05-13T14:14:42.826+0000] {logging_mixin.py:188} INFO - [2026-05-13T14:14:42.826+0000] {dag.py:3823} INFO - Setting next_dagrun for workshop_etl_3 to None, run_after=None
[2026-05-13T14:14:42.872+0000] {processor.py:183} INFO - Processing /opt/airflow/dags/dag.py took 1.790 seconds
[2026-05-13T14:15:13.270+0000] {processor.py:161} INFO - Started process (PID=4892) to work on /opt/airflow/dags/dag.py
[2026-05-13T14:15:13.272+0000] {processor.py:830} INFO - Processing file /opt/airflow/dags/dag.py for tasks to queue
[2026-05-13T14:15:13.275+0000] {logging_mixin.py:188} INFO - [2026-05-13T14:15:13.274+0000] {dagbag.py:538} INFO - Filling up the DagBag from /opt/airflow/dags/dag.py
[2026-05-13T14:15:14.866+0000] {processor.py:840} INFO - DAG(s) 'workshop_etl_3' retrieved from /opt/airflow/dags/dag.py
[2026-05-13T14:15:14.905+0000] {logging_mixin.py:188} INFO - [2026-05-13T14:15:14.904+0000] {dag.py:3036} INFO - Sync 1 DAGs
[2026-05-13T14:15:14.924+0000] {logging_mixin.py:188} INFO - [2026-05-13T14:15:14.924+0000] {dag.py:3823} INFO - Setting next_dagrun for workshop_etl_3 to None, run_after=None
[2026-05-13T14:15:14.982+0000] {processor.py:183} INFO - Processing /opt/airflow/dags/dag.py took 1.717 seconds
[2026-05-13T14:15:45.395+0000] {processor.py:161} INFO - Started process (PID=4910) to work on /opt/airflow/dags/dag.py
[2026-05-13T14:15:45.397+0000] {processor.py:830} INFO - Processing file /opt/airflow/dags/dag.py for tasks to queue
[2026-05-13T14:15:45.399+0000] {logging_mixin.py:188} INFO - [2026-05-13T14:15:45.398+0000] {dagbag.py:538} INFO - Filling up the DagBag from /opt/airflow/dags/dag.py
[2026-05-13T14:15:46.925+0000] {processor.py:840} INFO - DAG(s) 'workshop_etl_3' retrieved from /opt/airflow/dags/dag.py
[2026-05-13T14:15:46.959+0000] {logging_mixin.py:188} INFO - [2026-05-13T14:15:46.958+0000] {dag.py:3036} INFO - Sync 1 DAGs
[2026-05-13T14:15:46.971+0000] {logging_mixin.py:188} INFO - [2026-05-13T14:15:46.970+0000] {dag.py:3823} INFO - Setting next_dagrun for workshop_etl_3 to None, run_after=None
[2026-05-13T14:15:47.006+0000] {processor.py:183} INFO - Processing /opt/airflow/dags/dag.py took 1.616 seconds
[2026-05-13T14:16:17.318+0000] {processor.py:161} INFO - Started process (PID=4928) to work on /opt/airflow/dags/dag.py
[2026-05-13T14:16:17.321+0000] {processor.py:830} INFO - Processing file /opt/airflow/dags/dag.py for tasks to queue
[2026-05-13T14:16:17.324+0000] {logging_mixin.py:188} INFO - [2026-05-13T14:16:17.323+0000] {dagbag.py:538} INFO - Filling up the DagBag from /opt/airflow/dags/dag.py
[2026-05-13T14:16:18.988+0000] {processor.py:840} INFO - DAG(s) 'workshop_etl_3' retrieved from /opt/airflow/dags/dag.py
[2026-05-13T14:16:19.024+0000] {logging_mixin.py:188} INFO - [2026-05-13T14:16:19.024+0000] {dag.py:3036} INFO - Sync 1 DAGs
[2026-05-13T14:16:19.041+0000] {logging_mixin.py:188} INFO - [2026-05-13T14:16:19.041+0000] {dag.py:3823} INFO - Setting next_dagrun for workshop_etl_3 to None, run_after=None
[2026-05-13T14:16:19.085+0000] {processor.py:183} INFO - Processing /opt/airflow/dags/dag.py took 1.772 seconds
[2026-05-13T14:16:49.691+0000] {processor.py:161} INFO - Started process (PID=4946) to work on /opt/airflow/dags/dag.py
[2026-05-13T14:16:49.694+0000] {processor.py:830} INFO - Processing file /opt/airflow/dags/dag.py for tasks to queue
[2026-05-13T14:16:49.697+0000] {logging_mixin.py:188} INFO - [2026-05-13T14:16:49.696+0000] {dagbag.py:538} INFO - Filling up the DagBag from /opt/airflow/dags/dag.py
[2026-05-13T14:16:51.441+0000] {processor.py:840} INFO - DAG(s) 'workshop_etl_3' retrieved from /opt/airflow/dags/dag.py
[2026-05-13T14:16:51.488+0000] {logging_mixin.py:188} INFO - [2026-05-13T14:16:51.487+0000] {dag.py:3036} INFO - Sync 1 DAGs
[2026-05-13T14:16:51.506+0000] {logging_mixin.py:188} INFO - [2026-05-13T14:16:51.505+0000] {dag.py:3823} INFO - Setting next_dagrun for workshop_etl_3 to None, run_after=None
[2026-05-13T14:16:51.561+0000] {processor.py:183} INFO - Processing /opt/airflow/dags/dag.py took 1.875 seconds
[2026-05-13T14:17:22.033+0000] {processor.py:161} INFO - Started process (PID=4964) to work on /opt/airflow/dags/dag.py
[2026-05-13T14:17:22.036+0000] {processor.py:830} INFO - Processing file /opt/airflow/dags/dag.py for tasks to queue
[2026-05-13T14:17:22.039+0000] {logging_mixin.py:188} INFO - [2026-05-13T14:17:22.038+0000] {dagbag.py:538} INFO - Filling up the DagBag from /opt/airflow/dags/dag.py
[2026-05-13T14:17:23.752+0000] {processor.py:840} INFO - DAG(s) 'workshop_etl_3' retrieved from /opt/airflow/dags/dag.py
[2026-05-13T14:17:23.798+0000] {logging_mixin.py:188} INFO - [2026-05-13T14:17:23.797+0000] {dag.py:3036} INFO - Sync 1 DAGs
[2026-05-13T14:17:23.816+0000] {logging_mixin.py:188} INFO - [2026-05-13T14:17:23.815+0000] {dag.py:3823} INFO - Setting next_dagrun for workshop_etl_3 to None, run_after=None
[2026-05-13T14:17:23.869+0000] {processor.py:183} INFO - Processing /opt/airflow/dags/dag.py took 1.843 seconds
[2026-05-13T14:17:54.317+0000] {processor.py:161} INFO - Started process (PID=4982) to work on /opt/airflow/dags/dag.py
[2026-05-13T14:17:54.320+0000] {processor.py:830} INFO - Processing file /opt/airflow/dags/dag.py for tasks to queue
[2026-05-13T14:17:54.322+0000] {logging_mixin.py:188} INFO - [2026-05-13T14:17:54.322+0000] {dagbag.py:538} INFO - Filling up the DagBag from /opt/airflow/dags/dag.py
[2026-05-13T14:17:56.021+0000] {processor.py:840} INFO - DAG(s) 'workshop_etl_3' retrieved from /opt/airflow/dags/dag.py
[2026-05-13T14:17:56.063+0000] {logging_mixin.py:188} INFO - [2026-05-13T14:17:56.062+0000] {dag.py:3036} INFO - Sync 1 DAGs
[2026-05-13T14:17:56.077+0000] {logging_mixin.py:188} INFO - [2026-05-13T14:17:56.077+0000] {dag.py:3823} INFO - Setting next_dagrun for workshop_etl_3 to None, run_after=None
[2026-05-13T14:17:56.122+0000] {processor.py:183} INFO - Processing /opt/airflow/dags/dag.py took 1.812 seconds
[2026-05-13T14:18:26.528+0000] {processor.py:161} INFO - Started process (PID=5000) to work on /opt/airflow/dags/dag.py
[2026-05-13T14:18:26.529+0000] {processor.py:830} INFO - Processing file /opt/airflow/dags/dag.py for tasks to queue
[2026-05-13T14:18:26.531+0000] {logging_mixin.py:188} INFO - [2026-05-13T14:18:26.530+0000] {dagbag.py:538} INFO - Filling up the DagBag from /opt/airflow/dags/dag.py
[2026-05-13T14:18:28.065+0000] {processor.py:840} INFO - DAG(s) 'workshop_etl_3' retrieved from /opt/airflow/dags/dag.py
[2026-05-13T14:18:28.099+0000] {logging_mixin.py:188} INFO - [2026-05-13T14:18:28.099+0000] {dag.py:3036} INFO - Sync 1 DAGs
[2026-05-13T14:18:28.117+0000] {logging_mixin.py:188} INFO - [2026-05-13T14:18:28.117+0000] {dag.py:3823} INFO - Setting next_dagrun for workshop_etl_3 to None, run_after=None
[2026-05-13T14:18:28.168+0000] {processor.py:183} INFO - Processing /opt/airflow/dags/dag.py took 1.649 seconds
[2026-05-13T14:18:58.604+0000] {processor.py:161} INFO - Started process (PID=5018) to work on /opt/airflow/dags/dag.py
[2026-05-13T14:18:58.606+0000] {processor.py:830} INFO - Processing file /opt/airflow/dags/dag.py for tasks to queue
[2026-05-13T14:18:58.609+0000] {logging_mixin.py:188} INFO - [2026-05-13T14:18:58.608+0000] {dagbag.py:538} INFO - Filling up the DagBag from /opt/airflow/dags/dag.py
[2026-05-13T14:19:00.247+0000] {processor.py:840} INFO - DAG(s) 'workshop_etl_3' retrieved from /opt/airflow/dags/dag.py
[2026-05-13T14:19:00.280+0000] {logging_mixin.py:188} INFO - [2026-05-13T14:19:00.280+0000] {dag.py:3036} INFO - Sync 1 DAGs
[2026-05-13T14:19:00.295+0000] {logging_mixin.py:188} INFO - [2026-05-13T14:19:00.294+0000] {dag.py:3823} INFO - Setting next_dagrun for workshop_etl_3 to None, run_after=None
[2026-05-13T14:19:00.335+0000] {processor.py:183} INFO - Processing /opt/airflow/dags/dag.py took 1.738 seconds
[2026-05-13T14:19:30.753+0000] {processor.py:161} INFO - Started process (PID=5036) to work on /opt/airflow/dags/dag.py
[2026-05-13T14:19:30.757+0000] {processor.py:830} INFO - Processing file /opt/airflow/dags/dag.py for tasks to queue
[2026-05-13T14:19:30.759+0000] {logging_mixin.py:188} INFO - [2026-05-13T14:19:30.758+0000] {dagbag.py:538} INFO - Filling up the DagBag from /opt/airflow/dags/dag.py
[2026-05-13T14:19:32.459+0000] {processor.py:840} INFO - DAG(s) 'workshop_etl_3' retrieved from /opt/airflow/dags/dag.py
[2026-05-13T14:19:32.501+0000] {logging_mixin.py:188} INFO - [2026-05-13T14:19:32.501+0000] {dag.py:3036} INFO - Sync 1 DAGs
[2026-05-13T14:19:32.517+0000] {logging_mixin.py:188} INFO - [2026-05-13T14:19:32.517+0000] {dag.py:3823} INFO - Setting next_dagrun for workshop_etl_3 to None, run_after=None
[2026-05-13T14:19:32.567+0000] {processor.py:183} INFO - Processing /opt/airflow/dags/dag.py took 1.824 seconds
[2026-05-13T14:20:02.993+0000] {processor.py:161} INFO - Started process (PID=5054) to work on /opt/airflow/dags/dag.py
[2026-05-13T14:20:02.995+0000] {processor.py:830} INFO - Processing file /opt/airflow/dags/dag.py for tasks to queue
[2026-05-13T14:20:02.998+0000] {logging_mixin.py:188} INFO - [2026-05-13T14:20:02.997+0000] {dagbag.py:538} INFO - Filling up the DagBag from /opt/airflow/dags/dag.py
[2026-05-13T14:20:04.470+0000] {processor.py:840} INFO - DAG(s) 'workshop_etl_3' retrieved from /opt/airflow/dags/dag.py
[2026-05-13T14:20:04.503+0000] {logging_mixin.py:188} INFO - [2026-05-13T14:20:04.503+0000] {dag.py:3036} INFO - Sync 1 DAGs
[2026-05-13T14:20:04.517+0000] {logging_mixin.py:188} INFO - [2026-05-13T14:20:04.516+0000] {dag.py:3823} INFO - Setting next_dagrun for workshop_etl_3 to None, run_after=None
[2026-05-13T14:20:04.555+0000] {processor.py:183} INFO - Processing /opt/airflow/dags/dag.py took 1.567 seconds
[2026-05-13T14:20:34.978+0000] {processor.py:161} INFO - Started process (PID=5072) to work on /opt/airflow/dags/dag.py
[2026-05-13T14:20:34.981+0000] {processor.py:830} INFO - Processing file /opt/airflow/dags/dag.py for tasks to queue
[2026-05-13T14:20:34.983+0000] {logging_mixin.py:188} INFO - [2026-05-13T14:20:34.983+0000] {dagbag.py:538} INFO - Filling up the DagBag from /opt/airflow/dags/dag.py
[2026-05-13T14:20:36.751+0000] {processor.py:840} INFO - DAG(s) 'workshop_etl_3' retrieved from /opt/airflow/dags/dag.py
[2026-05-13T14:20:36.798+0000] {logging_mixin.py:188} INFO - [2026-05-13T14:20:36.798+0000] {dag.py:3036} INFO - Sync 1 DAGs
[2026-05-13T14:20:36.821+0000] {logging_mixin.py:188} INFO - [2026-05-13T14:20:36.820+0000] {dag.py:3823} INFO - Setting next_dagrun for workshop_etl_3 to None, run_after=None
[2026-05-13T14:20:36.873+0000] {processor.py:183} INFO - Processing /opt/airflow/dags/dag.py took 1.904 seconds
[2026-05-13T14:21:07.306+0000] {processor.py:161} INFO - Started process (PID=5090) to work on /opt/airflow/dags/dag.py
[2026-05-13T14:21:07.309+0000] {processor.py:830} INFO - Processing file /opt/airflow/dags/dag.py for tasks to queue
[2026-05-13T14:21:07.311+0000] {logging_mixin.py:188} INFO - [2026-05-13T14:21:07.311+0000] {dagbag.py:538} INFO - Filling up the DagBag from /opt/airflow/dags/dag.py
[2026-05-13T14:21:08.969+0000] {processor.py:840} INFO - DAG(s) 'workshop_etl_3' retrieved from /opt/airflow/dags/dag.py
[2026-05-13T14:21:09.010+0000] {logging_mixin.py:188} INFO - [2026-05-13T14:21:09.009+0000] {dag.py:3036} INFO - Sync 1 DAGs
[2026-05-13T14:21:09.033+0000] {logging_mixin.py:188} INFO - [2026-05-13T14:21:09.033+0000] {dag.py:3823} INFO - Setting next_dagrun for workshop_etl_3 to None, run_after=None
[2026-05-13T14:21:09.087+0000] {processor.py:183} INFO - Processing /opt/airflow/dags/dag.py took 1.787 seconds
[2026-05-13T14:21:39.652+0000] {processor.py:161} INFO - Started process (PID=5108) to work on /opt/airflow/dags/dag.py
[2026-05-13T14:21:39.654+0000] {processor.py:830} INFO - Processing file /opt/airflow/dags/dag.py for tasks to queue
[2026-05-13T14:21:39.655+0000] {logging_mixin.py:188} INFO - [2026-05-13T14:21:39.655+0000] {dagbag.py:538} INFO - Filling up the DagBag from /opt/airflow/dags/dag.py
[2026-05-13T14:21:41.369+0000] {processor.py:840} INFO - DAG(s) 'workshop_etl_3' retrieved from /opt/airflow/dags/dag.py
[2026-05-13T14:21:41.400+0000] {logging_mixin.py:188} INFO - [2026-05-13T14:21:41.399+0000] {dag.py:3036} INFO - Sync 1 DAGs
[2026-05-13T14:21:41.414+0000] {logging_mixin.py:188} INFO - [2026-05-13T14:21:41.414+0000] {dag.py:3823} INFO - Setting next_dagrun for workshop_etl_3 to None, run_after=None
[2026-05-13T14:21:41.452+0000] {processor.py:183} INFO - Processing /opt/airflow/dags/dag.py took 1.804 seconds
[2026-05-13T14:22:11.941+0000] {processor.py:161} INFO - Started process (PID=5126) to work on /opt/airflow/dags/dag.py
[2026-05-13T14:22:11.944+0000] {processor.py:830} INFO - Processing file /opt/airflow/dags/dag.py for tasks to queue
[2026-05-13T14:22:11.947+0000] {logging_mixin.py:188} INFO - [2026-05-13T14:22:11.946+0000] {dagbag.py:538} INFO - Filling up the DagBag from /opt/airflow/dags/dag.py
[2026-05-13T14:22:13.673+0000] {processor.py:840} INFO - DAG(s) 'workshop_etl_3' retrieved from /opt/airflow/dags/dag.py
[2026-05-13T14:22:13.720+0000] {logging_mixin.py:188} INFO - [2026-05-13T14:22:13.720+0000] {dag.py:3036} INFO - Sync 1 DAGs
[2026-05-13T14:22:13.741+0000] {logging_mixin.py:188} INFO - [2026-05-13T14:22:13.741+0000] {dag.py:3823} INFO - Setting next_dagrun for workshop_etl_3 to None, run_after=None
[2026-05-13T14:22:13.791+0000] {processor.py:183} INFO - Processing /opt/airflow/dags/dag.py took 1.856 seconds
[2026-05-13T14:22:44.185+0000] {processor.py:161} INFO - Started process (PID=5144) to work on /opt/airflow/dags/dag.py
[2026-05-13T14:22:44.187+0000] {processor.py:830} INFO - Processing file /opt/airflow/dags/dag.py for tasks to queue
[2026-05-13T14:22:44.189+0000] {logging_mixin.py:188} INFO - [2026-05-13T14:22:44.188+0000] {dagbag.py:538} INFO - Filling up the DagBag from /opt/airflow/dags/dag.py
[2026-05-13T14:22:45.658+0000] {processor.py:840} INFO - DAG(s) 'workshop_etl_3' retrieved from /opt/airflow/dags/dag.py
[2026-05-13T14:22:45.705+0000] {logging_mixin.py:188} INFO - [2026-05-13T14:22:45.705+0000] {dag.py:3036} INFO - Sync 1 DAGs
[2026-05-13T14:22:45.728+0000] {logging_mixin.py:188} INFO - [2026-05-13T14:22:45.728+0000] {dag.py:3823} INFO - Setting next_dagrun for workshop_etl_3 to None, run_after=None
[2026-05-13T14:22:45.779+0000] {processor.py:183} INFO - Processing /opt/airflow/dags/dag.py took 1.600 seconds
[2026-05-13T14:23:16.170+0000] {processor.py:161} INFO - Started process (PID=5162) to work on /opt/airflow/dags/dag.py
[2026-05-13T14:23:16.172+0000] {processor.py:830} INFO - Processing file /opt/airflow/dags/dag.py for tasks to queue
[2026-05-13T14:23:16.175+0000] {logging_mixin.py:188} INFO - [2026-05-13T14:23:16.174+0000] {dagbag.py:538} INFO - Filling up the DagBag from /opt/airflow/dags/dag.py
[2026-05-13T14:23:17.815+0000] {processor.py:840} INFO - DAG(s) 'workshop_etl_3' retrieved from /opt/airflow/dags/dag.py
[2026-05-13T14:23:17.857+0000] {logging_mixin.py:188} INFO - [2026-05-13T14:23:17.856+0000] {dag.py:3036} INFO - Sync 1 DAGs
[2026-05-13T14:23:17.879+0000] {logging_mixin.py:188} INFO - [2026-05-13T14:23:17.878+0000] {dag.py:3823} INFO - Setting next_dagrun for workshop_etl_3 to None, run_after=None
[2026-05-13T14:23:17.936+0000] {processor.py:183} INFO - Processing /opt/airflow/dags/dag.py took 1.773 seconds
[2026-05-13T14:23:48.119+0000] {processor.py:161} INFO - Started process (PID=5180) to work on /opt/airflow/dags/dag.py
[2026-05-13T14:23:48.121+0000] {processor.py:830} INFO - Processing file /opt/airflow/dags/dag.py for tasks to queue
[2026-05-13T14:23:48.124+0000] {logging_mixin.py:188} INFO - [2026-05-13T14:23:48.123+0000] {dagbag.py:538} INFO - Filling up the DagBag from /opt/airflow/dags/dag.py
[2026-05-13T14:23:49.580+0000] {processor.py:840} INFO - DAG(s) 'workshop_etl_3' retrieved from /opt/airflow/dags/dag.py
[2026-05-13T14:23:49.616+0000] {logging_mixin.py:188} INFO - [2026-05-13T14:23:49.615+0000] {dag.py:3036} INFO - Sync 1 DAGs
[2026-05-13T14:23:49.633+0000] {logging_mixin.py:188} INFO - [2026-05-13T14:23:49.633+0000] {dag.py:3823} INFO - Setting next_dagrun for workshop_etl_3 to None, run_after=None
[2026-05-13T14:23:49.672+0000] {processor.py:183} INFO - Processing /opt/airflow/dags/dag.py took 1.559 seconds
[2026-05-13T14:24:20.038+0000] {processor.py:161} INFO - Started process (PID=5198) to work on /opt/airflow/dags/dag.py
[2026-05-13T14:24:20.040+0000] {processor.py:830} INFO - Processing file /opt/airflow/dags/dag.py for tasks to queue
[2026-05-13T14:24:20.042+0000] {logging_mixin.py:188} INFO - [2026-05-13T14:24:20.041+0000] {dagbag.py:538} INFO - Filling up the DagBag from /opt/airflow/dags/dag.py
[2026-05-13T14:24:21.803+0000] {processor.py:840} INFO - DAG(s) 'workshop_etl_3' retrieved from /opt/airflow/dags/dag.py
[2026-05-13T14:24:21.857+0000] {logging_mixin.py:188} INFO - [2026-05-13T14:24:21.856+0000] {dag.py:3036} INFO - Sync 1 DAGs
[2026-05-13T14:24:21.875+0000] {logging_mixin.py:188} INFO - [2026-05-13T14:24:21.874+0000] {dag.py:3823} INFO - Setting next_dagrun for workshop_etl_3 to None, run_after=None
[2026-05-13T14:24:21.924+0000] {processor.py:183} INFO - Processing /opt/airflow/dags/dag.py took 1.890 seconds
[2026-05-13T14:24:52.316+0000] {processor.py:161} INFO - Started process (PID=5216) to work on /opt/airflow/dags/dag.py
[2026-05-13T14:24:52.318+0000] {processor.py:830} INFO - Processing file /opt/airflow/dags/dag.py for tasks to queue
[2026-05-13T14:24:52.320+0000] {logging_mixin.py:188} INFO - [2026-05-13T14:24:52.319+0000] {dagbag.py:538} INFO - Filling up the DagBag from /opt/airflow/dags/dag.py
[2026-05-13T14:24:53.946+0000] {processor.py:840} INFO - DAG(s) 'workshop_etl_3' retrieved from /opt/airflow/dags/dag.py
[2026-05-13T14:24:53.989+0000] {logging_mixin.py:188} INFO - [2026-05-13T14:24:53.989+0000] {dag.py:3036} INFO - Sync 1 DAGs
[2026-05-13T14:24:54.007+0000] {logging_mixin.py:188} INFO - [2026-05-13T14:24:54.006+0000] {dag.py:3823} INFO - Setting next_dagrun for workshop_etl_3 to None, run_after=None
[2026-05-13T14:24:54.063+0000] {processor.py:183} INFO - Processing /opt/airflow/dags/dag.py took 1.753 seconds
[2026-05-13T14:25:24.298+0000] {processor.py:161} INFO - Started process (PID=5234) to work on /opt/airflow/dags/dag.py
[2026-05-13T14:25:24.300+0000] {processor.py:830} INFO - Processing file /opt/airflow/dags/dag.py for tasks to queue
[2026-05-13T14:25:24.303+0000] {logging_mixin.py:188} INFO - [2026-05-13T14:25:24.302+0000] {dagbag.py:538} INFO - Filling up the DagBag from /opt/airflow/dags/dag.py
[2026-05-13T14:25:25.969+0000] {processor.py:840} INFO - DAG(s) 'workshop_etl_3' retrieved from /opt/airflow/dags/dag.py
[2026-05-13T14:25:26.017+0000] {logging_mixin.py:188} INFO - [2026-05-13T14:25:26.017+0000] {dag.py:3036} INFO - Sync 1 DAGs
[2026-05-13T14:25:26.031+0000] {logging_mixin.py:188} INFO - [2026-05-13T14:25:26.031+0000] {dag.py:3823} INFO - Setting next_dagrun for workshop_etl_3 to None, run_after=None
[2026-05-13T14:25:26.080+0000] {processor.py:183} INFO - Processing /opt/airflow/dags/dag.py took 1.790 seconds
[2026-05-13T14:25:56.515+0000] {processor.py:161} INFO - Started process (PID=5252) to work on /opt/airflow/dags/dag.py
[2026-05-13T14:25:56.518+0000] {processor.py:830} INFO - Processing file /opt/airflow/dags/dag.py for tasks to queue
[2026-05-13T14:25:56.521+0000] {logging_mixin.py:188} INFO - [2026-05-13T14:25:56.520+0000] {dagbag.py:538} INFO - Filling up the DagBag from /opt/airflow/dags/dag.py
[2026-05-13T14:25:58.210+0000] {processor.py:840} INFO - DAG(s) 'workshop_etl_3' retrieved from /opt/airflow/dags/dag.py
[2026-05-13T14:25:58.249+0000] {logging_mixin.py:188} INFO - [2026-05-13T14:25:58.248+0000] {dag.py:3036} INFO - Sync 1 DAGs
[2026-05-13T14:25:58.266+0000] {logging_mixin.py:188} INFO - [2026-05-13T14:25:58.265+0000] {dag.py:3823} INFO - Setting next_dagrun for workshop_etl_3 to None, run_after=None
[2026-05-13T14:25:58.321+0000] {processor.py:183} INFO - Processing /opt/airflow/dags/dag.py took 1.812 seconds
[2026-05-13T14:26:28.921+0000] {processor.py:161} INFO - Started process (PID=5270) to work on /opt/airflow/dags/dag.py
[2026-05-13T14:26:28.924+0000] {processor.py:830} INFO - Processing file /opt/airflow/dags/dag.py for tasks to queue
[2026-05-13T14:26:28.927+0000] {logging_mixin.py:188} INFO - [2026-05-13T14:26:28.925+0000] {dagbag.py:538} INFO - Filling up the DagBag from /opt/airflow/dags/dag.py
[2026-05-13T14:26:30.657+0000] {processor.py:840} INFO - DAG(s) 'workshop_etl_3' retrieved from /opt/airflow/dags/dag.py
[2026-05-13T14:26:30.695+0000] {logging_mixin.py:188} INFO - [2026-05-13T14:26:30.694+0000] {dag.py:3036} INFO - Sync 1 DAGs
[2026-05-13T14:26:30.718+0000] {logging_mixin.py:188} INFO - [2026-05-13T14:26:30.717+0000] {dag.py:3823} INFO - Setting next_dagrun for workshop_etl_3 to None, run_after=None
[2026-05-13T14:26:30.774+0000] {processor.py:183} INFO - Processing /opt/airflow/dags/dag.py took 1.860 seconds
[2026-05-13T14:27:01.228+0000] {processor.py:161} INFO - Started process (PID=5288) to work on /opt/airflow/dags/dag.py
[2026-05-13T14:27:01.231+0000] {processor.py:830} INFO - Processing file /opt/airflow/dags/dag.py for tasks to queue
[2026-05-13T14:27:01.232+0000] {logging_mixin.py:188} INFO - [2026-05-13T14:27:01.232+0000] {dagbag.py:538} INFO - Filling up the DagBag from /opt/airflow/dags/dag.py
[2026-05-13T14:27:02.825+0000] {processor.py:840} INFO - DAG(s) 'workshop_etl_3' retrieved from /opt/airflow/dags/dag.py
[2026-05-13T14:27:02.874+0000] {logging_mixin.py:188} INFO - [2026-05-13T14:27:02.874+0000] {dag.py:3036} INFO - Sync 1 DAGs
[2026-05-13T14:27:02.894+0000] {logging_mixin.py:188} INFO - [2026-05-13T14:27:02.893+0000] {dag.py:3823} INFO - Setting next_dagrun for workshop_etl_3 to None, run_after=None
[2026-05-13T14:27:02.946+0000] {processor.py:183} INFO - Processing /opt/airflow/dags/dag.py took 1.725 seconds
[2026-05-13T14:27:33.398+0000] {processor.py:161} INFO - Started process (PID=5306) to work on /opt/airflow/dags/dag.py
[2026-05-13T14:27:33.399+0000] {processor.py:830} INFO - Processing file /opt/airflow/dags/dag.py for tasks to queue
[2026-05-13T14:27:33.402+0000] {logging_mixin.py:188} INFO - [2026-05-13T14:27:33.401+0000] {dagbag.py:538} INFO - Filling up the DagBag from /opt/airflow/dags/dag.py
[2026-05-13T14:27:35.067+0000] {processor.py:840} INFO - DAG(s) 'workshop_etl_3' retrieved from /opt/airflow/dags/dag.py
[2026-05-13T14:27:35.112+0000] {logging_mixin.py:188} INFO - [2026-05-13T14:27:35.112+0000] {dag.py:3036} INFO - Sync 1 DAGs
[2026-05-13T14:27:35.126+0000] {logging_mixin.py:188} INFO - [2026-05-13T14:27:35.126+0000] {dag.py:3823} INFO - Setting next_dagrun for workshop_etl_3 to None, run_after=None
[2026-05-13T14:27:35.165+0000] {processor.py:183} INFO - Processing /opt/airflow/dags/dag.py took 1.772 seconds
[2026-05-13T14:28:05.577+0000] {processor.py:161} INFO - Started process (PID=5324) to work on /opt/airflow/dags/dag.py
[2026-05-13T14:28:05.580+0000] {processor.py:830} INFO - Processing file /opt/airflow/dags/dag.py for tasks to queue
[2026-05-13T14:28:05.583+0000] {logging_mixin.py:188} INFO - [2026-05-13T14:28:05.582+0000] {dagbag.py:538} INFO - Filling up the DagBag from /opt/airflow/dags/dag.py
[2026-05-13T14:28:07.226+0000] {processor.py:840} INFO - DAG(s) 'workshop_etl_3' retrieved from /opt/airflow/dags/dag.py
[2026-05-13T14:28:07.274+0000] {logging_mixin.py:188} INFO - [2026-05-13T14:28:07.273+0000] {dag.py:3036} INFO - Sync 1 DAGs
[2026-05-13T14:28:07.293+0000] {logging_mixin.py:188} INFO - [2026-05-13T14:28:07.293+0000] {dag.py:3823} INFO - Setting next_dagrun for workshop_etl_3 to None, run_after=None
[2026-05-13T14:28:07.346+0000] {processor.py:183} INFO - Processing /opt/airflow/dags/dag.py took 1.778 seconds
[2026-05-13T14:28:37.789+0000] {processor.py:161} INFO - Started process (PID=5342) to work on /opt/airflow/dags/dag.py
[2026-05-13T14:28:37.793+0000] {processor.py:830} INFO - Processing file /opt/airflow/dags/dag.py for tasks to queue
[2026-05-13T14:28:37.796+0000] {logging_mixin.py:188} INFO - [2026-05-13T14:28:37.795+0000] {dagbag.py:538} INFO - Filling up the DagBag from /opt/airflow/dags/dag.py
[2026-05-13T14:28:39.403+0000] {processor.py:840} INFO - DAG(s) 'workshop_etl_3' retrieved from /opt/airflow/dags/dag.py
[2026-05-13T14:28:39.451+0000] {logging_mixin.py:188} INFO - [2026-05-13T14:28:39.450+0000] {dag.py:3036} INFO - Sync 1 DAGs
[2026-05-13T14:28:39.472+0000] {logging_mixin.py:188} INFO - [2026-05-13T14:28:39.472+0000] {dag.py:3823} INFO - Setting next_dagrun for workshop_etl_3 to None, run_after=None
[2026-05-13T14:28:39.528+0000] {processor.py:183} INFO - Processing /opt/airflow/dags/dag.py took 1.749 seconds
[2026-05-13T14:29:09.957+0000] {processor.py:161} INFO - Started process (PID=5360) to work on /opt/airflow/dags/dag.py
[2026-05-13T14:29:09.961+0000] {processor.py:830} INFO - Processing file /opt/airflow/dags/dag.py for tasks to queue
[2026-05-13T14:29:09.963+0000] {logging_mixin.py:188} INFO - [2026-05-13T14:29:09.963+0000] {dagbag.py:538} INFO - Filling up the DagBag from /opt/airflow/dags/dag.py
[2026-05-13T14:29:11.643+0000] {processor.py:840} INFO - DAG(s) 'workshop_etl_3' retrieved from /opt/airflow/dags/dag.py
[2026-05-13T14:29:11.694+0000] {logging_mixin.py:188} INFO - [2026-05-13T14:29:11.694+0000] {dag.py:3036} INFO - Sync 1 DAGs
[2026-05-13T14:29:11.717+0000] {logging_mixin.py:188} INFO - [2026-05-13T14:29:11.716+0000] {dag.py:3823} INFO - Setting next_dagrun for workshop_etl_3 to None, run_after=None
[2026-05-13T14:29:11.772+0000] {processor.py:183} INFO - Processing /opt/airflow/dags/dag.py took 1.823 seconds
[2026-05-13T14:29:41.938+0000] {processor.py:161} INFO - Started process (PID=5378) to work on /opt/airflow/dags/dag.py
[2026-05-13T14:29:41.941+0000] {processor.py:830} INFO - Processing file /opt/airflow/dags/dag.py for tasks to queue
[2026-05-13T14:29:41.944+0000] {logging_mixin.py:188} INFO - [2026-05-13T14:29:41.943+0000] {dagbag.py:538} INFO - Filling up the DagBag from /opt/airflow/dags/dag.py
[2026-05-13T14:29:43.578+0000] {processor.py:840} INFO - DAG(s) 'workshop_etl_3' retrieved from /opt/airflow/dags/dag.py
[2026-05-13T14:29:43.618+0000] {logging_mixin.py:188} INFO - [2026-05-13T14:29:43.618+0000] {dag.py:3036} INFO - Sync 1 DAGs
[2026-05-13T14:29:43.636+0000] {logging_mixin.py:188} INFO - [2026-05-13T14:29:43.635+0000] {dag.py:3823} INFO - Setting next_dagrun for workshop_etl_3 to None, run_after=None
[2026-05-13T14:29:43.680+0000] {processor.py:183} INFO - Processing /opt/airflow/dags/dag.py took 1.748 seconds
[2026-05-13T14:30:14.119+0000] {processor.py:161} INFO - Started process (PID=5396) to work on /opt/airflow/dags/dag.py
[2026-05-13T14:30:14.122+0000] {processor.py:830} INFO - Processing file /opt/airflow/dags/dag.py for tasks to queue
[2026-05-13T14:30:14.124+0000] {logging_mixin.py:188} INFO - [2026-05-13T14:30:14.123+0000] {dagbag.py:538} INFO - Filling up the DagBag from /opt/airflow/dags/dag.py
[2026-05-13T14:30:15.729+0000] {processor.py:840} INFO - DAG(s) 'workshop_etl_3' retrieved from /opt/airflow/dags/dag.py
[2026-05-13T14:30:15.765+0000] {logging_mixin.py:188} INFO - [2026-05-13T14:30:15.764+0000] {dag.py:3036} INFO - Sync 1 DAGs
[2026-05-13T14:30:15.778+0000] {logging_mixin.py:188} INFO - [2026-05-13T14:30:15.777+0000] {dag.py:3823} INFO - Setting next_dagrun for workshop_etl_3 to None, run_after=None
[2026-05-13T14:30:15.805+0000] {processor.py:183} INFO - Processing /opt/airflow/dags/dag.py took 1.693 seconds
[2026-05-13T14:30:46.214+0000] {processor.py:161} INFO - Started process (PID=5414) to work on /opt/airflow/dags/dag.py
[2026-05-13T14:30:46.217+0000] {processor.py:830} INFO - Processing file /opt/airflow/dags/dag.py for tasks to queue
[2026-05-13T14:30:46.220+0000] {logging_mixin.py:188} INFO - [2026-05-13T14:30:46.219+0000] {dagbag.py:538} INFO - Filling up the DagBag from /opt/airflow/dags/dag.py
[2026-05-13T14:30:47.775+0000] {processor.py:840} INFO - DAG(s) 'workshop_etl_3' retrieved from /opt/airflow/dags/dag.py
[2026-05-13T14:30:47.808+0000] {logging_mixin.py:188} INFO - [2026-05-13T14:30:47.808+0000] {dag.py:3036} INFO - Sync 1 DAGs
[2026-05-13T14:30:47.823+0000] {logging_mixin.py:188} INFO - [2026-05-13T14:30:47.823+0000] {dag.py:3823} INFO - Setting next_dagrun for workshop_etl_3 to None, run_after=None
[2026-05-13T14:30:47.863+0000] {processor.py:183} INFO - Processing /opt/airflow/dags/dag.py took 1.656 seconds
[2026-05-13T14:31:18.110+0000] {processor.py:161} INFO - Started process (PID=5432) to work on /opt/airflow/dags/dag.py
[2026-05-13T14:31:18.113+0000] {processor.py:830} INFO - Processing file /opt/airflow/dags/dag.py for tasks to queue
[2026-05-13T14:31:18.115+0000] {logging_mixin.py:188} INFO - [2026-05-13T14:31:18.115+0000] {dagbag.py:538} INFO - Filling up the DagBag from /opt/airflow/dags/dag.py
[2026-05-13T14:31:19.797+0000] {processor.py:840} INFO - DAG(s) 'workshop_etl_3' retrieved from /opt/airflow/dags/dag.py
[2026-05-13T14:31:19.847+0000] {logging_mixin.py:188} INFO - [2026-05-13T14:31:19.846+0000] {dag.py:3036} INFO - Sync 1 DAGs
[2026-05-13T14:31:19.867+0000] {logging_mixin.py:188} INFO - [2026-05-13T14:31:19.867+0000] {dag.py:3823} INFO - Setting next_dagrun for workshop_etl_3 to None, run_after=None
[2026-05-13T14:31:19.921+0000] {processor.py:183} INFO - Processing /opt/airflow/dags/dag.py took 1.817 seconds
[2026-05-13T14:31:50.534+0000] {processor.py:161} INFO - Started process (PID=5450) to work on /opt/airflow/dags/dag.py
[2026-05-13T14:31:50.537+0000] {processor.py:830} INFO - Processing file /opt/airflow/dags/dag.py for tasks to queue
[2026-05-13T14:31:50.539+0000] {logging_mixin.py:188} INFO - [2026-05-13T14:31:50.538+0000] {dagbag.py:538} INFO - Filling up the DagBag from /opt/airflow/dags/dag.py
[2026-05-13T14:31:52.342+0000] {processor.py:840} INFO - DAG(s) 'workshop_etl_3' retrieved from /opt/airflow/dags/dag.py
[2026-05-13T14:31:52.388+0000] {logging_mixin.py:188} INFO - [2026-05-13T14:31:52.388+0000] {dag.py:3036} INFO - Sync 1 DAGs
[2026-05-13T14:31:52.410+0000] {logging_mixin.py:188} INFO - [2026-05-13T14:31:52.409+0000] {dag.py:3823} INFO - Setting next_dagrun for workshop_etl_3 to None, run_after=None
[2026-05-13T14:31:52.463+0000] {processor.py:183} INFO - Processing /opt/airflow/dags/dag.py took 1.933 seconds
[2026-05-13T14:32:22.903+0000] {processor.py:161} INFO - Started process (PID=5468) to work on /opt/airflow/dags/dag.py
[2026-05-13T14:32:22.905+0000] {processor.py:830} INFO - Processing file /opt/airflow/dags/dag.py for tasks to queue
[2026-05-13T14:32:22.908+0000] {logging_mixin.py:188} INFO - [2026-05-13T14:32:22.907+0000] {dagbag.py:538} INFO - Filling up the DagBag from /opt/airflow/dags/dag.py
[2026-05-13T14:32:24.567+0000] {processor.py:840} INFO - DAG(s) 'workshop_etl_3' retrieved from /opt/airflow/dags/dag.py
[2026-05-13T14:32:24.608+0000] {logging_mixin.py:188} INFO - [2026-05-13T14:32:24.608+0000] {dag.py:3036} INFO - Sync 1 DAGs
[2026-05-13T14:32:24.623+0000] {logging_mixin.py:188} INFO - [2026-05-13T14:32:24.623+0000] {dag.py:3823} INFO - Setting next_dagrun for workshop_etl_3 to None, run_after=None
[2026-05-13T14:32:24.668+0000] {processor.py:183} INFO - Processing /opt/airflow/dags/dag.py took 1.772 seconds
[2026-05-13T14:32:55.053+0000] {processor.py:161} INFO - Started process (PID=5486) to work on /opt/airflow/dags/dag.py
[2026-05-13T14:32:55.055+0000] {processor.py:830} INFO - Processing file /opt/airflow/dags/dag.py for tasks to queue
[2026-05-13T14:32:55.057+0000] {logging_mixin.py:188} INFO - [2026-05-13T14:32:55.056+0000] {dagbag.py:538} INFO - Filling up the DagBag from /opt/airflow/dags/dag.py
[2026-05-13T14:32:56.547+0000] {processor.py:840} INFO - DAG(s) 'workshop_etl_3' retrieved from /opt/airflow/dags/dag.py
[2026-05-13T14:32:56.574+0000] {logging_mixin.py:188} INFO - [2026-05-13T14:32:56.573+0000] {dag.py:3036} INFO - Sync 1 DAGs
[2026-05-13T14:32:56.589+0000] {logging_mixin.py:188} INFO - [2026-05-13T14:32:56.588+0000] {dag.py:3823} INFO - Setting next_dagrun for workshop_etl_3 to None, run_after=None
[2026-05-13T14:32:56.629+0000] {processor.py:183} INFO - Processing /opt/airflow/dags/dag.py took 1.581 seconds
[2026-05-13T14:33:27.030+0000] {processor.py:161} INFO - Started process (PID=5504) to work on /opt/airflow/dags/dag.py
[2026-05-13T14:33:27.033+0000] {processor.py:830} INFO - Processing file /opt/airflow/dags/dag.py for tasks to queue
[2026-05-13T14:33:27.035+0000] {logging_mixin.py:188} INFO - [2026-05-13T14:33:27.034+0000] {dagbag.py:538} INFO - Filling up the DagBag from /opt/airflow/dags/dag.py
[2026-05-13T14:33:28.744+0000] {processor.py:840} INFO - DAG(s) 'workshop_etl_3' retrieved from /opt/airflow/dags/dag.py
[2026-05-13T14:33:28.793+0000] {logging_mixin.py:188} INFO - [2026-05-13T14:33:28.792+0000] {dag.py:3036} INFO - Sync 1 DAGs
[2026-05-13T14:33:28.814+0000] {logging_mixin.py:188} INFO - [2026-05-13T14:33:28.814+0000] {dag.py:3823} INFO - Setting next_dagrun for workshop_etl_3 to None, run_after=None
[2026-05-13T14:33:28.877+0000] {processor.py:183} INFO - Processing /opt/airflow/dags/dag.py took 1.854 seconds
[2026-05-13T14:33:59.307+0000] {processor.py:161} INFO - Started process (PID=5522) to work on /opt/airflow/dags/dag.py
[2026-05-13T14:33:59.309+0000] {processor.py:830} INFO - Processing file /opt/airflow/dags/dag.py for tasks to queue
[2026-05-13T14:33:59.312+0000] {logging_mixin.py:188} INFO - [2026-05-13T14:33:59.311+0000] {dagbag.py:538} INFO - Filling up the DagBag from /opt/airflow/dags/dag.py
[2026-05-13T14:34:00.970+0000] {processor.py:840} INFO - DAG(s) 'workshop_etl_3' retrieved from /opt/airflow/dags/dag.py
[2026-05-13T14:34:01.008+0000] {logging_mixin.py:188} INFO - [2026-05-13T14:34:01.008+0000] {dag.py:3036} INFO - Sync 1 DAGs
[2026-05-13T14:34:01.025+0000] {logging_mixin.py:188} INFO - [2026-05-13T14:34:01.024+0000] {dag.py:3823} INFO - Setting next_dagrun for workshop_etl_3 to None, run_after=None
[2026-05-13T14:34:01.065+0000] {processor.py:183} INFO - Processing /opt/airflow/dags/dag.py took 1.765 seconds
[2026-05-13T14:34:31.195+0000] {processor.py:161} INFO - Started process (PID=5540) to work on /opt/airflow/dags/dag.py
[2026-05-13T14:34:31.198+0000] {processor.py:830} INFO - Processing file /opt/airflow/dags/dag.py for tasks to queue
[2026-05-13T14:34:31.200+0000] {logging_mixin.py:188} INFO - [2026-05-13T14:34:31.199+0000] {dagbag.py:538} INFO - Filling up the DagBag from /opt/airflow/dags/dag.py
[2026-05-13T14:34:32.910+0000] {processor.py:840} INFO - DAG(s) 'workshop_etl_3' retrieved from /opt/airflow/dags/dag.py
[2026-05-13T14:34:32.944+0000] {logging_mixin.py:188} INFO - [2026-05-13T14:34:32.943+0000] {dag.py:3036} INFO - Sync 1 DAGs
[2026-05-13T14:34:32.964+0000] {logging_mixin.py:188} INFO - [2026-05-13T14:34:32.963+0000] {dag.py:3823} INFO - Setting next_dagrun for workshop_etl_3 to None, run_after=None
[2026-05-13T14:34:33.012+0000] {processor.py:183} INFO - Processing /opt/airflow/dags/dag.py took 1.824 seconds
[2026-05-13T14:35:03.429+0000] {processor.py:161} INFO - Started process (PID=5558) to work on /opt/airflow/dags/dag.py
[2026-05-13T14:35:03.431+0000] {processor.py:830} INFO - Processing file /opt/airflow/dags/dag.py for tasks to queue
[2026-05-13T14:35:03.433+0000] {logging_mixin.py:188} INFO - [2026-05-13T14:35:03.433+0000] {dagbag.py:538} INFO - Filling up the DagBag from /opt/airflow/dags/dag.py
[2026-05-13T14:35:05.193+0000] {processor.py:840} INFO - DAG(s) 'workshop_etl_3' retrieved from /opt/airflow/dags/dag.py
[2026-05-13T14:35:05.229+0000] {logging_mixin.py:188} INFO - [2026-05-13T14:35:05.228+0000] {dag.py:3036} INFO - Sync 1 DAGs
[2026-05-13T14:35:05.247+0000] {logging_mixin.py:188} INFO - [2026-05-13T14:35:05.247+0000] {dag.py:3823} INFO - Setting next_dagrun for workshop_etl_3 to None, run_after=None
[2026-05-13T14:35:05.295+0000] {processor.py:183} INFO - Processing /opt/airflow/dags/dag.py took 1.872 seconds
[2026-05-13T14:35:35.733+0000] {processor.py:161} INFO - Started process (PID=5576) to work on /opt/airflow/dags/dag.py
[2026-05-13T14:35:35.736+0000] {processor.py:830} INFO - Processing file /opt/airflow/dags/dag.py for tasks to queue
[2026-05-13T14:35:35.738+0000] {logging_mixin.py:188} INFO - [2026-05-13T14:35:35.737+0000] {dagbag.py:538} INFO - Filling up the DagBag from /opt/airflow/dags/dag.py
[2026-05-13T14:35:37.441+0000] {processor.py:840} INFO - DAG(s) 'workshop_etl_3' retrieved from /opt/airflow/dags/dag.py
[2026-05-13T14:35:37.486+0000] {logging_mixin.py:188} INFO - [2026-05-13T14:35:37.486+0000] {dag.py:3036} INFO - Sync 1 DAGs
[2026-05-13T14:35:37.505+0000] {logging_mixin.py:188} INFO - [2026-05-13T14:35:37.505+0000] {dag.py:3823} INFO - Setting next_dagrun for workshop_etl_3 to None, run_after=None
[2026-05-13T14:35:37.558+0000] {processor.py:183} INFO - Processing /opt/airflow/dags/dag.py took 1.833 seconds
[2026-05-13T14:36:07.976+0000] {processor.py:161} INFO - Started process (PID=5594) to work on /opt/airflow/dags/dag.py
[2026-05-13T14:36:07.977+0000] {processor.py:830} INFO - Processing file /opt/airflow/dags/dag.py for tasks to queue
[2026-05-13T14:36:07.979+0000] {logging_mixin.py:188} INFO - [2026-05-13T14:36:07.979+0000] {dagbag.py:538} INFO - Filling up the DagBag from /opt/airflow/dags/dag.py
[2026-05-13T14:36:09.360+0000] {processor.py:840} INFO - DAG(s) 'workshop_etl_3' retrieved from /opt/airflow/dags/dag.py
[2026-05-13T14:36:09.389+0000] {logging_mixin.py:188} INFO - [2026-05-13T14:36:09.388+0000] {dag.py:3036} INFO - Sync 1 DAGs
[2026-05-13T14:36:09.401+0000] {logging_mixin.py:188} INFO - [2026-05-13T14:36:09.401+0000] {dag.py:3823} INFO - Setting next_dagrun for workshop_etl_3 to None, run_after=None
[2026-05-13T14:36:09.439+0000] {processor.py:183} INFO - Processing /opt/airflow/dags/dag.py took 1.467 seconds
[2026-05-13T14:36:39.881+0000] {processor.py:161} INFO - Started process (PID=5612) to work on /opt/airflow/dags/dag.py
[2026-05-13T14:36:39.883+0000] {processor.py:830} INFO - Processing file /opt/airflow/dags/dag.py for tasks to queue
[2026-05-13T14:36:39.886+0000] {logging_mixin.py:188} INFO - [2026-05-13T14:36:39.885+0000] {dagbag.py:538} INFO - Filling up the DagBag from /opt/airflow/dags/dag.py
[2026-05-13T14:36:41.592+0000] {processor.py:840} INFO - DAG(s) 'workshop_etl_3' retrieved from /opt/airflow/dags/dag.py
[2026-05-13T14:36:41.628+0000] {logging_mixin.py:188} INFO - [2026-05-13T14:36:41.628+0000] {dag.py:3036} INFO - Sync 1 DAGs
[2026-05-13T14:36:41.649+0000] {logging_mixin.py:188} INFO - [2026-05-13T14:36:41.648+0000] {dag.py:3823} INFO - Setting next_dagrun for workshop_etl_3 to None, run_after=None
[2026-05-13T14:36:41.699+0000] {processor.py:183} INFO - Processing /opt/airflow/dags/dag.py took 1.824 seconds
[2026-05-13T14:37:12.142+0000] {processor.py:161} INFO - Started process (PID=5630) to work on /opt/airflow/dags/dag.py
[2026-05-13T14:37:12.145+0000] {processor.py:830} INFO - Processing file /opt/airflow/dags/dag.py for tasks to queue
[2026-05-13T14:37:12.148+0000] {logging_mixin.py:188} INFO - [2026-05-13T14:37:12.147+0000] {dagbag.py:538} INFO - Filling up the DagBag from /opt/airflow/dags/dag.py
[2026-05-13T14:37:13.776+0000] {processor.py:840} INFO - DAG(s) 'workshop_etl_3' retrieved from /opt/airflow/dags/dag.py
[2026-05-13T14:37:13.834+0000] {logging_mixin.py:188} INFO - [2026-05-13T14:37:13.834+0000] {dag.py:3036} INFO - Sync 1 DAGs
[2026-05-13T14:37:13.853+0000] {logging_mixin.py:188} INFO - [2026-05-13T14:37:13.852+0000] {dag.py:3823} INFO - Setting next_dagrun for workshop_etl_3 to None, run_after=None
[2026-05-13T14:37:13.889+0000] {processor.py:183} INFO - Processing /opt/airflow/dags/dag.py took 1.754 seconds
[2026-05-13T14:37:44.317+0000] {processor.py:161} INFO - Started process (PID=5648) to work on /opt/airflow/dags/dag.py
[2026-05-13T14:37:44.319+0000] {processor.py:830} INFO - Processing file /opt/airflow/dags/dag.py for tasks to queue
[2026-05-13T14:37:44.322+0000] {logging_mixin.py:188} INFO - [2026-05-13T14:37:44.321+0000] {dagbag.py:538} INFO - Filling up the DagBag from /opt/airflow/dags/dag.py
[2026-05-13T14:37:45.997+0000] {processor.py:840} INFO - DAG(s) 'workshop_etl_3' retrieved from /opt/airflow/dags/dag.py
[2026-05-13T14:37:46.041+0000] {logging_mixin.py:188} INFO - [2026-05-13T14:37:46.041+0000] {dag.py:3036} INFO - Sync 1 DAGs
[2026-05-13T14:37:46.063+0000] {logging_mixin.py:188} INFO - [2026-05-13T14:37:46.062+0000] {dag.py:3823} INFO - Setting next_dagrun for workshop_etl_3 to None, run_after=None
[2026-05-13T14:37:46.110+0000] {processor.py:183} INFO - Processing /opt/airflow/dags/dag.py took 1.800 seconds
[2026-05-13T14:38:16.546+0000] {processor.py:161} INFO - Started process (PID=5666) to work on /opt/airflow/dags/dag.py
[2026-05-13T14:38:16.548+0000] {processor.py:830} INFO - Processing file /opt/airflow/dags/dag.py for tasks to queue
[2026-05-13T14:38:16.550+0000] {logging_mixin.py:188} INFO - [2026-05-13T14:38:16.550+0000] {dagbag.py:538} INFO - Filling up the DagBag from /opt/airflow/dags/dag.py
[2026-05-13T14:38:18.236+0000] {processor.py:840} INFO - DAG(s) 'workshop_etl_3' retrieved from /opt/airflow/dags/dag.py
[2026-05-13T14:38:18.265+0000] {logging_mixin.py:188} INFO - [2026-05-13T14:38:18.265+0000] {dag.py:3036} INFO - Sync 1 DAGs
[2026-05-13T14:38:18.277+0000] {logging_mixin.py:188} INFO - [2026-05-13T14:38:18.277+0000] {dag.py:3823} INFO - Setting next_dagrun for workshop_etl_3 to None, run_after=None
[2026-05-13T14:38:18.303+0000] {processor.py:183} INFO - Processing /opt/airflow/dags/dag.py took 1.762 seconds
[2026-05-13T14:38:48.724+0000] {processor.py:161} INFO - Started process (PID=5684) to work on /opt/airflow/dags/dag.py
[2026-05-13T14:38:48.727+0000] {processor.py:830} INFO - Processing file /opt/airflow/dags/dag.py for tasks to queue
[2026-05-13T14:38:48.729+0000] {logging_mixin.py:188} INFO - [2026-05-13T14:38:48.728+0000] {dagbag.py:538} INFO - Filling up the DagBag from /opt/airflow/dags/dag.py
[2026-05-13T14:38:50.334+0000] {processor.py:840} INFO - DAG(s) 'workshop_etl_3' retrieved from /opt/airflow/dags/dag.py
[2026-05-13T14:38:50.363+0000] {logging_mixin.py:188} INFO - [2026-05-13T14:38:50.362+0000] {dag.py:3036} INFO - Sync 1 DAGs
[2026-05-13T14:38:50.378+0000] {logging_mixin.py:188} INFO - [2026-05-13T14:38:50.378+0000] {dag.py:3823} INFO - Setting next_dagrun for workshop_etl_3 to None, run_after=None
[2026-05-13T14:38:50.412+0000] {processor.py:183} INFO - Processing /opt/airflow/dags/dag.py took 1.695 seconds
[2026-05-13T14:39:20.854+0000] {processor.py:161} INFO - Started process (PID=5702) to work on /opt/airflow/dags/dag.py
[2026-05-13T14:39:20.857+0000] {processor.py:830} INFO - Processing file /opt/airflow/dags/dag.py for tasks to queue
[2026-05-13T14:39:20.859+0000] {logging_mixin.py:188} INFO - [2026-05-13T14:39:20.858+0000] {dagbag.py:538} INFO - Filling up the DagBag from /opt/airflow/dags/dag.py
[2026-05-13T14:39:22.596+0000] {processor.py:840} INFO - DAG(s) 'workshop_etl_3' retrieved from /opt/airflow/dags/dag.py
[2026-05-13T14:39:22.648+0000] {logging_mixin.py:188} INFO - [2026-05-13T14:39:22.647+0000] {dag.py:3036} INFO - Sync 1 DAGs
[2026-05-13T14:39:22.668+0000] {logging_mixin.py:188} INFO - [2026-05-13T14:39:22.668+0000] {dag.py:3823} INFO - Setting next_dagrun for workshop_etl_3 to None, run_after=None
[2026-05-13T14:39:22.719+0000] {processor.py:183} INFO - Processing /opt/airflow/dags/dag.py took 1.872 seconds
[2026-05-13T14:39:53.143+0000] {processor.py:161} INFO - Started process (PID=5720) to work on /opt/airflow/dags/dag.py
[2026-05-13T14:39:53.146+0000] {processor.py:830} INFO - Processing file /opt/airflow/dags/dag.py for tasks to queue
[2026-05-13T14:39:53.148+0000] {logging_mixin.py:188} INFO - [2026-05-13T14:39:53.148+0000] {dagbag.py:538} INFO - Filling up the DagBag from /opt/airflow/dags/dag.py
[2026-05-13T14:39:54.870+0000] {processor.py:840} INFO - DAG(s) 'workshop_etl_3' retrieved from /opt/airflow/dags/dag.py
[2026-05-13T14:39:54.915+0000] {logging_mixin.py:188} INFO - [2026-05-13T14:39:54.915+0000] {dag.py:3036} INFO - Sync 1 DAGs
[2026-05-13T14:39:54.935+0000] {logging_mixin.py:188} INFO - [2026-05-13T14:39:54.935+0000] {dag.py:3823} INFO - Setting next_dagrun for workshop_etl_3 to None, run_after=None
[2026-05-13T14:39:54.988+0000] {processor.py:183} INFO - Processing /opt/airflow/dags/dag.py took 1.852 seconds
[2026-05-13T14:40:25.414+0000] {processor.py:161} INFO - Started process (PID=5738) to work on /opt/airflow/dags/dag.py
[2026-05-13T14:40:25.417+0000] {processor.py:830} INFO - Processing file /opt/airflow/dags/dag.py for tasks to queue
[2026-05-13T14:40:25.420+0000] {logging_mixin.py:188} INFO - [2026-05-13T14:40:25.419+0000] {dagbag.py:538} INFO - Filling up the DagBag from /opt/airflow/dags/dag.py
[2026-05-13T14:40:27.122+0000] {processor.py:840} INFO - DAG(s) 'workshop_etl_3' retrieved from /opt/airflow/dags/dag.py
[2026-05-13T14:40:27.157+0000] {logging_mixin.py:188} INFO - [2026-05-13T14:40:27.156+0000] {dag.py:3036} INFO - Sync 1 DAGs
[2026-05-13T14:40:27.170+0000] {logging_mixin.py:188} INFO - [2026-05-13T14:40:27.170+0000] {dag.py:3823} INFO - Setting next_dagrun for workshop_etl_3 to None, run_after=None
[2026-05-13T14:40:27.218+0000] {processor.py:183} INFO - Processing /opt/airflow/dags/dag.py took 1.811 seconds
[2026-05-13T14:40:57.431+0000] {processor.py:161} INFO - Started process (PID=5756) to work on /opt/airflow/dags/dag.py
[2026-05-13T14:40:57.433+0000] {processor.py:830} INFO - Processing file /opt/airflow/dags/dag.py for tasks to queue
[2026-05-13T14:40:57.436+0000] {logging_mixin.py:188} INFO - [2026-05-13T14:40:57.435+0000] {dagbag.py:538} INFO - Filling up the DagBag from /opt/airflow/dags/dag.py
[2026-05-13T14:40:59.162+0000] {processor.py:840} INFO - DAG(s) 'workshop_etl_3' retrieved from /opt/airflow/dags/dag.py
[2026-05-13T14:40:59.195+0000] {logging_mixin.py:188} INFO - [2026-05-13T14:40:59.195+0000] {dag.py:3036} INFO - Sync 1 DAGs
[2026-05-13T14:40:59.208+0000] {logging_mixin.py:188} INFO - [2026-05-13T14:40:59.208+0000] {dag.py:3823} INFO - Setting next_dagrun for workshop_etl_3 to None, run_after=None
[2026-05-13T14:40:59.247+0000] {processor.py:183} INFO - Processing /opt/airflow/dags/dag.py took 1.821 seconds
[2026-05-13T14:41:29.833+0000] {processor.py:161} INFO - Started process (PID=5774) to work on /opt/airflow/dags/dag.py
[2026-05-13T14:41:29.836+0000] {processor.py:830} INFO - Processing file /opt/airflow/dags/dag.py for tasks to queue
[2026-05-13T14:41:29.838+0000] {logging_mixin.py:188} INFO - [2026-05-13T14:41:29.838+0000] {dagbag.py:538} INFO - Filling up the DagBag from /opt/airflow/dags/dag.py
[2026-05-13T14:41:31.419+0000] {processor.py:840} INFO - DAG(s) 'workshop_etl_3' retrieved from /opt/airflow/dags/dag.py
[2026-05-13T14:41:31.467+0000] {logging_mixin.py:188} INFO - [2026-05-13T14:41:31.467+0000] {dag.py:3036} INFO - Sync 1 DAGs
[2026-05-13T14:41:31.493+0000] {logging_mixin.py:188} INFO - [2026-05-13T14:41:31.492+0000] {dag.py:3823} INFO - Setting next_dagrun for workshop_etl_3 to None, run_after=None
[2026-05-13T14:41:31.542+0000] {processor.py:183} INFO - Processing /opt/airflow/dags/dag.py took 1.716 seconds
[2026-05-13T14:42:01.976+0000] {processor.py:161} INFO - Started process (PID=5792) to work on /opt/airflow/dags/dag.py
[2026-05-13T14:42:01.979+0000] {processor.py:830} INFO - Processing file /opt/airflow/dags/dag.py for tasks to queue
[2026-05-13T14:42:01.981+0000] {logging_mixin.py:188} INFO - [2026-05-13T14:42:01.980+0000] {dagbag.py:538} INFO - Filling up the DagBag from /opt/airflow/dags/dag.py
[2026-05-13T14:42:03.585+0000] {processor.py:840} INFO - DAG(s) 'workshop_etl_3' retrieved from /opt/airflow/dags/dag.py
[2026-05-13T14:42:03.629+0000] {logging_mixin.py:188} INFO - [2026-05-13T14:42:03.628+0000] {dag.py:3036} INFO - Sync 1 DAGs
[2026-05-13T14:42:03.648+0000] {logging_mixin.py:188} INFO - [2026-05-13T14:42:03.647+0000] {dag.py:3823} INFO - Setting next_dagrun for workshop_etl_3 to None, run_after=None
[2026-05-13T14:42:03.701+0000] {processor.py:183} INFO - Processing /opt/airflow/dags/dag.py took 1.730 seconds
[2026-05-13T14:42:34.138+0000] {processor.py:161} INFO - Started process (PID=5810) to work on /opt/airflow/dags/dag.py
[2026-05-13T14:42:34.140+0000] {processor.py:830} INFO - Processing file /opt/airflow/dags/dag.py for tasks to queue
[2026-05-13T14:42:34.142+0000] {logging_mixin.py:188} INFO - [2026-05-13T14:42:34.141+0000] {dagbag.py:538} INFO - Filling up the DagBag from /opt/airflow/dags/dag.py
[2026-05-13T14:42:35.763+0000] {processor.py:840} INFO - DAG(s) 'workshop_etl_3' retrieved from /opt/airflow/dags/dag.py
[2026-05-13T14:42:35.806+0000] {logging_mixin.py:188} INFO - [2026-05-13T14:42:35.805+0000] {dag.py:3036} INFO - Sync 1 DAGs
[2026-05-13T14:42:35.823+0000] {logging_mixin.py:188} INFO - [2026-05-13T14:42:35.823+0000] {dag.py:3823} INFO - Setting next_dagrun for workshop_etl_3 to None, run_after=None
[2026-05-13T14:42:35.879+0000] {processor.py:183} INFO - Processing /opt/airflow/dags/dag.py took 1.746 seconds
[2026-05-13T14:43:06.281+0000] {processor.py:161} INFO - Started process (PID=5828) to work on /opt/airflow/dags/dag.py
[2026-05-13T14:43:06.283+0000] {processor.py:830} INFO - Processing file /opt/airflow/dags/dag.py for tasks to queue
[2026-05-13T14:43:06.284+0000] {logging_mixin.py:188} INFO - [2026-05-13T14:43:06.284+0000] {dagbag.py:538} INFO - Filling up the DagBag from /opt/airflow/dags/dag.py
[2026-05-13T14:43:07.983+0000] {processor.py:840} INFO - DAG(s) 'workshop_etl_3' retrieved from /opt/airflow/dags/dag.py
[2026-05-13T14:43:08.032+0000] {logging_mixin.py:188} INFO - [2026-05-13T14:43:08.031+0000] {dag.py:3036} INFO - Sync 1 DAGs
[2026-05-13T14:43:08.052+0000] {logging_mixin.py:188} INFO - [2026-05-13T14:43:08.051+0000] {dag.py:3823} INFO - Setting next_dagrun for workshop_etl_3 to None, run_after=None
[2026-05-13T14:43:08.105+0000] {processor.py:183} INFO - Processing /opt/airflow/dags/dag.py took 1.832 seconds
[2026-05-13T14:43:38.526+0000] {processor.py:161} INFO - Started process (PID=5846) to work on /opt/airflow/dags/dag.py
[2026-05-13T14:43:38.528+0000] {processor.py:830} INFO - Processing file /opt/airflow/dags/dag.py for tasks to queue
[2026-05-13T14:43:38.531+0000] {logging_mixin.py:188} INFO - [2026-05-13T14:43:38.530+0000] {dagbag.py:538} INFO - Filling up the DagBag from /opt/airflow/dags/dag.py
[2026-05-13T14:43:40.264+0000] {processor.py:840} INFO - DAG(s) 'workshop_etl_3' retrieved from /opt/airflow/dags/dag.py
[2026-05-13T14:43:40.310+0000] {logging_mixin.py:188} INFO - [2026-05-13T14:43:40.310+0000] {dag.py:3036} INFO - Sync 1 DAGs
[2026-05-13T14:43:40.331+0000] {logging_mixin.py:188} INFO - [2026-05-13T14:43:40.330+0000] {dag.py:3823} INFO - Setting next_dagrun for workshop_etl_3 to None, run_after=None
[2026-05-13T14:43:40.381+0000] {processor.py:183} INFO - Processing /opt/airflow/dags/dag.py took 1.861 seconds
[2026-05-13T14:44:10.517+0000] {processor.py:161} INFO - Started process (PID=5864) to work on /opt/airflow/dags/dag.py
[2026-05-13T14:44:10.520+0000] {processor.py:830} INFO - Processing file /opt/airflow/dags/dag.py for tasks to queue
[2026-05-13T14:44:10.522+0000] {logging_mixin.py:188} INFO - [2026-05-13T14:44:10.521+0000] {dagbag.py:538} INFO - Filling up the DagBag from /opt/airflow/dags/dag.py
[2026-05-13T14:44:12.219+0000] {processor.py:840} INFO - DAG(s) 'workshop_etl_3' retrieved from /opt/airflow/dags/dag.py
[2026-05-13T14:44:12.248+0000] {logging_mixin.py:188} INFO - [2026-05-13T14:44:12.248+0000] {dag.py:3036} INFO - Sync 1 DAGs
[2026-05-13T14:44:12.262+0000] {logging_mixin.py:188} INFO - [2026-05-13T14:44:12.261+0000] {dag.py:3823} INFO - Setting next_dagrun for workshop_etl_3 to None, run_after=None
[2026-05-13T14:44:12.294+0000] {processor.py:183} INFO - Processing /opt/airflow/dags/dag.py took 1.783 seconds
[2026-05-13T14:44:42.732+0000] {processor.py:161} INFO - Started process (PID=5882) to work on /opt/airflow/dags/dag.py
[2026-05-13T14:44:42.736+0000] {processor.py:830} INFO - Processing file /opt/airflow/dags/dag.py for tasks to queue
[2026-05-13T14:44:42.738+0000] {logging_mixin.py:188} INFO - [2026-05-13T14:44:42.737+0000] {dagbag.py:538} INFO - Filling up the DagBag from /opt/airflow/dags/dag.py
[2026-05-13T14:44:44.350+0000] {processor.py:840} INFO - DAG(s) 'workshop_etl_3' retrieved from /opt/airflow/dags/dag.py
[2026-05-13T14:44:44.384+0000] {logging_mixin.py:188} INFO - [2026-05-13T14:44:44.383+0000] {dag.py:3036} INFO - Sync 1 DAGs
[2026-05-13T14:44:44.398+0000] {logging_mixin.py:188} INFO - [2026-05-13T14:44:44.398+0000] {dag.py:3823} INFO - Setting next_dagrun for workshop_etl_3 to None, run_after=None
[2026-05-13T14:44:44.436+0000] {processor.py:183} INFO - Processing /opt/airflow/dags/dag.py took 1.710 seconds
[2026-05-13T14:45:14.852+0000] {processor.py:161} INFO - Started process (PID=5900) to work on /opt/airflow/dags/dag.py
[2026-05-13T14:45:14.855+0000] {processor.py:830} INFO - Processing file /opt/airflow/dags/dag.py for tasks to queue
[2026-05-13T14:45:14.857+0000] {logging_mixin.py:188} INFO - [2026-05-13T14:45:14.856+0000] {dagbag.py:538} INFO - Filling up the DagBag from /opt/airflow/dags/dag.py
[2026-05-13T14:45:16.510+0000] {processor.py:840} INFO - DAG(s) 'workshop_etl_3' retrieved from /opt/airflow/dags/dag.py
[2026-05-13T14:45:16.556+0000] {logging_mixin.py:188} INFO - [2026-05-13T14:45:16.556+0000] {dag.py:3036} INFO - Sync 1 DAGs
[2026-05-13T14:45:16.575+0000] {logging_mixin.py:188} INFO - [2026-05-13T14:45:16.575+0000] {dag.py:3823} INFO - Setting next_dagrun for workshop_etl_3 to None, run_after=None
[2026-05-13T14:45:16.630+0000] {processor.py:183} INFO - Processing /opt/airflow/dags/dag.py took 1.784 seconds
[2026-05-13T14:45:47.037+0000] {processor.py:161} INFO - Started process (PID=5918) to work on /opt/airflow/dags/dag.py
[2026-05-13T14:45:47.039+0000] {processor.py:830} INFO - Processing file /opt/airflow/dags/dag.py for tasks to queue
[2026-05-13T14:45:47.042+0000] {logging_mixin.py:188} INFO - [2026-05-13T14:45:47.041+0000] {dagbag.py:538} INFO - Filling up the DagBag from /opt/airflow/dags/dag.py
[2026-05-13T14:45:48.851+0000] {processor.py:840} INFO - DAG(s) 'workshop_etl_3' retrieved from /opt/airflow/dags/dag.py
[2026-05-13T14:45:48.906+0000] {logging_mixin.py:188} INFO - [2026-05-13T14:45:48.905+0000] {dag.py:3036} INFO - Sync 1 DAGs
[2026-05-13T14:45:48.924+0000] {logging_mixin.py:188} INFO - [2026-05-13T14:45:48.924+0000] {dag.py:3823} INFO - Setting next_dagrun for workshop_etl_3 to None, run_after=None
[2026-05-13T14:45:48.974+0000] {processor.py:183} INFO - Processing /opt/airflow/dags/dag.py took 1.944 seconds
[2026-05-13T14:46:19.444+0000] {processor.py:161} INFO - Started process (PID=5936) to work on /opt/airflow/dags/dag.py
[2026-05-13T14:46:19.447+0000] {processor.py:830} INFO - Processing file /opt/airflow/dags/dag.py for tasks to queue
[2026-05-13T14:46:19.450+0000] {logging_mixin.py:188} INFO - [2026-05-13T14:46:19.449+0000] {dagbag.py:538} INFO - Filling up the DagBag from /opt/airflow/dags/dag.py
[2026-05-13T14:46:21.344+0000] {processor.py:840} INFO - DAG(s) 'workshop_etl_3' retrieved from /opt/airflow/dags/dag.py
[2026-05-13T14:46:21.396+0000] {logging_mixin.py:188} INFO - [2026-05-13T14:46:21.396+0000] {dag.py:3036} INFO - Sync 1 DAGs
[2026-05-13T14:46:21.420+0000] {logging_mixin.py:188} INFO - [2026-05-13T14:46:21.419+0000] {dag.py:3823} INFO - Setting next_dagrun for workshop_etl_3 to None, run_after=None
[2026-05-13T14:46:21.483+0000] {processor.py:183} INFO - Processing /opt/airflow/dags/dag.py took 2.044 seconds
[2026-05-13T14:46:51.824+0000] {processor.py:161} INFO - Started process (PID=5954) to work on /opt/airflow/dags/dag.py
[2026-05-13T14:46:51.827+0000] {processor.py:830} INFO - Processing file /opt/airflow/dags/dag.py for tasks to queue
[2026-05-13T14:46:51.830+0000] {logging_mixin.py:188} INFO - [2026-05-13T14:46:51.829+0000] {dagbag.py:538} INFO - Filling up the DagBag from /opt/airflow/dags/dag.py
[2026-05-13T14:46:53.511+0000] {processor.py:840} INFO - DAG(s) 'workshop_etl_3' retrieved from /opt/airflow/dags/dag.py
[2026-05-13T14:46:53.554+0000] {logging_mixin.py:188} INFO - [2026-05-13T14:46:53.554+0000] {dag.py:3036} INFO - Sync 1 DAGs
[2026-05-13T14:46:53.571+0000] {logging_mixin.py:188} INFO - [2026-05-13T14:46:53.570+0000] {dag.py:3823} INFO - Setting next_dagrun for workshop_etl_3 to None, run_after=None
[2026-05-13T14:46:53.624+0000] {processor.py:183} INFO - Processing /opt/airflow/dags/dag.py took 1.806 seconds
[2026-05-13T14:47:24.067+0000] {processor.py:161} INFO - Started process (PID=5972) to work on /opt/airflow/dags/dag.py
[2026-05-13T14:47:24.069+0000] {processor.py:830} INFO - Processing file /opt/airflow/dags/dag.py for tasks to queue
[2026-05-13T14:47:24.072+0000] {logging_mixin.py:188} INFO - [2026-05-13T14:47:24.071+0000] {dagbag.py:538} INFO - Filling up the DagBag from /opt/airflow/dags/dag.py
[2026-05-13T14:47:25.596+0000] {processor.py:840} INFO - DAG(s) 'workshop_etl_3' retrieved from /opt/airflow/dags/dag.py
[2026-05-13T14:47:25.629+0000] {logging_mixin.py:188} INFO - [2026-05-13T14:47:25.628+0000] {dag.py:3036} INFO - Sync 1 DAGs
[2026-05-13T14:47:25.644+0000] {logging_mixin.py:188} INFO - [2026-05-13T14:47:25.644+0000] {dag.py:3823} INFO - Setting next_dagrun for workshop_etl_3 to None, run_after=None
[2026-05-13T14:47:25.679+0000] {processor.py:183} INFO - Processing /opt/airflow/dags/dag.py took 1.618 seconds
[2026-05-13T14:47:56.105+0000] {processor.py:161} INFO - Started process (PID=5990) to work on /opt/airflow/dags/dag.py
[2026-05-13T14:47:56.108+0000] {processor.py:830} INFO - Processing file /opt/airflow/dags/dag.py for tasks to queue
[2026-05-13T14:47:56.110+0000] {logging_mixin.py:188} INFO - [2026-05-13T14:47:56.110+0000] {dagbag.py:538} INFO - Filling up the DagBag from /opt/airflow/dags/dag.py
[2026-05-13T14:47:57.723+0000] {processor.py:840} INFO - DAG(s) 'workshop_etl_3' retrieved from /opt/airflow/dags/dag.py
[2026-05-13T14:47:57.763+0000] {logging_mixin.py:188} INFO - [2026-05-13T14:47:57.761+0000] {dag.py:3036} INFO - Sync 1 DAGs
[2026-05-13T14:47:57.782+0000] {logging_mixin.py:188} INFO - [2026-05-13T14:47:57.781+0000] {dag.py:3823} INFO - Setting next_dagrun for workshop_etl_3 to None, run_after=None
[2026-05-13T14:47:57.822+0000] {processor.py:183} INFO - Processing /opt/airflow/dags/dag.py took 1.723 seconds
[2026-05-13T14:48:27.992+0000] {processor.py:161} INFO - Started process (PID=6008) to work on /opt/airflow/dags/dag.py
[2026-05-13T14:48:27.995+0000] {processor.py:830} INFO - Processing file /opt/airflow/dags/dag.py for tasks to queue
[2026-05-13T14:48:27.997+0000] {logging_mixin.py:188} INFO - [2026-05-13T14:48:27.996+0000] {dagbag.py:538} INFO - Filling up the DagBag from /opt/airflow/dags/dag.py
[2026-05-13T14:48:29.517+0000] {processor.py:840} INFO - DAG(s) 'workshop_etl_3' retrieved from /opt/airflow/dags/dag.py
[2026-05-13T14:48:29.549+0000] {logging_mixin.py:188} INFO - [2026-05-13T14:48:29.549+0000] {dag.py:3036} INFO - Sync 1 DAGs
[2026-05-13T14:48:29.566+0000] {logging_mixin.py:188} INFO - [2026-05-13T14:48:29.566+0000] {dag.py:3823} INFO - Setting next_dagrun for workshop_etl_3 to None, run_after=None
[2026-05-13T14:48:29.609+0000] {processor.py:183} INFO - Processing /opt/airflow/dags/dag.py took 1.625 seconds
[2026-05-13T14:49:00.033+0000] {processor.py:161} INFO - Started process (PID=6026) to work on /opt/airflow/dags/dag.py
[2026-05-13T14:49:00.035+0000] {processor.py:830} INFO - Processing file /opt/airflow/dags/dag.py for tasks to queue
[2026-05-13T14:49:00.037+0000] {logging_mixin.py:188} INFO - [2026-05-13T14:49:00.036+0000] {dagbag.py:538} INFO - Filling up the DagBag from /opt/airflow/dags/dag.py
[2026-05-13T14:49:01.608+0000] {processor.py:840} INFO - DAG(s) 'workshop_etl_3' retrieved from /opt/airflow/dags/dag.py
[2026-05-13T14:49:01.639+0000] {logging_mixin.py:188} INFO - [2026-05-13T14:49:01.639+0000] {dag.py:3036} INFO - Sync 1 DAGs
[2026-05-13T14:49:01.653+0000] {logging_mixin.py:188} INFO - [2026-05-13T14:49:01.652+0000] {dag.py:3823} INFO - Setting next_dagrun for workshop_etl_3 to None, run_after=None
[2026-05-13T14:49:01.702+0000] {processor.py:183} INFO - Processing /opt/airflow/dags/dag.py took 1.674 seconds
[2026-05-13T14:49:31.866+0000] {processor.py:161} INFO - Started process (PID=6044) to work on /opt/airflow/dags/dag.py
[2026-05-13T14:49:31.869+0000] {processor.py:830} INFO - Processing file /opt/airflow/dags/dag.py for tasks to queue
[2026-05-13T14:49:31.871+0000] {logging_mixin.py:188} INFO - [2026-05-13T14:49:31.870+0000] {dagbag.py:538} INFO - Filling up the DagBag from /opt/airflow/dags/dag.py
[2026-05-13T14:49:33.568+0000] {processor.py:840} INFO - DAG(s) 'workshop_etl_3' retrieved from /opt/airflow/dags/dag.py
[2026-05-13T14:49:33.609+0000] {logging_mixin.py:188} INFO - [2026-05-13T14:49:33.608+0000] {dag.py:3036} INFO - Sync 1 DAGs
[2026-05-13T14:49:33.623+0000] {logging_mixin.py:188} INFO - [2026-05-13T14:49:33.622+0000] {dag.py:3823} INFO - Setting next_dagrun for workshop_etl_3 to None, run_after=None
[2026-05-13T14:49:33.667+0000] {processor.py:183} INFO - Processing /opt/airflow/dags/dag.py took 1.807 seconds
[2026-05-13T14:50:04.117+0000] {processor.py:161} INFO - Started process (PID=6062) to work on /opt/airflow/dags/dag.py
[2026-05-13T14:50:04.119+0000] {processor.py:830} INFO - Processing file /opt/airflow/dags/dag.py for tasks to queue
[2026-05-13T14:50:04.122+0000] {logging_mixin.py:188} INFO - [2026-05-13T14:50:04.121+0000] {dagbag.py:538} INFO - Filling up the DagBag from /opt/airflow/dags/dag.py
[2026-05-13T14:50:05.640+0000] {processor.py:840} INFO - DAG(s) 'workshop_etl_3' retrieved from /opt/airflow/dags/dag.py
[2026-05-13T14:50:05.676+0000] {logging_mixin.py:188} INFO - [2026-05-13T14:50:05.676+0000] {dag.py:3036} INFO - Sync 1 DAGs
[2026-05-13T14:50:05.696+0000] {logging_mixin.py:188} INFO - [2026-05-13T14:50:05.695+0000] {dag.py:3823} INFO - Setting next_dagrun for workshop_etl_3 to None, run_after=None
[2026-05-13T14:50:05.748+0000] {processor.py:183} INFO - Processing /opt/airflow/dags/dag.py took 1.637 seconds
[2026-05-13T14:50:36.182+0000] {processor.py:161} INFO - Started process (PID=6080) to work on /opt/airflow/dags/dag.py
[2026-05-13T14:50:36.184+0000] {processor.py:830} INFO - Processing file /opt/airflow/dags/dag.py for tasks to queue
[2026-05-13T14:50:36.186+0000] {logging_mixin.py:188} INFO - [2026-05-13T14:50:36.186+0000] {dagbag.py:538} INFO - Filling up the DagBag from /opt/airflow/dags/dag.py
[2026-05-13T14:50:37.713+0000] {processor.py:840} INFO - DAG(s) 'workshop_etl_3' retrieved from /opt/airflow/dags/dag.py
[2026-05-13T14:50:37.756+0000] {logging_mixin.py:188} INFO - [2026-05-13T14:50:37.755+0000] {dag.py:3036} INFO - Sync 1 DAGs
[2026-05-13T14:50:37.775+0000] {logging_mixin.py:188} INFO - [2026-05-13T14:50:37.774+0000] {dag.py:3823} INFO - Setting next_dagrun for workshop_etl_3 to None, run_after=None
[2026-05-13T14:50:37.826+0000] {processor.py:183} INFO - Processing /opt/airflow/dags/dag.py took 1.652 seconds
[2026-05-13T14:51:08.020+0000] {processor.py:161} INFO - Started process (PID=6098) to work on /opt/airflow/dags/dag.py
[2026-05-13T14:51:08.023+0000] {processor.py:830} INFO - Processing file /opt/airflow/dags/dag.py for tasks to queue
[2026-05-13T14:51:08.025+0000] {logging_mixin.py:188} INFO - [2026-05-13T14:51:08.024+0000] {dagbag.py:538} INFO - Filling up the DagBag from /opt/airflow/dags/dag.py
[2026-05-13T14:51:09.695+0000] {processor.py:840} INFO - DAG(s) 'workshop_etl_3' retrieved from /opt/airflow/dags/dag.py
[2026-05-13T14:51:09.736+0000] {logging_mixin.py:188} INFO - [2026-05-13T14:51:09.736+0000] {dag.py:3036} INFO - Sync 1 DAGs
[2026-05-13T14:51:09.755+0000] {logging_mixin.py:188} INFO - [2026-05-13T14:51:09.754+0000] {dag.py:3823} INFO - Setting next_dagrun for workshop_etl_3 to None, run_after=None
[2026-05-13T14:51:09.808+0000] {processor.py:183} INFO - Processing /opt/airflow/dags/dag.py took 1.796 seconds
[2026-05-13T14:51:40.396+0000] {processor.py:161} INFO - Started process (PID=6116) to work on /opt/airflow/dags/dag.py
[2026-05-13T14:51:40.398+0000] {processor.py:830} INFO - Processing file /opt/airflow/dags/dag.py for tasks to queue
[2026-05-13T14:51:40.400+0000] {logging_mixin.py:188} INFO - [2026-05-13T14:51:40.399+0000] {dagbag.py:538} INFO - Filling up the DagBag from /opt/airflow/dags/dag.py
[2026-05-13T14:51:42.098+0000] {processor.py:840} INFO - DAG(s) 'workshop_etl_3' retrieved from /opt/airflow/dags/dag.py
[2026-05-13T14:51:42.141+0000] {logging_mixin.py:188} INFO - [2026-05-13T14:51:42.140+0000] {dag.py:3036} INFO - Sync 1 DAGs
[2026-05-13T14:51:42.160+0000] {logging_mixin.py:188} INFO - [2026-05-13T14:51:42.159+0000] {dag.py:3823} INFO - Setting next_dagrun for workshop_etl_3 to None, run_after=None
[2026-05-13T14:51:42.209+0000] {processor.py:183} INFO - Processing /opt/airflow/dags/dag.py took 1.818 seconds
[2026-05-13T14:52:12.574+0000] {processor.py:161} INFO - Started process (PID=6134) to work on /opt/airflow/dags/dag.py
[2026-05-13T14:52:12.575+0000] {processor.py:830} INFO - Processing file /opt/airflow/dags/dag.py for tasks to queue
[2026-05-13T14:52:12.576+0000] {logging_mixin.py:188} INFO - [2026-05-13T14:52:12.576+0000] {dagbag.py:538} INFO - Filling up the DagBag from /opt/airflow/dags/dag.py
[2026-05-13T14:52:14.174+0000] {processor.py:840} INFO - DAG(s) 'workshop_etl_3' retrieved from /opt/airflow/dags/dag.py
[2026-05-13T14:52:14.207+0000] {logging_mixin.py:188} INFO - [2026-05-13T14:52:14.206+0000] {dag.py:3036} INFO - Sync 1 DAGs
[2026-05-13T14:52:14.221+0000] {logging_mixin.py:188} INFO - [2026-05-13T14:52:14.221+0000] {dag.py:3823} INFO - Setting next_dagrun for workshop_etl_3 to None, run_after=None
[2026-05-13T14:52:14.264+0000] {processor.py:183} INFO - Processing /opt/airflow/dags/dag.py took 1.695 seconds
[2026-05-13T14:52:44.651+0000] {processor.py:161} INFO - Started process (PID=6152) to work on /opt/airflow/dags/dag.py
[2026-05-13T14:52:44.653+0000] {processor.py:830} INFO - Processing file /opt/airflow/dags/dag.py for tasks to queue
[2026-05-13T14:52:44.655+0000] {logging_mixin.py:188} INFO - [2026-05-13T14:52:44.655+0000] {dagbag.py:538} INFO - Filling up the DagBag from /opt/airflow/dags/dag.py
[2026-05-13T14:52:46.149+0000] {processor.py:840} INFO - DAG(s) 'workshop_etl_3' retrieved from /opt/airflow/dags/dag.py
[2026-05-13T14:52:46.185+0000] {logging_mixin.py:188} INFO - [2026-05-13T14:52:46.184+0000] {dag.py:3036} INFO - Sync 1 DAGs
[2026-05-13T14:52:46.205+0000] {logging_mixin.py:188} INFO - [2026-05-13T14:52:46.205+0000] {dag.py:3823} INFO - Setting next_dagrun for workshop_etl_3 to None, run_after=None
[2026-05-13T14:52:46.260+0000] {processor.py:183} INFO - Processing /opt/airflow/dags/dag.py took 1.615 seconds
[2026-05-13T14:53:16.501+0000] {processor.py:161} INFO - Started process (PID=6170) to work on /opt/airflow/dags/dag.py
[2026-05-13T14:53:16.504+0000] {processor.py:830} INFO - Processing file /opt/airflow/dags/dag.py for tasks to queue
[2026-05-13T14:53:16.506+0000] {logging_mixin.py:188} INFO - [2026-05-13T14:53:16.505+0000] {dagbag.py:538} INFO - Filling up the DagBag from /opt/airflow/dags/dag.py
[2026-05-13T14:53:18.057+0000] {processor.py:840} INFO - DAG(s) 'workshop_etl_3' retrieved from /opt/airflow/dags/dag.py
[2026-05-13T14:53:18.089+0000] {logging_mixin.py:188} INFO - [2026-05-13T14:53:18.089+0000] {dag.py:3036} INFO - Sync 1 DAGs
[2026-05-13T14:53:18.102+0000] {logging_mixin.py:188} INFO - [2026-05-13T14:53:18.102+0000] {dag.py:3823} INFO - Setting next_dagrun for workshop_etl_3 to None, run_after=None
[2026-05-13T14:53:18.133+0000] {processor.py:183} INFO - Processing /opt/airflow/dags/dag.py took 1.637 seconds
[2026-05-13T14:53:48.556+0000] {processor.py:161} INFO - Started process (PID=6188) to work on /opt/airflow/dags/dag.py
[2026-05-13T14:53:48.559+0000] {processor.py:830} INFO - Processing file /opt/airflow/dags/dag.py for tasks to queue
[2026-05-13T14:53:48.561+0000] {logging_mixin.py:188} INFO - [2026-05-13T14:53:48.561+0000] {dagbag.py:538} INFO - Filling up the DagBag from /opt/airflow/dags/dag.py
[2026-05-13T14:53:50.222+0000] {processor.py:840} INFO - DAG(s) 'workshop_etl_3' retrieved from /opt/airflow/dags/dag.py
[2026-05-13T14:53:50.265+0000] {logging_mixin.py:188} INFO - [2026-05-13T14:53:50.264+0000] {dag.py:3036} INFO - Sync 1 DAGs
[2026-05-13T14:53:50.285+0000] {logging_mixin.py:188} INFO - [2026-05-13T14:53:50.285+0000] {dag.py:3823} INFO - Setting next_dagrun for workshop_etl_3 to None, run_after=None
[2026-05-13T14:53:50.322+0000] {processor.py:183} INFO - Processing /opt/airflow/dags/dag.py took 1.772 seconds
[2026-05-13T14:54:20.752+0000] {processor.py:161} INFO - Started process (PID=6206) to work on /opt/airflow/dags/dag.py
[2026-05-13T14:54:20.755+0000] {processor.py:830} INFO - Processing file /opt/airflow/dags/dag.py for tasks to queue
[2026-05-13T14:54:20.757+0000] {logging_mixin.py:188} INFO - [2026-05-13T14:54:20.756+0000] {dagbag.py:538} INFO - Filling up the DagBag from /opt/airflow/dags/dag.py
[2026-05-13T14:54:22.385+0000] {processor.py:840} INFO - DAG(s) 'workshop_etl_3' retrieved from /opt/airflow/dags/dag.py
[2026-05-13T14:54:22.420+0000] {logging_mixin.py:188} INFO - [2026-05-13T14:54:22.419+0000] {dag.py:3036} INFO - Sync 1 DAGs
[2026-05-13T14:54:22.433+0000] {logging_mixin.py:188} INFO - [2026-05-13T14:54:22.433+0000] {dag.py:3823} INFO - Setting next_dagrun for workshop_etl_3 to None, run_after=None
[2026-05-13T14:54:22.470+0000] {processor.py:183} INFO - Processing /opt/airflow/dags/dag.py took 1.724 seconds
[2026-05-13T14:54:52.610+0000] {processor.py:161} INFO - Started process (PID=6224) to work on /opt/airflow/dags/dag.py
[2026-05-13T14:54:52.612+0000] {processor.py:830} INFO - Processing file /opt/airflow/dags/dag.py for tasks to queue
[2026-05-13T14:54:52.616+0000] {logging_mixin.py:188} INFO - [2026-05-13T14:54:52.614+0000] {dagbag.py:538} INFO - Filling up the DagBag from /opt/airflow/dags/dag.py
[2026-05-13T14:54:54.252+0000] {processor.py:840} INFO - DAG(s) 'workshop_etl_3' retrieved from /opt/airflow/dags/dag.py
[2026-05-13T14:54:54.296+0000] {logging_mixin.py:188} INFO - [2026-05-13T14:54:54.295+0000] {dag.py:3036} INFO - Sync 1 DAGs
[2026-05-13T14:54:54.314+0000] {logging_mixin.py:188} INFO - [2026-05-13T14:54:54.313+0000] {dag.py:3823} INFO - Setting next_dagrun for workshop_etl_3 to None, run_after=None
[2026-05-13T14:54:54.366+0000] {processor.py:183} INFO - Processing /opt/airflow/dags/dag.py took 1.762 seconds
[2026-05-13T14:55:24.797+0000] {processor.py:161} INFO - Started process (PID=6242) to work on /opt/airflow/dags/dag.py
[2026-05-13T14:55:24.800+0000] {processor.py:830} INFO - Processing file /opt/airflow/dags/dag.py for tasks to queue
[2026-05-13T14:55:24.802+0000] {logging_mixin.py:188} INFO - [2026-05-13T14:55:24.802+0000] {dagbag.py:538} INFO - Filling up the DagBag from /opt/airflow/dags/dag.py
[2026-05-13T14:55:26.397+0000] {processor.py:840} INFO - DAG(s) 'workshop_etl_3' retrieved from /opt/airflow/dags/dag.py
[2026-05-13T14:55:26.426+0000] {logging_mixin.py:188} INFO - [2026-05-13T14:55:26.425+0000] {dag.py:3036} INFO - Sync 1 DAGs
[2026-05-13T14:55:26.440+0000] {logging_mixin.py:188} INFO - [2026-05-13T14:55:26.440+0000] {dag.py:3823} INFO - Setting next_dagrun for workshop_etl_3 to None, run_after=None
[2026-05-13T14:55:26.474+0000] {processor.py:183} INFO - Processing /opt/airflow/dags/dag.py took 1.682 seconds
[2026-05-13T14:55:56.886+0000] {processor.py:161} INFO - Started process (PID=6260) to work on /opt/airflow/dags/dag.py
[2026-05-13T14:55:56.888+0000] {processor.py:830} INFO - Processing file /opt/airflow/dags/dag.py for tasks to queue
[2026-05-13T14:55:56.891+0000] {logging_mixin.py:188} INFO - [2026-05-13T14:55:56.890+0000] {dagbag.py:538} INFO - Filling up the DagBag from /opt/airflow/dags/dag.py
[2026-05-13T14:55:58.506+0000] {processor.py:840} INFO - DAG(s) 'workshop_etl_3' retrieved from /opt/airflow/dags/dag.py
[2026-05-13T14:55:58.537+0000] {logging_mixin.py:188} INFO - [2026-05-13T14:55:58.536+0000] {dag.py:3036} INFO - Sync 1 DAGs
[2026-05-13T14:55:58.550+0000] {logging_mixin.py:188} INFO - [2026-05-13T14:55:58.550+0000] {dag.py:3823} INFO - Setting next_dagrun for workshop_etl_3 to None, run_after=None
[2026-05-13T14:55:58.578+0000] {processor.py:183} INFO - Processing /opt/airflow/dags/dag.py took 1.699 seconds
[2026-05-13T14:56:29.007+0000] {processor.py:161} INFO - Started process (PID=6278) to work on /opt/airflow/dags/dag.py
[2026-05-13T14:56:29.009+0000] {processor.py:830} INFO - Processing file /opt/airflow/dags/dag.py for tasks to queue
[2026-05-13T14:56:29.011+0000] {logging_mixin.py:188} INFO - [2026-05-13T14:56:29.010+0000] {dagbag.py:538} INFO - Filling up the DagBag from /opt/airflow/dags/dag.py
[2026-05-13T14:56:30.700+0000] {processor.py:840} INFO - DAG(s) 'workshop_etl_3' retrieved from /opt/airflow/dags/dag.py
[2026-05-13T14:56:30.745+0000] {logging_mixin.py:188} INFO - [2026-05-13T14:56:30.745+0000] {dag.py:3036} INFO - Sync 1 DAGs
[2026-05-13T14:56:30.768+0000] {logging_mixin.py:188} INFO - [2026-05-13T14:56:30.767+0000] {dag.py:3823} INFO - Setting next_dagrun for workshop_etl_3 to None, run_after=None
[2026-05-13T14:56:30.823+0000] {processor.py:183} INFO - Processing /opt/airflow/dags/dag.py took 1.821 seconds
[2026-05-13T14:57:01.262+0000] {processor.py:161} INFO - Started process (PID=6296) to work on /opt/airflow/dags/dag.py
[2026-05-13T14:57:01.265+0000] {processor.py:830} INFO - Processing file /opt/airflow/dags/dag.py for tasks to queue
[2026-05-13T14:57:01.267+0000] {logging_mixin.py:188} INFO - [2026-05-13T14:57:01.266+0000] {dagbag.py:538} INFO - Filling up the DagBag from /opt/airflow/dags/dag.py
[2026-05-13T14:57:03.012+0000] {processor.py:840} INFO - DAG(s) 'workshop_etl_3' retrieved from /opt/airflow/dags/dag.py
[2026-05-13T14:57:03.057+0000] {logging_mixin.py:188} INFO - [2026-05-13T14:57:03.056+0000] {dag.py:3036} INFO - Sync 1 DAGs
[2026-05-13T14:57:03.075+0000] {logging_mixin.py:188} INFO - [2026-05-13T14:57:03.074+0000] {dag.py:3823} INFO - Setting next_dagrun for workshop_etl_3 to None, run_after=None
[2026-05-13T14:57:03.121+0000] {processor.py:183} INFO - Processing /opt/airflow/dags/dag.py took 1.865 seconds
[2026-05-13T14:57:33.559+0000] {processor.py:161} INFO - Started process (PID=6314) to work on /opt/airflow/dags/dag.py
[2026-05-13T14:57:33.561+0000] {processor.py:830} INFO - Processing file /opt/airflow/dags/dag.py for tasks to queue
[2026-05-13T14:57:33.564+0000] {logging_mixin.py:188} INFO - [2026-05-13T14:57:33.563+0000] {dagbag.py:538} INFO - Filling up the DagBag from /opt/airflow/dags/dag.py
[2026-05-13T14:57:35.265+0000] {processor.py:840} INFO - DAG(s) 'workshop_etl_3' retrieved from /opt/airflow/dags/dag.py
[2026-05-13T14:57:35.308+0000] {logging_mixin.py:188} INFO - [2026-05-13T14:57:35.308+0000] {dag.py:3036} INFO - Sync 1 DAGs
[2026-05-13T14:57:35.328+0000] {logging_mixin.py:188} INFO - [2026-05-13T14:57:35.328+0000] {dag.py:3823} INFO - Setting next_dagrun for workshop_etl_3 to None, run_after=None
[2026-05-13T14:57:35.379+0000] {processor.py:183} INFO - Processing /opt/airflow/dags/dag.py took 1.826 seconds
[2026-05-13T14:58:05.823+0000] {processor.py:161} INFO - Started process (PID=6332) to work on /opt/airflow/dags/dag.py
[2026-05-13T14:58:05.825+0000] {processor.py:830} INFO - Processing file /opt/airflow/dags/dag.py for tasks to queue
[2026-05-13T14:58:05.828+0000] {logging_mixin.py:188} INFO - [2026-05-13T14:58:05.827+0000] {dagbag.py:538} INFO - Filling up the DagBag from /opt/airflow/dags/dag.py
[2026-05-13T14:58:07.507+0000] {processor.py:840} INFO - DAG(s) 'workshop_etl_3' retrieved from /opt/airflow/dags/dag.py
[2026-05-13T14:58:07.555+0000] {logging_mixin.py:188} INFO - [2026-05-13T14:58:07.555+0000] {dag.py:3036} INFO - Sync 1 DAGs
[2026-05-13T14:58:07.573+0000] {logging_mixin.py:188} INFO - [2026-05-13T14:58:07.572+0000] {dag.py:3823} INFO - Setting next_dagrun for workshop_etl_3 to None, run_after=None
[2026-05-13T14:58:07.628+0000] {processor.py:183} INFO - Processing /opt/airflow/dags/dag.py took 1.813 seconds
[2026-05-13T14:58:38.075+0000] {processor.py:161} INFO - Started process (PID=6350) to work on /opt/airflow/dags/dag.py
[2026-05-13T14:58:38.077+0000] {processor.py:830} INFO - Processing file /opt/airflow/dags/dag.py for tasks to queue
[2026-05-13T14:58:38.080+0000] {logging_mixin.py:188} INFO - [2026-05-13T14:58:38.079+0000] {dagbag.py:538} INFO - Filling up the DagBag from /opt/airflow/dags/dag.py
[2026-05-13T14:58:39.737+0000] {processor.py:840} INFO - DAG(s) 'workshop_etl_3' retrieved from /opt/airflow/dags/dag.py
[2026-05-13T14:58:39.780+0000] {logging_mixin.py:188} INFO - [2026-05-13T14:58:39.780+0000] {dag.py:3036} INFO - Sync 1 DAGs
[2026-05-13T14:58:39.794+0000] {logging_mixin.py:188} INFO - [2026-05-13T14:58:39.794+0000] {dag.py:3823} INFO - Setting next_dagrun for workshop_etl_3 to None, run_after=None
[2026-05-13T14:58:39.847+0000] {processor.py:183} INFO - Processing /opt/airflow/dags/dag.py took 1.778 seconds
[2026-05-13T14:59:10.282+0000] {processor.py:161} INFO - Started process (PID=6368) to work on /opt/airflow/dags/dag.py
[2026-05-13T14:59:10.285+0000] {processor.py:830} INFO - Processing file /opt/airflow/dags/dag.py for tasks to queue
[2026-05-13T14:59:10.289+0000] {logging_mixin.py:188} INFO - [2026-05-13T14:59:10.288+0000] {dagbag.py:538} INFO - Filling up the DagBag from /opt/airflow/dags/dag.py
[2026-05-13T14:59:11.937+0000] {processor.py:840} INFO - DAG(s) 'workshop_etl_3' retrieved from /opt/airflow/dags/dag.py
[2026-05-13T14:59:11.977+0000] {logging_mixin.py:188} INFO - [2026-05-13T14:59:11.976+0000] {dag.py:3036} INFO - Sync 1 DAGs
[2026-05-13T14:59:11.998+0000] {logging_mixin.py:188} INFO - [2026-05-13T14:59:11.998+0000] {dag.py:3823} INFO - Setting next_dagrun for workshop_etl_3 to None, run_after=None
[2026-05-13T14:59:12.052+0000] {processor.py:183} INFO - Processing /opt/airflow/dags/dag.py took 1.777 seconds
[2026-05-13T14:59:42.497+0000] {processor.py:161} INFO - Started process (PID=6386) to work on /opt/airflow/dags/dag.py
[2026-05-13T14:59:42.500+0000] {processor.py:830} INFO - Processing file /opt/airflow/dags/dag.py for tasks to queue
[2026-05-13T14:59:42.503+0000] {logging_mixin.py:188} INFO - [2026-05-13T14:59:42.502+0000] {dagbag.py:538} INFO - Filling up the DagBag from /opt/airflow/dags/dag.py
[2026-05-13T14:59:44.233+0000] {processor.py:840} INFO - DAG(s) 'workshop_etl_3' retrieved from /opt/airflow/dags/dag.py
[2026-05-13T14:59:44.278+0000] {logging_mixin.py:188} INFO - [2026-05-13T14:59:44.277+0000] {dag.py:3036} INFO - Sync 1 DAGs
[2026-05-13T14:59:44.298+0000] {logging_mixin.py:188} INFO - [2026-05-13T14:59:44.297+0000] {dag.py:3823} INFO - Setting next_dagrun for workshop_etl_3 to None, run_after=None
[2026-05-13T14:59:44.345+0000] {processor.py:183} INFO - Processing /opt/airflow/dags/dag.py took 1.855 seconds
[2026-05-13T15:00:14.798+0000] {processor.py:161} INFO - Started process (PID=6404) to work on /opt/airflow/dags/dag.py
[2026-05-13T15:00:14.802+0000] {processor.py:830} INFO - Processing file /opt/airflow/dags/dag.py for tasks to queue
[2026-05-13T15:00:14.806+0000] {logging_mixin.py:188} INFO - [2026-05-13T15:00:14.805+0000] {dagbag.py:538} INFO - Filling up the DagBag from /opt/airflow/dags/dag.py
[2026-05-13T15:00:16.563+0000] {processor.py:840} INFO - DAG(s) 'workshop_etl_3' retrieved from /opt/airflow/dags/dag.py
[2026-05-13T15:00:16.610+0000] {logging_mixin.py:188} INFO - [2026-05-13T15:00:16.610+0000] {dag.py:3036} INFO - Sync 1 DAGs
[2026-05-13T15:00:16.630+0000] {logging_mixin.py:188} INFO - [2026-05-13T15:00:16.630+0000] {dag.py:3823} INFO - Setting next_dagrun for workshop_etl_3 to None, run_after=None
[2026-05-13T15:00:16.685+0000] {processor.py:183} INFO - Processing /opt/airflow/dags/dag.py took 1.894 seconds
[2026-05-13T15:00:47.123+0000] {processor.py:161} INFO - Started process (PID=6422) to work on /opt/airflow/dags/dag.py
[2026-05-13T15:00:47.125+0000] {processor.py:830} INFO - Processing file /opt/airflow/dags/dag.py for tasks to queue
[2026-05-13T15:00:47.127+0000] {logging_mixin.py:188} INFO - [2026-05-13T15:00:47.126+0000] {dagbag.py:538} INFO - Filling up the DagBag from /opt/airflow/dags/dag.py
[2026-05-13T15:00:48.759+0000] {processor.py:840} INFO - DAG(s) 'workshop_etl_3' retrieved from /opt/airflow/dags/dag.py
[2026-05-13T15:00:48.804+0000] {logging_mixin.py:188} INFO - [2026-05-13T15:00:48.803+0000] {dag.py:3036} INFO - Sync 1 DAGs
[2026-05-13T15:00:48.822+0000] {logging_mixin.py:188} INFO - [2026-05-13T15:00:48.822+0000] {dag.py:3823} INFO - Setting next_dagrun for workshop_etl_3 to None, run_after=None
[2026-05-13T15:00:48.874+0000] {processor.py:183} INFO - Processing /opt/airflow/dags/dag.py took 1.757 seconds
[2026-05-13T15:01:19.288+0000] {processor.py:161} INFO - Started process (PID=6440) to work on /opt/airflow/dags/dag.py
[2026-05-13T15:01:19.289+0000] {processor.py:830} INFO - Processing file /opt/airflow/dags/dag.py for tasks to queue
[2026-05-13T15:01:19.291+0000] {logging_mixin.py:188} INFO - [2026-05-13T15:01:19.291+0000] {dagbag.py:538} INFO - Filling up the DagBag from /opt/airflow/dags/dag.py
[2026-05-13T15:01:21.018+0000] {processor.py:840} INFO - DAG(s) 'workshop_etl_3' retrieved from /opt/airflow/dags/dag.py
[2026-05-13T15:01:21.048+0000] {logging_mixin.py:188} INFO - [2026-05-13T15:01:21.047+0000] {dag.py:3036} INFO - Sync 1 DAGs
[2026-05-13T15:01:21.064+0000] {logging_mixin.py:188} INFO - [2026-05-13T15:01:21.063+0000] {dag.py:3823} INFO - Setting next_dagrun for workshop_etl_3 to None, run_after=None
[2026-05-13T15:01:21.116+0000] {processor.py:183} INFO - Processing /opt/airflow/dags/dag.py took 1.835 seconds
[2026-05-13T15:01:51.345+0000] {processor.py:161} INFO - Started process (PID=6458) to work on /opt/airflow/dags/dag.py
[2026-05-13T15:01:51.348+0000] {processor.py:830} INFO - Processing file /opt/airflow/dags/dag.py for tasks to queue
[2026-05-13T15:01:51.350+0000] {logging_mixin.py:188} INFO - [2026-05-13T15:01:51.349+0000] {dagbag.py:538} INFO - Filling up the DagBag from /opt/airflow/dags/dag.py
[2026-05-13T15:01:53.089+0000] {processor.py:840} INFO - DAG(s) 'workshop_etl_3' retrieved from /opt/airflow/dags/dag.py
[2026-05-13T15:01:53.117+0000] {logging_mixin.py:188} INFO - [2026-05-13T15:01:53.117+0000] {dag.py:3036} INFO - Sync 1 DAGs
[2026-05-13T15:01:53.131+0000] {logging_mixin.py:188} INFO - [2026-05-13T15:01:53.131+0000] {dag.py:3823} INFO - Setting next_dagrun for workshop_etl_3 to None, run_after=None
[2026-05-13T15:01:53.160+0000] {processor.py:183} INFO - Processing /opt/airflow/dags/dag.py took 1.821 seconds
[2026-05-13T15:02:23.588+0000] {processor.py:161} INFO - Started process (PID=6476) to work on /opt/airflow/dags/dag.py
[2026-05-13T15:02:23.591+0000] {processor.py:830} INFO - Processing file /opt/airflow/dags/dag.py for tasks to queue
[2026-05-13T15:02:23.593+0000] {logging_mixin.py:188} INFO - [2026-05-13T15:02:23.592+0000] {dagbag.py:538} INFO - Filling up the DagBag from /opt/airflow/dags/dag.py
[2026-05-13T15:02:25.263+0000] {processor.py:840} INFO - DAG(s) 'workshop_etl_3' retrieved from /opt/airflow/dags/dag.py
[2026-05-13T15:02:25.296+0000] {logging_mixin.py:188} INFO - [2026-05-13T15:02:25.295+0000] {dag.py:3036} INFO - Sync 1 DAGs
[2026-05-13T15:02:25.309+0000] {logging_mixin.py:188} INFO - [2026-05-13T15:02:25.309+0000] {dag.py:3823} INFO - Setting next_dagrun for workshop_etl_3 to None, run_after=None
[2026-05-13T15:02:25.346+0000] {processor.py:183} INFO - Processing /opt/airflow/dags/dag.py took 1.764 seconds
[2026-05-13T15:02:55.787+0000] {processor.py:161} INFO - Started process (PID=6494) to work on /opt/airflow/dags/dag.py
[2026-05-13T15:02:55.790+0000] {processor.py:830} INFO - Processing file /opt/airflow/dags/dag.py for tasks to queue
[2026-05-13T15:02:55.792+0000] {logging_mixin.py:188} INFO - [2026-05-13T15:02:55.791+0000] {dagbag.py:538} INFO - Filling up the DagBag from /opt/airflow/dags/dag.py
[2026-05-13T15:02:57.512+0000] {processor.py:840} INFO - DAG(s) 'workshop_etl_3' retrieved from /opt/airflow/dags/dag.py
[2026-05-13T15:02:57.561+0000] {logging_mixin.py:188} INFO - [2026-05-13T15:02:57.560+0000] {dag.py:3036} INFO - Sync 1 DAGs
[2026-05-13T15:02:57.583+0000] {logging_mixin.py:188} INFO - [2026-05-13T15:02:57.583+0000] {dag.py:3823} INFO - Setting next_dagrun for workshop_etl_3 to None, run_after=None
[2026-05-13T15:02:57.642+0000] {processor.py:183} INFO - Processing /opt/airflow/dags/dag.py took 1.861 seconds
[2026-05-13T15:03:28.072+0000] {processor.py:161} INFO - Started process (PID=6512) to work on /opt/airflow/dags/dag.py
[2026-05-13T15:03:28.074+0000] {processor.py:830} INFO - Processing file /opt/airflow/dags/dag.py for tasks to queue
[2026-05-13T15:03:28.077+0000] {logging_mixin.py:188} INFO - [2026-05-13T15:03:28.076+0000] {dagbag.py:538} INFO - Filling up the DagBag from /opt/airflow/dags/dag.py
[2026-05-13T15:03:29.750+0000] {processor.py:840} INFO - DAG(s) 'workshop_etl_3' retrieved from /opt/airflow/dags/dag.py
[2026-05-13T15:03:29.796+0000] {logging_mixin.py:188} INFO - [2026-05-13T15:03:29.796+0000] {dag.py:3036} INFO - Sync 1 DAGs
[2026-05-13T15:03:29.814+0000] {logging_mixin.py:188} INFO - [2026-05-13T15:03:29.814+0000] {dag.py:3823} INFO - Setting next_dagrun for workshop_etl_3 to None, run_after=None
[2026-05-13T15:03:29.868+0000] {processor.py:183} INFO - Processing /opt/airflow/dags/dag.py took 1.801 seconds
[2026-05-13T15:04:00.314+0000] {processor.py:161} INFO - Started process (PID=6530) to work on /opt/airflow/dags/dag.py
[2026-05-13T15:04:00.317+0000] {processor.py:830} INFO - Processing file /opt/airflow/dags/dag.py for tasks to queue
[2026-05-13T15:04:00.319+0000] {logging_mixin.py:188} INFO - [2026-05-13T15:04:00.318+0000] {dagbag.py:538} INFO - Filling up the DagBag from /opt/airflow/dags/dag.py
[2026-05-13T15:04:02.002+0000] {processor.py:840} INFO - DAG(s) 'workshop_etl_3' retrieved from /opt/airflow/dags/dag.py
[2026-05-13T15:04:02.042+0000] {logging_mixin.py:188} INFO - [2026-05-13T15:04:02.041+0000] {dag.py:3036} INFO - Sync 1 DAGs
[2026-05-13T15:04:02.060+0000] {logging_mixin.py:188} INFO - [2026-05-13T15:04:02.059+0000] {dag.py:3823} INFO - Setting next_dagrun for workshop_etl_3 to None, run_after=None
[2026-05-13T15:04:02.111+0000] {processor.py:183} INFO - Processing /opt/airflow/dags/dag.py took 1.804 seconds
[2026-05-13T15:04:32.537+0000] {processor.py:161} INFO - Started process (PID=6548) to work on /opt/airflow/dags/dag.py
[2026-05-13T15:04:32.540+0000] {processor.py:830} INFO - Processing file /opt/airflow/dags/dag.py for tasks to queue
[2026-05-13T15:04:32.542+0000] {logging_mixin.py:188} INFO - [2026-05-13T15:04:32.541+0000] {dagbag.py:538} INFO - Filling up the DagBag from /opt/airflow/dags/dag.py
[2026-05-13T15:04:34.146+0000] {processor.py:840} INFO - DAG(s) 'workshop_etl_3' retrieved from /opt/airflow/dags/dag.py
[2026-05-13T15:04:34.201+0000] {logging_mixin.py:188} INFO - [2026-05-13T15:04:34.200+0000] {dag.py:3036} INFO - Sync 1 DAGs
[2026-05-13T15:04:34.219+0000] {logging_mixin.py:188} INFO - [2026-05-13T15:04:34.219+0000] {dag.py:3823} INFO - Setting next_dagrun for workshop_etl_3 to None, run_after=None
[2026-05-13T15:04:34.271+0000] {processor.py:183} INFO - Processing /opt/airflow/dags/dag.py took 1.740 seconds
[2026-05-13T15:05:04.415+0000] {processor.py:161} INFO - Started process (PID=6566) to work on /opt/airflow/dags/dag.py
[2026-05-13T15:05:04.417+0000] {processor.py:830} INFO - Processing file /opt/airflow/dags/dag.py for tasks to queue
[2026-05-13T15:05:04.418+0000] {logging_mixin.py:188} INFO - [2026-05-13T15:05:04.418+0000] {dagbag.py:538} INFO - Filling up the DagBag from /opt/airflow/dags/dag.py
[2026-05-13T15:05:05.935+0000] {processor.py:840} INFO - DAG(s) 'workshop_etl_3' retrieved from /opt/airflow/dags/dag.py
[2026-05-13T15:05:05.977+0000] {logging_mixin.py:188} INFO - [2026-05-13T15:05:05.977+0000] {dag.py:3036} INFO - Sync 1 DAGs
[2026-05-13T15:05:05.999+0000] {logging_mixin.py:188} INFO - [2026-05-13T15:05:05.999+0000] {dag.py:3823} INFO - Setting next_dagrun for workshop_etl_3 to None, run_after=None
[2026-05-13T15:05:06.054+0000] {processor.py:183} INFO - Processing /opt/airflow/dags/dag.py took 1.644 seconds
[2026-05-13T15:05:36.477+0000] {processor.py:161} INFO - Started process (PID=6584) to work on /opt/airflow/dags/dag.py
[2026-05-13T15:05:36.480+0000] {processor.py:830} INFO - Processing file /opt/airflow/dags/dag.py for tasks to queue
[2026-05-13T15:05:36.482+0000] {logging_mixin.py:188} INFO - [2026-05-13T15:05:36.482+0000] {dagbag.py:538} INFO - Filling up the DagBag from /opt/airflow/dags/dag.py
[2026-05-13T15:05:38.164+0000] {processor.py:840} INFO - DAG(s) 'workshop_etl_3' retrieved from /opt/airflow/dags/dag.py
[2026-05-13T15:05:38.209+0000] {logging_mixin.py:188} INFO - [2026-05-13T15:05:38.208+0000] {dag.py:3036} INFO - Sync 1 DAGs
[2026-05-13T15:05:38.228+0000] {logging_mixin.py:188} INFO - [2026-05-13T15:05:38.227+0000] {dag.py:3823} INFO - Setting next_dagrun for workshop_etl_3 to None, run_after=None
[2026-05-13T15:05:38.284+0000] {processor.py:183} INFO - Processing /opt/airflow/dags/dag.py took 1.815 seconds
[2026-05-13T15:06:08.689+0000] {processor.py:161} INFO - Started process (PID=6602) to work on /opt/airflow/dags/dag.py
[2026-05-13T15:06:08.691+0000] {processor.py:830} INFO - Processing file /opt/airflow/dags/dag.py for tasks to queue
[2026-05-13T15:06:08.694+0000] {logging_mixin.py:188} INFO - [2026-05-13T15:06:08.693+0000] {dagbag.py:538} INFO - Filling up the DagBag from /opt/airflow/dags/dag.py
[2026-05-13T15:06:10.410+0000] {processor.py:840} INFO - DAG(s) 'workshop_etl_3' retrieved from /opt/airflow/dags/dag.py
[2026-05-13T15:06:10.458+0000] {logging_mixin.py:188} INFO - [2026-05-13T15:06:10.457+0000] {dag.py:3036} INFO - Sync 1 DAGs
[2026-05-13T15:06:10.477+0000] {logging_mixin.py:188} INFO - [2026-05-13T15:06:10.477+0000] {dag.py:3823} INFO - Setting next_dagrun for workshop_etl_3 to None, run_after=None
[2026-05-13T15:06:10.530+0000] {processor.py:183} INFO - Processing /opt/airflow/dags/dag.py took 1.847 seconds
[2026-05-13T15:06:40.777+0000] {processor.py:161} INFO - Started process (PID=6620) to work on /opt/airflow/dags/dag.py
[2026-05-13T15:06:40.779+0000] {processor.py:830} INFO - Processing file /opt/airflow/dags/dag.py for tasks to queue
[2026-05-13T15:06:40.781+0000] {logging_mixin.py:188} INFO - [2026-05-13T15:06:40.780+0000] {dagbag.py:538} INFO - Filling up the DagBag from /opt/airflow/dags/dag.py
[2026-05-13T15:06:42.331+0000] {processor.py:840} INFO - DAG(s) 'workshop_etl_3' retrieved from /opt/airflow/dags/dag.py
[2026-05-13T15:06:42.363+0000] {logging_mixin.py:188} INFO - [2026-05-13T15:06:42.362+0000] {dag.py:3036} INFO - Sync 1 DAGs
[2026-05-13T15:06:42.381+0000] {logging_mixin.py:188} INFO - [2026-05-13T15:06:42.380+0000] {dag.py:3823} INFO - Setting next_dagrun for workshop_etl_3 to None, run_after=None
[2026-05-13T15:06:42.438+0000] {processor.py:183} INFO - Processing /opt/airflow/dags/dag.py took 1.665 seconds
[2026-05-13T15:07:12.863+0000] {processor.py:161} INFO - Started process (PID=6638) to work on /opt/airflow/dags/dag.py
[2026-05-13T15:07:12.866+0000] {processor.py:830} INFO - Processing file /opt/airflow/dags/dag.py for tasks to queue
[2026-05-13T15:07:12.868+0000] {logging_mixin.py:188} INFO - [2026-05-13T15:07:12.867+0000] {dagbag.py:538} INFO - Filling up the DagBag from /opt/airflow/dags/dag.py
[2026-05-13T15:07:14.487+0000] {processor.py:840} INFO - DAG(s) 'workshop_etl_3' retrieved from /opt/airflow/dags/dag.py
[2026-05-13T15:07:14.530+0000] {logging_mixin.py:188} INFO - [2026-05-13T15:07:14.530+0000] {dag.py:3036} INFO - Sync 1 DAGs
[2026-05-13T15:07:14.550+0000] {logging_mixin.py:188} INFO - [2026-05-13T15:07:14.549+0000] {dag.py:3823} INFO - Setting next_dagrun for workshop_etl_3 to None, run_after=None
[2026-05-13T15:07:14.601+0000] {processor.py:183} INFO - Processing /opt/airflow/dags/dag.py took 1.744 seconds
[2026-05-13T15:07:45.038+0000] {processor.py:161} INFO - Started process (PID=6656) to work on /opt/airflow/dags/dag.py
[2026-05-13T15:07:45.041+0000] {processor.py:830} INFO - Processing file /opt/airflow/dags/dag.py for tasks to queue
[2026-05-13T15:07:45.043+0000] {logging_mixin.py:188} INFO - [2026-05-13T15:07:45.042+0000] {dagbag.py:538} INFO - Filling up the DagBag from /opt/airflow/dags/dag.py
[2026-05-13T15:07:46.578+0000] {processor.py:840} INFO - DAG(s) 'workshop_etl_3' retrieved from /opt/airflow/dags/dag.py
[2026-05-13T15:07:46.609+0000] {logging_mixin.py:188} INFO - [2026-05-13T15:07:46.609+0000] {dag.py:3036} INFO - Sync 1 DAGs
[2026-05-13T15:07:46.625+0000] {logging_mixin.py:188} INFO - [2026-05-13T15:07:46.625+0000] {dag.py:3823} INFO - Setting next_dagrun for workshop_etl_3 to None, run_after=None
[2026-05-13T15:07:46.661+0000] {processor.py:183} INFO - Processing /opt/airflow/dags/dag.py took 1.629 seconds
[2026-05-13T15:08:16.884+0000] {processor.py:161} INFO - Started process (PID=6674) to work on /opt/airflow/dags/dag.py
[2026-05-13T15:08:16.887+0000] {processor.py:830} INFO - Processing file /opt/airflow/dags/dag.py for tasks to queue
[2026-05-13T15:08:16.890+0000] {logging_mixin.py:188} INFO - [2026-05-13T15:08:16.889+0000] {dagbag.py:538} INFO - Filling up the DagBag from /opt/airflow/dags/dag.py
[2026-05-13T15:08:18.532+0000] {processor.py:840} INFO - DAG(s) 'workshop_etl_3' retrieved from /opt/airflow/dags/dag.py
[2026-05-13T15:08:18.583+0000] {logging_mixin.py:188} INFO - [2026-05-13T15:08:18.582+0000] {dag.py:3036} INFO - Sync 1 DAGs
[2026-05-13T15:08:18.602+0000] {logging_mixin.py:188} INFO - [2026-05-13T15:08:18.601+0000] {dag.py:3823} INFO - Setting next_dagrun for workshop_etl_3 to None, run_after=None
[2026-05-13T15:08:18.659+0000] {processor.py:183} INFO - Processing /opt/airflow/dags/dag.py took 1.782 seconds
[2026-05-13T15:08:49.098+0000] {processor.py:161} INFO - Started process (PID=6692) to work on /opt/airflow/dags/dag.py
[2026-05-13T15:08:49.101+0000] {processor.py:830} INFO - Processing file /opt/airflow/dags/dag.py for tasks to queue
[2026-05-13T15:08:49.103+0000] {logging_mixin.py:188} INFO - [2026-05-13T15:08:49.103+0000] {dagbag.py:538} INFO - Filling up the DagBag from /opt/airflow/dags/dag.py
[2026-05-13T15:08:50.642+0000] {processor.py:840} INFO - DAG(s) 'workshop_etl_3' retrieved from /opt/airflow/dags/dag.py
[2026-05-13T15:08:50.670+0000] {logging_mixin.py:188} INFO - [2026-05-13T15:08:50.670+0000] {dag.py:3036} INFO - Sync 1 DAGs
[2026-05-13T15:08:50.683+0000] {logging_mixin.py:188} INFO - [2026-05-13T15:08:50.683+0000] {dag.py:3823} INFO - Setting next_dagrun for workshop_etl_3 to None, run_after=None
[2026-05-13T15:08:50.712+0000] {processor.py:183} INFO - Processing /opt/airflow/dags/dag.py took 1.621 seconds
[2026-05-13T15:09:21.136+0000] {processor.py:161} INFO - Started process (PID=6710) to work on /opt/airflow/dags/dag.py
[2026-05-13T15:09:21.139+0000] {processor.py:830} INFO - Processing file /opt/airflow/dags/dag.py for tasks to queue
[2026-05-13T15:09:21.142+0000] {logging_mixin.py:188} INFO - [2026-05-13T15:09:21.141+0000] {dagbag.py:538} INFO - Filling up the DagBag from /opt/airflow/dags/dag.py
[2026-05-13T15:09:22.829+0000] {processor.py:840} INFO - DAG(s) 'workshop_etl_3' retrieved from /opt/airflow/dags/dag.py
[2026-05-13T15:09:22.871+0000] {logging_mixin.py:188} INFO - [2026-05-13T15:09:22.871+0000] {dag.py:3036} INFO - Sync 1 DAGs
[2026-05-13T15:09:22.893+0000] {logging_mixin.py:188} INFO - [2026-05-13T15:09:22.892+0000] {dag.py:3823} INFO - Setting next_dagrun for workshop_etl_3 to None, run_after=None
[2026-05-13T15:09:22.946+0000] {processor.py:183} INFO - Processing /opt/airflow/dags/dag.py took 1.820 seconds
[2026-05-13T15:09:53.334+0000] {processor.py:161} INFO - Started process (PID=6728) to work on /opt/airflow/dags/dag.py
[2026-05-13T15:09:53.336+0000] {processor.py:830} INFO - Processing file /opt/airflow/dags/dag.py for tasks to queue
[2026-05-13T15:09:53.343+0000] {logging_mixin.py:188} INFO - [2026-05-13T15:09:53.337+0000] {dagbag.py:538} INFO - Filling up the DagBag from /opt/airflow/dags/dag.py
[2026-05-13T15:09:54.947+0000] {processor.py:840} INFO - DAG(s) 'workshop_etl_3' retrieved from /opt/airflow/dags/dag.py
[2026-05-13T15:09:54.994+0000] {logging_mixin.py:188} INFO - [2026-05-13T15:09:54.994+0000] {dag.py:3036} INFO - Sync 1 DAGs
[2026-05-13T15:09:55.011+0000] {logging_mixin.py:188} INFO - [2026-05-13T15:09:55.010+0000] {dag.py:3823} INFO - Setting next_dagrun for workshop_etl_3 to None, run_after=None
[2026-05-13T15:09:55.067+0000] {processor.py:183} INFO - Processing /opt/airflow/dags/dag.py took 1.739 seconds
[2026-05-13T15:10:25.340+0000] {processor.py:161} INFO - Started process (PID=6746) to work on /opt/airflow/dags/dag.py
[2026-05-13T15:10:25.343+0000] {processor.py:830} INFO - Processing file /opt/airflow/dags/dag.py for tasks to queue
[2026-05-13T15:10:25.346+0000] {logging_mixin.py:188} INFO - [2026-05-13T15:10:25.345+0000] {dagbag.py:538} INFO - Filling up the DagBag from /opt/airflow/dags/dag.py
[2026-05-13T15:10:27.038+0000] {processor.py:840} INFO - DAG(s) 'workshop_etl_3' retrieved from /opt/airflow/dags/dag.py
[2026-05-13T15:10:27.080+0000] {logging_mixin.py:188} INFO - [2026-05-13T15:10:27.080+0000] {dag.py:3036} INFO - Sync 1 DAGs
[2026-05-13T15:10:27.101+0000] {logging_mixin.py:188} INFO - [2026-05-13T15:10:27.100+0000] {dag.py:3823} INFO - Setting next_dagrun for workshop_etl_3 to None, run_after=None
[2026-05-13T15:10:27.154+0000] {processor.py:183} INFO - Processing /opt/airflow/dags/dag.py took 1.821 seconds
[2026-05-13T15:10:57.573+0000] {processor.py:161} INFO - Started process (PID=6764) to work on /opt/airflow/dags/dag.py
[2026-05-13T15:10:57.576+0000] {processor.py:830} INFO - Processing file /opt/airflow/dags/dag.py for tasks to queue
[2026-05-13T15:10:57.579+0000] {logging_mixin.py:188} INFO - [2026-05-13T15:10:57.578+0000] {dagbag.py:538} INFO - Filling up the DagBag from /opt/airflow/dags/dag.py
[2026-05-13T15:10:59.470+0000] {processor.py:840} INFO - DAG(s) 'workshop_etl_3' retrieved from /opt/airflow/dags/dag.py
[2026-05-13T15:10:59.515+0000] {logging_mixin.py:188} INFO - [2026-05-13T15:10:59.514+0000] {dag.py:3036} INFO - Sync 1 DAGs
[2026-05-13T15:10:59.528+0000] {logging_mixin.py:188} INFO - [2026-05-13T15:10:59.528+0000] {dag.py:3823} INFO - Setting next_dagrun for workshop_etl_3 to None, run_after=None
[2026-05-13T15:10:59.599+0000] {processor.py:183} INFO - Processing /opt/airflow/dags/dag.py took 2.034 seconds
[2026-05-13T15:11:30.091+0000] {processor.py:161} INFO - Started process (PID=6782) to work on /opt/airflow/dags/dag.py
[2026-05-13T15:11:30.093+0000] {processor.py:830} INFO - Processing file /opt/airflow/dags/dag.py for tasks to queue
[2026-05-13T15:11:30.096+0000] {logging_mixin.py:188} INFO - [2026-05-13T15:11:30.095+0000] {dagbag.py:538} INFO - Filling up the DagBag from /opt/airflow/dags/dag.py
[2026-05-13T15:11:31.708+0000] {processor.py:840} INFO - DAG(s) 'workshop_etl_3' retrieved from /opt/airflow/dags/dag.py
[2026-05-13T15:11:31.739+0000] {logging_mixin.py:188} INFO - [2026-05-13T15:11:31.739+0000] {dag.py:3036} INFO - Sync 1 DAGs
[2026-05-13T15:11:31.754+0000] {logging_mixin.py:188} INFO - [2026-05-13T15:11:31.754+0000] {dag.py:3823} INFO - Setting next_dagrun for workshop_etl_3 to None, run_after=None
[2026-05-13T15:11:31.800+0000] {processor.py:183} INFO - Processing /opt/airflow/dags/dag.py took 1.715 seconds
[2026-05-13T15:12:02.211+0000] {processor.py:161} INFO - Started process (PID=6800) to work on /opt/airflow/dags/dag.py
[2026-05-13T15:12:02.213+0000] {processor.py:830} INFO - Processing file /opt/airflow/dags/dag.py for tasks to queue
[2026-05-13T15:12:02.216+0000] {logging_mixin.py:188} INFO - [2026-05-13T15:12:02.215+0000] {dagbag.py:538} INFO - Filling up the DagBag from /opt/airflow/dags/dag.py
[2026-05-13T15:12:03.904+0000] {processor.py:840} INFO - DAG(s) 'workshop_etl_3' retrieved from /opt/airflow/dags/dag.py
[2026-05-13T15:12:03.936+0000] {logging_mixin.py:188} INFO - [2026-05-13T15:12:03.936+0000] {dag.py:3036} INFO - Sync 1 DAGs
[2026-05-13T15:12:03.950+0000] {logging_mixin.py:188} INFO - [2026-05-13T15:12:03.950+0000] {dag.py:3823} INFO - Setting next_dagrun for workshop_etl_3 to None, run_after=None
[2026-05-13T15:12:03.991+0000] {processor.py:183} INFO - Processing /opt/airflow/dags/dag.py took 1.786 seconds
[2026-05-13T15:12:34.418+0000] {processor.py:161} INFO - Started process (PID=6818) to work on /opt/airflow/dags/dag.py
[2026-05-13T15:12:34.421+0000] {processor.py:830} INFO - Processing file /opt/airflow/dags/dag.py for tasks to queue
[2026-05-13T15:12:34.423+0000] {logging_mixin.py:188} INFO - [2026-05-13T15:12:34.422+0000] {dagbag.py:538} INFO - Filling up the DagBag from /opt/airflow/dags/dag.py
[2026-05-13T15:12:35.943+0000] {processor.py:840} INFO - DAG(s) 'workshop_etl_3' retrieved from /opt/airflow/dags/dag.py
[2026-05-13T15:12:35.989+0000] {logging_mixin.py:188} INFO - [2026-05-13T15:12:35.988+0000] {dag.py:3036} INFO - Sync 1 DAGs
[2026-05-13T15:12:36.009+0000] {logging_mixin.py:188} INFO - [2026-05-13T15:12:36.009+0000] {dag.py:3823} INFO - Setting next_dagrun for workshop_etl_3 to None, run_after=None
[2026-05-13T15:12:36.065+0000] {processor.py:183} INFO - Processing /opt/airflow/dags/dag.py took 1.653 seconds
[2026-05-13T15:13:06.478+0000] {processor.py:161} INFO - Started process (PID=6836) to work on /opt/airflow/dags/dag.py
[2026-05-13T15:13:06.481+0000] {processor.py:830} INFO - Processing file /opt/airflow/dags/dag.py for tasks to queue
[2026-05-13T15:13:06.483+0000] {logging_mixin.py:188} INFO - [2026-05-13T15:13:06.482+0000] {dagbag.py:538} INFO - Filling up the DagBag from /opt/airflow/dags/dag.py
[2026-05-13T15:13:08.153+0000] {processor.py:840} INFO - DAG(s) 'workshop_etl_3' retrieved from /opt/airflow/dags/dag.py
[2026-05-13T15:13:08.199+0000] {logging_mixin.py:188} INFO - [2026-05-13T15:13:08.198+0000] {dag.py:3036} INFO - Sync 1 DAGs
[2026-05-13T15:13:08.218+0000] {logging_mixin.py:188} INFO - [2026-05-13T15:13:08.218+0000] {dag.py:3823} INFO - Setting next_dagrun for workshop_etl_3 to None, run_after=None
[2026-05-13T15:13:08.267+0000] {processor.py:183} INFO - Processing /opt/airflow/dags/dag.py took 1.799 seconds
[2026-05-13T15:13:38.729+0000] {processor.py:161} INFO - Started process (PID=6854) to work on /opt/airflow/dags/dag.py
[2026-05-13T15:13:38.731+0000] {processor.py:830} INFO - Processing file /opt/airflow/dags/dag.py for tasks to queue
[2026-05-13T15:13:38.734+0000] {logging_mixin.py:188} INFO - [2026-05-13T15:13:38.733+0000] {dagbag.py:538} INFO - Filling up the DagBag from /opt/airflow/dags/dag.py
[2026-05-13T15:13:40.290+0000] {processor.py:840} INFO - DAG(s) 'workshop_etl_3' retrieved from /opt/airflow/dags/dag.py
[2026-05-13T15:13:40.328+0000] {logging_mixin.py:188} INFO - [2026-05-13T15:13:40.327+0000] {dag.py:3036} INFO - Sync 1 DAGs
[2026-05-13T15:13:40.345+0000] {logging_mixin.py:188} INFO - [2026-05-13T15:13:40.344+0000] {dag.py:3823} INFO - Setting next_dagrun for workshop_etl_3 to None, run_after=None
[2026-05-13T15:13:40.383+0000] {processor.py:183} INFO - Processing /opt/airflow/dags/dag.py took 1.660 seconds
[2026-05-13T15:14:10.626+0000] {processor.py:161} INFO - Started process (PID=6872) to work on /opt/airflow/dags/dag.py
[2026-05-13T15:14:10.629+0000] {processor.py:830} INFO - Processing file /opt/airflow/dags/dag.py for tasks to queue
[2026-05-13T15:14:10.631+0000] {logging_mixin.py:188} INFO - [2026-05-13T15:14:10.630+0000] {dagbag.py:538} INFO - Filling up the DagBag from /opt/airflow/dags/dag.py
[2026-05-13T15:14:12.387+0000] {processor.py:840} INFO - DAG(s) 'workshop_etl_3' retrieved from /opt/airflow/dags/dag.py
[2026-05-13T15:14:12.433+0000] {logging_mixin.py:188} INFO - [2026-05-13T15:14:12.432+0000] {dag.py:3036} INFO - Sync 1 DAGs
[2026-05-13T15:14:12.454+0000] {logging_mixin.py:188} INFO - [2026-05-13T15:14:12.454+0000] {dag.py:3823} INFO - Setting next_dagrun for workshop_etl_3 to None, run_after=None
[2026-05-13T15:14:12.509+0000] {processor.py:183} INFO - Processing /opt/airflow/dags/dag.py took 1.890 seconds
[2026-05-13T15:14:42.928+0000] {processor.py:161} INFO - Started process (PID=6890) to work on /opt/airflow/dags/dag.py
[2026-05-13T15:14:42.931+0000] {processor.py:830} INFO - Processing file /opt/airflow/dags/dag.py for tasks to queue
[2026-05-13T15:14:42.933+0000] {logging_mixin.py:188} INFO - [2026-05-13T15:14:42.932+0000] {dagbag.py:538} INFO - Filling up the DagBag from /opt/airflow/dags/dag.py
[2026-05-13T15:14:44.573+0000] {processor.py:840} INFO - DAG(s) 'workshop_etl_3' retrieved from /opt/airflow/dags/dag.py
[2026-05-13T15:14:44.622+0000] {logging_mixin.py:188} INFO - [2026-05-13T15:14:44.622+0000] {dag.py:3036} INFO - Sync 1 DAGs
[2026-05-13T15:14:44.642+0000] {logging_mixin.py:188} INFO - [2026-05-13T15:14:44.642+0000] {dag.py:3823} INFO - Setting next_dagrun for workshop_etl_3 to None, run_after=None
[2026-05-13T15:14:44.693+0000] {processor.py:183} INFO - Processing /opt/airflow/dags/dag.py took 1.771 seconds
[2026-05-13T15:15:15.111+0000] {processor.py:161} INFO - Started process (PID=6908) to work on /opt/airflow/dags/dag.py
[2026-05-13T15:15:15.114+0000] {processor.py:830} INFO - Processing file /opt/airflow/dags/dag.py for tasks to queue
[2026-05-13T15:15:15.117+0000] {logging_mixin.py:188} INFO - [2026-05-13T15:15:15.117+0000] {dagbag.py:538} INFO - Filling up the DagBag from /opt/airflow/dags/dag.py
[2026-05-13T15:15:16.645+0000] {processor.py:840} INFO - DAG(s) 'workshop_etl_3' retrieved from /opt/airflow/dags/dag.py
[2026-05-13T15:15:16.677+0000] {logging_mixin.py:188} INFO - [2026-05-13T15:15:16.676+0000] {dag.py:3036} INFO - Sync 1 DAGs
[2026-05-13T15:15:16.693+0000] {logging_mixin.py:188} INFO - [2026-05-13T15:15:16.693+0000] {dag.py:3823} INFO - Setting next_dagrun for workshop_etl_3 to None, run_after=None
[2026-05-13T15:15:16.745+0000] {processor.py:183} INFO - Processing /opt/airflow/dags/dag.py took 1.641 seconds
[2026-05-13T15:15:47.162+0000] {processor.py:161} INFO - Started process (PID=6926) to work on /opt/airflow/dags/dag.py
[2026-05-13T15:15:47.164+0000] {processor.py:830} INFO - Processing file /opt/airflow/dags/dag.py for tasks to queue
[2026-05-13T15:15:47.167+0000] {logging_mixin.py:188} INFO - [2026-05-13T15:15:47.166+0000] {dagbag.py:538} INFO - Filling up the DagBag from /opt/airflow/dags/dag.py
[2026-05-13T15:15:48.885+0000] {processor.py:840} INFO - DAG(s) 'workshop_etl_3' retrieved from /opt/airflow/dags/dag.py
[2026-05-13T15:15:48.929+0000] {logging_mixin.py:188} INFO - [2026-05-13T15:15:48.928+0000] {dag.py:3036} INFO - Sync 1 DAGs
[2026-05-13T15:15:48.949+0000] {logging_mixin.py:188} INFO - [2026-05-13T15:15:48.949+0000] {dag.py:3823} INFO - Setting next_dagrun for workshop_etl_3 to None, run_after=None
[2026-05-13T15:15:49.002+0000] {processor.py:183} INFO - Processing /opt/airflow/dags/dag.py took 1.847 seconds
[2026-05-13T15:16:19.434+0000] {processor.py:161} INFO - Started process (PID=6944) to work on /opt/airflow/dags/dag.py
[2026-05-13T15:16:19.437+0000] {processor.py:830} INFO - Processing file /opt/airflow/dags/dag.py for tasks to queue
[2026-05-13T15:16:19.440+0000] {logging_mixin.py:188} INFO - [2026-05-13T15:16:19.439+0000] {dagbag.py:538} INFO - Filling up the DagBag from /opt/airflow/dags/dag.py
[2026-05-13T15:16:21.113+0000] {processor.py:840} INFO - DAG(s) 'workshop_etl_3' retrieved from /opt/airflow/dags/dag.py
[2026-05-13T15:16:21.145+0000] {logging_mixin.py:188} INFO - [2026-05-13T15:16:21.145+0000] {dag.py:3036} INFO - Sync 1 DAGs
[2026-05-13T15:16:21.157+0000] {logging_mixin.py:188} INFO - [2026-05-13T15:16:21.157+0000] {dag.py:3823} INFO - Setting next_dagrun for workshop_etl_3 to None, run_after=None
[2026-05-13T15:16:21.202+0000] {processor.py:183} INFO - Processing /opt/airflow/dags/dag.py took 1.775 seconds
[2026-05-13T15:16:51.403+0000] {processor.py:161} INFO - Started process (PID=6962) to work on /opt/airflow/dags/dag.py
[2026-05-13T15:16:51.406+0000] {processor.py:830} INFO - Processing file /opt/airflow/dags/dag.py for tasks to queue
[2026-05-13T15:16:51.409+0000] {logging_mixin.py:188} INFO - [2026-05-13T15:16:51.408+0000] {dagbag.py:538} INFO - Filling up the DagBag from /opt/airflow/dags/dag.py
[2026-05-13T15:16:53.193+0000] {processor.py:840} INFO - DAG(s) 'workshop_etl_3' retrieved from /opt/airflow/dags/dag.py
[2026-05-13T15:16:53.239+0000] {logging_mixin.py:188} INFO - [2026-05-13T15:16:53.238+0000] {dag.py:3036} INFO - Sync 1 DAGs
[2026-05-13T15:16:53.257+0000] {logging_mixin.py:188} INFO - [2026-05-13T15:16:53.257+0000] {dag.py:3823} INFO - Setting next_dagrun for workshop_etl_3 to None, run_after=None
[2026-05-13T15:16:53.313+0000] {processor.py:183} INFO - Processing /opt/airflow/dags/dag.py took 1.916 seconds
[2026-05-13T15:17:23.732+0000] {processor.py:161} INFO - Started process (PID=6980) to work on /opt/airflow/dags/dag.py
[2026-05-13T15:17:23.735+0000] {processor.py:830} INFO - Processing file /opt/airflow/dags/dag.py for tasks to queue
[2026-05-13T15:17:23.739+0000] {logging_mixin.py:188} INFO - [2026-05-13T15:17:23.736+0000] {dagbag.py:538} INFO - Filling up the DagBag from /opt/airflow/dags/dag.py
[2026-05-13T15:17:25.389+0000] {processor.py:840} INFO - DAG(s) 'workshop_etl_3' retrieved from /opt/airflow/dags/dag.py
[2026-05-13T15:17:25.435+0000] {logging_mixin.py:188} INFO - [2026-05-13T15:17:25.434+0000] {dag.py:3036} INFO - Sync 1 DAGs
[2026-05-13T15:17:25.454+0000] {logging_mixin.py:188} INFO - [2026-05-13T15:17:25.454+0000] {dag.py:3823} INFO - Setting next_dagrun for workshop_etl_3 to None, run_after=None
[2026-05-13T15:17:25.508+0000] {processor.py:183} INFO - Processing /opt/airflow/dags/dag.py took 1.781 seconds
[2026-05-13T15:17:55.950+0000] {processor.py:161} INFO - Started process (PID=6998) to work on /opt/airflow/dags/dag.py
[2026-05-13T15:17:55.952+0000] {processor.py:830} INFO - Processing file /opt/airflow/dags/dag.py for tasks to queue
[2026-05-13T15:17:55.954+0000] {logging_mixin.py:188} INFO - [2026-05-13T15:17:55.954+0000] {dagbag.py:538} INFO - Filling up the DagBag from /opt/airflow/dags/dag.py
[2026-05-13T15:17:57.633+0000] {processor.py:840} INFO - DAG(s) 'workshop_etl_3' retrieved from /opt/airflow/dags/dag.py
[2026-05-13T15:17:57.677+0000] {logging_mixin.py:188} INFO - [2026-05-13T15:17:57.676+0000] {dag.py:3036} INFO - Sync 1 DAGs
[2026-05-13T15:17:57.693+0000] {logging_mixin.py:188} INFO - [2026-05-13T15:17:57.693+0000] {dag.py:3823} INFO - Setting next_dagrun for workshop_etl_3 to None, run_after=None
[2026-05-13T15:17:57.751+0000] {processor.py:183} INFO - Processing /opt/airflow/dags/dag.py took 1.805 seconds
[2026-05-13T15:18:28.191+0000] {processor.py:161} INFO - Started process (PID=7016) to work on /opt/airflow/dags/dag.py
[2026-05-13T15:18:28.193+0000] {processor.py:830} INFO - Processing file /opt/airflow/dags/dag.py for tasks to queue
[2026-05-13T15:18:28.196+0000] {logging_mixin.py:188} INFO - [2026-05-13T15:18:28.195+0000] {dagbag.py:538} INFO - Filling up the DagBag from /opt/airflow/dags/dag.py
[2026-05-13T15:18:29.953+0000] {processor.py:840} INFO - DAG(s) 'workshop_etl_3' retrieved from /opt/airflow/dags/dag.py
[2026-05-13T15:18:29.988+0000] {logging_mixin.py:188} INFO - [2026-05-13T15:18:29.987+0000] {dag.py:3036} INFO - Sync 1 DAGs
[2026-05-13T15:18:30.007+0000] {logging_mixin.py:188} INFO - [2026-05-13T15:18:30.006+0000] {dag.py:3823} INFO - Setting next_dagrun for workshop_etl_3 to None, run_after=None
[2026-05-13T15:18:30.054+0000] {processor.py:183} INFO - Processing /opt/airflow/dags/dag.py took 1.870 seconds
[2026-05-13T15:19:00.478+0000] {processor.py:161} INFO - Started process (PID=7034) to work on /opt/airflow/dags/dag.py
[2026-05-13T15:19:00.480+0000] {processor.py:830} INFO - Processing file /opt/airflow/dags/dag.py for tasks to queue
[2026-05-13T15:19:00.482+0000] {logging_mixin.py:188} INFO - [2026-05-13T15:19:00.482+0000] {dagbag.py:538} INFO - Filling up the DagBag from /opt/airflow/dags/dag.py
[2026-05-13T15:19:02.044+0000] {processor.py:840} INFO - DAG(s) 'workshop_etl_3' retrieved from /opt/airflow/dags/dag.py
[2026-05-13T15:19:02.083+0000] {logging_mixin.py:188} INFO - [2026-05-13T15:19:02.083+0000] {dag.py:3036} INFO - Sync 1 DAGs
[2026-05-13T15:19:02.096+0000] {logging_mixin.py:188} INFO - [2026-05-13T15:19:02.096+0000] {dag.py:3823} INFO - Setting next_dagrun for workshop_etl_3 to None, run_after=None
[2026-05-13T15:19:02.139+0000] {processor.py:183} INFO - Processing /opt/airflow/dags/dag.py took 1.668 seconds
[2026-05-13T15:19:32.564+0000] {processor.py:161} INFO - Started process (PID=7052) to work on /opt/airflow/dags/dag.py
[2026-05-13T15:19:32.566+0000] {processor.py:830} INFO - Processing file /opt/airflow/dags/dag.py for tasks to queue
[2026-05-13T15:19:32.569+0000] {logging_mixin.py:188} INFO - [2026-05-13T15:19:32.568+0000] {dagbag.py:538} INFO - Filling up the DagBag from /opt/airflow/dags/dag.py
[2026-05-13T15:19:34.219+0000] {processor.py:840} INFO - DAG(s) 'workshop_etl_3' retrieved from /opt/airflow/dags/dag.py
[2026-05-13T15:19:34.265+0000] {logging_mixin.py:188} INFO - [2026-05-13T15:19:34.264+0000] {dag.py:3036} INFO - Sync 1 DAGs
[2026-05-13T15:19:34.283+0000] {logging_mixin.py:188} INFO - [2026-05-13T15:19:34.282+0000] {dag.py:3823} INFO - Setting next_dagrun for workshop_etl_3 to None, run_after=None
[2026-05-13T15:19:34.337+0000] {processor.py:183} INFO - Processing /opt/airflow/dags/dag.py took 1.780 seconds
[2026-05-13T15:20:04.571+0000] {processor.py:161} INFO - Started process (PID=7070) to work on /opt/airflow/dags/dag.py
[2026-05-13T15:20:04.573+0000] {processor.py:830} INFO - Processing file /opt/airflow/dags/dag.py for tasks to queue
[2026-05-13T15:20:04.576+0000] {logging_mixin.py:188} INFO - [2026-05-13T15:20:04.576+0000] {dagbag.py:538} INFO - Filling up the DagBag from /opt/airflow/dags/dag.py
[2026-05-13T15:20:06.245+0000] {processor.py:840} INFO - DAG(s) 'workshop_etl_3' retrieved from /opt/airflow/dags/dag.py
[2026-05-13T15:20:06.277+0000] {logging_mixin.py:188} INFO - [2026-05-13T15:20:06.276+0000] {dag.py:3036} INFO - Sync 1 DAGs
[2026-05-13T15:20:06.292+0000] {logging_mixin.py:188} INFO - [2026-05-13T15:20:06.291+0000] {dag.py:3823} INFO - Setting next_dagrun for workshop_etl_3 to None, run_after=None
[2026-05-13T15:20:06.331+0000] {processor.py:183} INFO - Processing /opt/airflow/dags/dag.py took 1.766 seconds
[2026-05-13T15:20:36.748+0000] {processor.py:161} INFO - Started process (PID=7088) to work on /opt/airflow/dags/dag.py
[2026-05-13T15:20:36.751+0000] {processor.py:830} INFO - Processing file /opt/airflow/dags/dag.py for tasks to queue
[2026-05-13T15:20:36.754+0000] {logging_mixin.py:188} INFO - [2026-05-13T15:20:36.754+0000] {dagbag.py:538} INFO - Filling up the DagBag from /opt/airflow/dags/dag.py
[2026-05-13T15:20:38.245+0000] {processor.py:840} INFO - DAG(s) 'workshop_etl_3' retrieved from /opt/airflow/dags/dag.py
[2026-05-13T15:20:38.279+0000] {logging_mixin.py:188} INFO - [2026-05-13T15:20:38.279+0000] {dag.py:3036} INFO - Sync 1 DAGs
[2026-05-13T15:20:38.293+0000] {logging_mixin.py:188} INFO - [2026-05-13T15:20:38.293+0000] {dag.py:3823} INFO - Setting next_dagrun for workshop_etl_3 to None, run_after=None
[2026-05-13T15:20:38.335+0000] {processor.py:183} INFO - Processing /opt/airflow/dags/dag.py took 1.596 seconds
[2026-05-13T15:21:08.756+0000] {processor.py:161} INFO - Started process (PID=7106) to work on /opt/airflow/dags/dag.py
[2026-05-13T15:21:08.758+0000] {processor.py:830} INFO - Processing file /opt/airflow/dags/dag.py for tasks to queue
[2026-05-13T15:21:08.760+0000] {logging_mixin.py:188} INFO - [2026-05-13T15:21:08.759+0000] {dagbag.py:538} INFO - Filling up the DagBag from /opt/airflow/dags/dag.py
[2026-05-13T15:21:10.361+0000] {processor.py:840} INFO - DAG(s) 'workshop_etl_3' retrieved from /opt/airflow/dags/dag.py
[2026-05-13T15:21:10.403+0000] {logging_mixin.py:188} INFO - [2026-05-13T15:21:10.403+0000] {dag.py:3036} INFO - Sync 1 DAGs
[2026-05-13T15:21:10.420+0000] {logging_mixin.py:188} INFO - [2026-05-13T15:21:10.420+0000] {dag.py:3823} INFO - Setting next_dagrun for workshop_etl_3 to None, run_after=None
[2026-05-13T15:21:10.466+0000] {processor.py:183} INFO - Processing /opt/airflow/dags/dag.py took 1.716 seconds
[2026-05-13T15:21:40.874+0000] {processor.py:161} INFO - Started process (PID=7124) to work on /opt/airflow/dags/dag.py
[2026-05-13T15:21:40.876+0000] {processor.py:830} INFO - Processing file /opt/airflow/dags/dag.py for tasks to queue
[2026-05-13T15:21:40.879+0000] {logging_mixin.py:188} INFO - [2026-05-13T15:21:40.878+0000] {dagbag.py:538} INFO - Filling up the DagBag from /opt/airflow/dags/dag.py
[2026-05-13T15:21:42.576+0000] {processor.py:840} INFO - DAG(s) 'workshop_etl_3' retrieved from /opt/airflow/dags/dag.py
[2026-05-13T15:21:42.619+0000] {logging_mixin.py:188} INFO - [2026-05-13T15:21:42.618+0000] {dag.py:3036} INFO - Sync 1 DAGs
[2026-05-13T15:21:42.632+0000] {logging_mixin.py:188} INFO - [2026-05-13T15:21:42.631+0000] {dag.py:3823} INFO - Setting next_dagrun for workshop_etl_3 to None, run_after=None
[2026-05-13T15:21:42.681+0000] {processor.py:183} INFO - Processing /opt/airflow/dags/dag.py took 1.813 seconds
[2026-05-13T15:22:13.079+0000] {processor.py:161} INFO - Started process (PID=7142) to work on /opt/airflow/dags/dag.py
[2026-05-13T15:22:13.081+0000] {processor.py:830} INFO - Processing file /opt/airflow/dags/dag.py for tasks to queue
[2026-05-13T15:22:13.083+0000] {logging_mixin.py:188} INFO - [2026-05-13T15:22:13.082+0000] {dagbag.py:538} INFO - Filling up the DagBag from /opt/airflow/dags/dag.py
[2026-05-13T15:22:14.755+0000] {processor.py:840} INFO - DAG(s) 'workshop_etl_3' retrieved from /opt/airflow/dags/dag.py
[2026-05-13T15:22:14.811+0000] {logging_mixin.py:188} INFO - [2026-05-13T15:22:14.810+0000] {dag.py:3036} INFO - Sync 1 DAGs
[2026-05-13T15:22:14.828+0000] {logging_mixin.py:188} INFO - [2026-05-13T15:22:14.827+0000] {dag.py:3823} INFO - Setting next_dagrun for workshop_etl_3 to None, run_after=None
[2026-05-13T15:22:14.878+0000] {processor.py:183} INFO - Processing /opt/airflow/dags/dag.py took 1.804 seconds
[2026-05-13T15:22:45.402+0000] {processor.py:161} INFO - Started process (PID=7160) to work on /opt/airflow/dags/dag.py
[2026-05-13T15:22:45.405+0000] {processor.py:830} INFO - Processing file /opt/airflow/dags/dag.py for tasks to queue
[2026-05-13T15:22:45.409+0000] {logging_mixin.py:188} INFO - [2026-05-13T15:22:45.408+0000] {dagbag.py:538} INFO - Filling up the DagBag from /opt/airflow/dags/dag.py
[2026-05-13T15:22:46.772+0000] {processor.py:840} INFO - DAG(s) 'workshop_etl_3' retrieved from /opt/airflow/dags/dag.py
[2026-05-13T15:22:46.805+0000] {logging_mixin.py:188} INFO - [2026-05-13T15:22:46.804+0000] {dag.py:3036} INFO - Sync 1 DAGs
[2026-05-13T15:22:46.819+0000] {logging_mixin.py:188} INFO - [2026-05-13T15:22:46.819+0000] {dag.py:3823} INFO - Setting next_dagrun for workshop_etl_3 to None, run_after=None
[2026-05-13T15:22:46.852+0000] {processor.py:183} INFO - Processing /opt/airflow/dags/dag.py took 1.460 seconds
[2026-05-13T15:23:17.262+0000] {processor.py:161} INFO - Started process (PID=7178) to work on /opt/airflow/dags/dag.py
[2026-05-13T15:23:17.264+0000] {processor.py:830} INFO - Processing file /opt/airflow/dags/dag.py for tasks to queue
[2026-05-13T15:23:17.267+0000] {logging_mixin.py:188} INFO - [2026-05-13T15:23:17.266+0000] {dagbag.py:538} INFO - Filling up the DagBag from /opt/airflow/dags/dag.py
[2026-05-13T15:23:18.959+0000] {processor.py:840} INFO - DAG(s) 'workshop_etl_3' retrieved from /opt/airflow/dags/dag.py
[2026-05-13T15:23:18.989+0000] {logging_mixin.py:188} INFO - [2026-05-13T15:23:18.988+0000] {dag.py:3036} INFO - Sync 1 DAGs
[2026-05-13T15:23:19.003+0000] {logging_mixin.py:188} INFO - [2026-05-13T15:23:19.003+0000] {dag.py:3823} INFO - Setting next_dagrun for workshop_etl_3 to None, run_after=None
[2026-05-13T15:23:19.038+0000] {processor.py:183} INFO - Processing /opt/airflow/dags/dag.py took 1.783 seconds
[2026-05-13T15:23:49.423+0000] {processor.py:161} INFO - Started process (PID=7196) to work on /opt/airflow/dags/dag.py
[2026-05-13T15:23:49.426+0000] {processor.py:830} INFO - Processing file /opt/airflow/dags/dag.py for tasks to queue
[2026-05-13T15:23:49.429+0000] {logging_mixin.py:188} INFO - [2026-05-13T15:23:49.428+0000] {dagbag.py:538} INFO - Filling up the DagBag from /opt/airflow/dags/dag.py
[2026-05-13T15:23:50.960+0000] {processor.py:840} INFO - DAG(s) 'workshop_etl_3' retrieved from /opt/airflow/dags/dag.py
[2026-05-13T15:23:50.993+0000] {logging_mixin.py:188} INFO - [2026-05-13T15:23:50.993+0000] {dag.py:3036} INFO - Sync 1 DAGs
[2026-05-13T15:23:51.010+0000] {logging_mixin.py:188} INFO - [2026-05-13T15:23:51.010+0000] {dag.py:3823} INFO - Setting next_dagrun for workshop_etl_3 to None, run_after=None
[2026-05-13T15:23:51.061+0000] {processor.py:183} INFO - Processing /opt/airflow/dags/dag.py took 1.646 seconds
[2026-05-13T15:24:21.431+0000] {processor.py:161} INFO - Started process (PID=7214) to work on /opt/airflow/dags/dag.py
[2026-05-13T15:24:21.434+0000] {processor.py:830} INFO - Processing file /opt/airflow/dags/dag.py for tasks to queue
[2026-05-13T15:24:21.436+0000] {logging_mixin.py:188} INFO - [2026-05-13T15:24:21.435+0000] {dagbag.py:538} INFO - Filling up the DagBag from /opt/airflow/dags/dag.py
[2026-05-13T15:24:22.961+0000] {processor.py:840} INFO - DAG(s) 'workshop_etl_3' retrieved from /opt/airflow/dags/dag.py
[2026-05-13T15:24:23.002+0000] {logging_mixin.py:188} INFO - [2026-05-13T15:24:23.002+0000] {dag.py:3036} INFO - Sync 1 DAGs
[2026-05-13T15:24:23.017+0000] {logging_mixin.py:188} INFO - [2026-05-13T15:24:23.017+0000] {dag.py:3823} INFO - Setting next_dagrun for workshop_etl_3 to None, run_after=None
[2026-05-13T15:24:23.066+0000] {processor.py:183} INFO - Processing /opt/airflow/dags/dag.py took 1.640 seconds
[2026-05-13T15:24:53.452+0000] {processor.py:161} INFO - Started process (PID=7232) to work on /opt/airflow/dags/dag.py
[2026-05-13T15:24:53.454+0000] {processor.py:830} INFO - Processing file /opt/airflow/dags/dag.py for tasks to queue
[2026-05-13T15:24:53.456+0000] {logging_mixin.py:188} INFO - [2026-05-13T15:24:53.455+0000] {dagbag.py:538} INFO - Filling up the DagBag from /opt/airflow/dags/dag.py
[2026-05-13T15:24:55.071+0000] {processor.py:840} INFO - DAG(s) 'workshop_etl_3' retrieved from /opt/airflow/dags/dag.py
[2026-05-13T15:24:55.110+0000] {logging_mixin.py:188} INFO - [2026-05-13T15:24:55.109+0000] {dag.py:3036} INFO - Sync 1 DAGs
[2026-05-13T15:24:55.124+0000] {logging_mixin.py:188} INFO - [2026-05-13T15:24:55.124+0000] {dag.py:3823} INFO - Setting next_dagrun for workshop_etl_3 to None, run_after=None
[2026-05-13T15:24:55.165+0000] {processor.py:183} INFO - Processing /opt/airflow/dags/dag.py took 1.717 seconds
[2026-05-13T15:25:25.517+0000] {processor.py:161} INFO - Started process (PID=7250) to work on /opt/airflow/dags/dag.py
[2026-05-13T15:25:25.519+0000] {processor.py:830} INFO - Processing file /opt/airflow/dags/dag.py for tasks to queue
[2026-05-13T15:25:25.520+0000] {logging_mixin.py:188} INFO - [2026-05-13T15:25:25.520+0000] {dagbag.py:538} INFO - Filling up the DagBag from /opt/airflow/dags/dag.py
[2026-05-13T15:25:27.003+0000] {processor.py:840} INFO - DAG(s) 'workshop_etl_3' retrieved from /opt/airflow/dags/dag.py
[2026-05-13T15:25:27.040+0000] {logging_mixin.py:188} INFO - [2026-05-13T15:25:27.039+0000] {dag.py:3036} INFO - Sync 1 DAGs
[2026-05-13T15:25:27.059+0000] {logging_mixin.py:188} INFO - [2026-05-13T15:25:27.059+0000] {dag.py:3823} INFO - Setting next_dagrun for workshop_etl_3 to None, run_after=None
[2026-05-13T15:25:27.110+0000] {processor.py:183} INFO - Processing /opt/airflow/dags/dag.py took 1.598 seconds
[2026-05-13T15:25:57.390+0000] {processor.py:161} INFO - Started process (PID=7268) to work on /opt/airflow/dags/dag.py
[2026-05-13T15:25:57.393+0000] {processor.py:830} INFO - Processing file /opt/airflow/dags/dag.py for tasks to queue
[2026-05-13T15:25:57.395+0000] {logging_mixin.py:188} INFO - [2026-05-13T15:25:57.395+0000] {dagbag.py:538} INFO - Filling up the DagBag from /opt/airflow/dags/dag.py
[2026-05-13T15:25:59.075+0000] {processor.py:840} INFO - DAG(s) 'workshop_etl_3' retrieved from /opt/airflow/dags/dag.py
[2026-05-13T15:25:59.118+0000] {logging_mixin.py:188} INFO - [2026-05-13T15:25:59.118+0000] {dag.py:3036} INFO - Sync 1 DAGs
[2026-05-13T15:25:59.137+0000] {logging_mixin.py:188} INFO - [2026-05-13T15:25:59.137+0000] {dag.py:3823} INFO - Setting next_dagrun for workshop_etl_3 to None, run_after=None
[2026-05-13T15:25:59.191+0000] {processor.py:183} INFO - Processing /opt/airflow/dags/dag.py took 1.808 seconds
