[2026-05-13T06:06:03.668+0000] {manager.py:469} INFO - Processing files using up to 2 processes at a time 
[2026-05-13T06:06:03.670+0000] {manager.py:470} INFO - Process each file at most once every 30 seconds
[2026-05-13T06:06:03.671+0000] {manager.py:471} INFO - Checking for new files in /opt/airflow/dags every 300 seconds
[2026-05-13T06:06:03.672+0000] {manager.py:738} INFO - Searching for files in /opt/airflow/dags
[2026-05-13T06:06:03.679+0000] {manager.py:741} INFO - There are 0 files in /opt/airflow/dags
[2026-05-13T06:11:04.549+0000] {manager.py:738} INFO - Searching for files in /opt/airflow/dags
[2026-05-13T06:11:04.573+0000] {manager.py:741} INFO - There are 1 files in /opt/airflow/dags
[2026-05-13T06:11:05.629+0000] {manager.py:879} INFO - 
================================================================================
DAG File Processing Stats

File Path                   PID  Runtime      # DAGs    # Errors  Last Runtime    Last Run
------------------------  -----  ---------  --------  ----------  --------------  ----------
/opt/airflow/dags/dag.py    168  1.02s             0           0
================================================================================
[2026-05-13T06:11:35.863+0000] {manager.py:879} INFO - 
================================================================================
DAG File Processing Stats

File Path                 PID    Runtime      # DAGs    # Errors  Last Runtime    Last Run
------------------------  -----  ---------  --------  ----------  --------------  -------------------
/opt/airflow/dags/dag.py                           1           0  1.33s           2026-05-13T06:11:05
================================================================================
[2026-05-13T06:12:06.483+0000] {manager.py:879} INFO - 
================================================================================
DAG File Processing Stats

File Path                 PID    Runtime      # DAGs    # Errors  Last Runtime    Last Run
------------------------  -----  ---------  --------  ----------  --------------  -------------------
/opt/airflow/dags/dag.py                           1           0  0.33s           2026-05-13T06:11:36
================================================================================
[2026-05-13T06:12:37.084+0000] {manager.py:879} INFO - 
================================================================================
DAG File Processing Stats

File Path                 PID    Runtime      # DAGs    # Errors  Last Runtime    Last Run
------------------------  -----  ---------  --------  ----------  --------------  -------------------
/opt/airflow/dags/dag.py                           1           0  0.33s           2026-05-13T06:12:07
================================================================================
[2026-05-13T06:13:07.701+0000] {manager.py:879} INFO - 
================================================================================
DAG File Processing Stats

File Path                 PID    Runtime      # DAGs    # Errors  Last Runtime    Last Run
------------------------  -----  ---------  --------  ----------  --------------  -------------------
/opt/airflow/dags/dag.py                           1           0  0.32s           2026-05-13T06:12:37
================================================================================
[2026-05-13T06:13:38.347+0000] {manager.py:879} INFO - 
================================================================================
DAG File Processing Stats

File Path                 PID    Runtime      # DAGs    # Errors  Last Runtime    Last Run
------------------------  -----  ---------  --------  ----------  --------------  -------------------
/opt/airflow/dags/dag.py                           1           0  0.36s           2026-05-13T06:13:08
================================================================================
[2026-05-13T06:14:08.947+0000] {manager.py:879} INFO - 
================================================================================
DAG File Processing Stats

File Path                 PID    Runtime      # DAGs    # Errors  Last Runtime    Last Run
------------------------  -----  ---------  --------  ----------  --------------  -------------------
/opt/airflow/dags/dag.py                           1           0  0.35s           2026-05-13T06:13:39
================================================================================
[2026-05-13T06:14:39.616+0000] {manager.py:879} INFO - 
================================================================================
DAG File Processing Stats

File Path                 PID    Runtime      # DAGs    # Errors  Last Runtime    Last Run
------------------------  -----  ---------  --------  ----------  --------------  -------------------
/opt/airflow/dags/dag.py                           1           0  0.31s           2026-05-13T06:14:09
================================================================================
[2026-05-13T06:15:10.196+0000] {manager.py:879} INFO - 
================================================================================
DAG File Processing Stats

File Path                 PID    Runtime      # DAGs    # Errors  Last Runtime    Last Run
------------------------  -----  ---------  --------  ----------  --------------  -------------------
/opt/airflow/dags/dag.py                           1           0  0.33s           2026-05-13T06:14:40
================================================================================
[2026-05-13T06:15:40.744+0000] {manager.py:879} INFO - 
================================================================================
DAG File Processing Stats

File Path                 PID    Runtime      # DAGs    # Errors  Last Runtime    Last Run
------------------------  -----  ---------  --------  ----------  --------------  -------------------
/opt/airflow/dags/dag.py                           1           0  0.34s           2026-05-13T06:15:10
================================================================================
[2026-05-13T06:16:04.681+0000] {manager.py:738} INFO - Searching for files in /opt/airflow/dags
[2026-05-13T06:16:04.715+0000] {manager.py:741} INFO - There are 1 files in /opt/airflow/dags
[2026-05-13T06:16:10.800+0000] {manager.py:879} INFO - 
================================================================================
DAG File Processing Stats

File Path                 PID    Runtime      # DAGs    # Errors  Last Runtime    Last Run
------------------------  -----  ---------  --------  ----------  --------------  -------------------
/opt/airflow/dags/dag.py                           1           0  0.34s           2026-05-13T06:15:41
================================================================================
[2026-05-13T06:16:41.103+0000] {manager.py:879} INFO - 
================================================================================
DAG File Processing Stats

File Path                 PID    Runtime      # DAGs    # Errors  Last Runtime    Last Run
------------------------  -----  ---------  --------  ----------  --------------  -------------------
/opt/airflow/dags/dag.py                           1           0  0.32s           2026-05-13T06:16:12
================================================================================
[2026-05-13T06:17:11.924+0000] {manager.py:879} INFO - 
================================================================================
DAG File Processing Stats

File Path                 PID    Runtime      # DAGs    # Errors  Last Runtime    Last Run
------------------------  -----  ---------  --------  ----------  --------------  -------------------
/opt/airflow/dags/dag.py                           0           1  0.36s           2026-05-13T06:17:03
================================================================================
[2026-05-13T06:17:42.668+0000] {manager.py:879} INFO - 
================================================================================
DAG File Processing Stats

File Path                 PID    Runtime      # DAGs    # Errors  Last Runtime    Last Run
------------------------  -----  ---------  --------  ----------  --------------  -------------------
/opt/airflow/dags/dag.py                           0           1  0.35s           2026-05-13T06:17:33
================================================================================
[2026-05-13T06:18:13.073+0000] {manager.py:879} INFO - 
================================================================================
DAG File Processing Stats

File Path                 PID    Runtime      # DAGs    # Errors  Last Runtime    Last Run
------------------------  -----  ---------  --------  ----------  --------------  -------------------
/opt/airflow/dags/dag.py                           0           1  0.30s           2026-05-13T06:18:09
================================================================================
[2026-05-13T06:18:43.794+0000] {manager.py:879} INFO - 
================================================================================
DAG File Processing Stats

File Path                 PID    Runtime      # DAGs    # Errors  Last Runtime    Last Run
------------------------  -----  ---------  --------  ----------  --------------  -------------------
/opt/airflow/dags/dag.py                           0           1  0.34s           2026-05-13T06:18:39
================================================================================
[2026-05-13T06:19:13.932+0000] {manager.py:879} INFO - 
================================================================================
DAG File Processing Stats

File Path                   PID  Runtime      # DAGs    # Errors  Last Runtime    Last Run
------------------------  -----  ---------  --------  ----------  --------------  -------------------
/opt/airflow/dags/dag.py    348  0.01s             0           1  0.36s           2026-05-13T06:19:05
================================================================================
[2026-05-13T06:19:44.065+0000] {manager.py:879} INFO - 
================================================================================
DAG File Processing Stats

File Path                 PID    Runtime      # DAGs    # Errors  Last Runtime    Last Run
------------------------  -----  ---------  --------  ----------  --------------  -------------------
/opt/airflow/dags/dag.py                           0           1  0.32s           2026-05-13T06:19:37
================================================================================
[2026-05-13T06:20:14.631+0000] {manager.py:879} INFO - 
================================================================================
DAG File Processing Stats

File Path                 PID    Runtime      # DAGs    # Errors  Last Runtime    Last Run
------------------------  -----  ---------  --------  ----------  --------------  -------------------
/opt/airflow/dags/dag.py                           0           1  0.32s           2026-05-13T06:20:07
================================================================================
[2026-05-13T06:20:45.202+0000] {manager.py:879} INFO - 
================================================================================
DAG File Processing Stats

File Path                 PID    Runtime      # DAGs    # Errors  Last Runtime    Last Run
------------------------  -----  ---------  --------  ----------  --------------  -------------------
/opt/airflow/dags/dag.py                           0           1  0.28s           2026-05-13T06:20:38
================================================================================
[2026-05-13T06:21:05.347+0000] {manager.py:738} INFO - Searching for files in /opt/airflow/dags
[2026-05-13T06:21:05.377+0000] {manager.py:741} INFO - There are 1 files in /opt/airflow/dags
[2026-05-13T06:21:15.750+0000] {manager.py:879} INFO - 
================================================================================
DAG File Processing Stats

File Path                 PID    Runtime      # DAGs    # Errors  Last Runtime    Last Run
------------------------  -----  ---------  --------  ----------  --------------  -------------------
/opt/airflow/dags/dag.py                           0           1  0.28s           2026-05-13T06:21:08
================================================================================
[2026-05-13T06:21:46.297+0000] {manager.py:879} INFO - 
================================================================================
DAG File Processing Stats

File Path                 PID    Runtime      # DAGs    # Errors  Last Runtime    Last Run
------------------------  -----  ---------  --------  ----------  --------------  -------------------
/opt/airflow/dags/dag.py                           0           1  0.28s           2026-05-13T06:21:39
================================================================================
[2026-05-13T06:22:16.826+0000] {manager.py:879} INFO - 
================================================================================
DAG File Processing Stats

File Path                 PID    Runtime      # DAGs    # Errors  Last Runtime    Last Run
------------------------  -----  ---------  --------  ----------  --------------  -------------------
/opt/airflow/dags/dag.py                           0           1  0.30s           2026-05-13T06:22:10
================================================================================
[2026-05-13T06:22:47.131+0000] {manager.py:879} INFO - 
================================================================================
DAG File Processing Stats

File Path                 PID    Runtime      # DAGs    # Errors  Last Runtime    Last Run
------------------------  -----  ---------  --------  ----------  --------------  -------------------
/opt/airflow/dags/dag.py                           0           1  0.28s           2026-05-13T06:22:40
================================================================================
[2026-05-13T06:23:17.698+0000] {manager.py:879} INFO - 
================================================================================
DAG File Processing Stats

File Path                 PID    Runtime      # DAGs    # Errors  Last Runtime    Last Run
------------------------  -----  ---------  --------  ----------  --------------  -------------------
/opt/airflow/dags/dag.py                           0           1  0.30s           2026-05-13T06:23:10
================================================================================
[2026-05-13T06:23:48.293+0000] {manager.py:879} INFO - 
================================================================================
DAG File Processing Stats

File Path                 PID    Runtime      # DAGs    # Errors  Last Runtime    Last Run
------------------------  -----  ---------  --------  ----------  --------------  -------------------
/opt/airflow/dags/dag.py                           0           1  0.33s           2026-05-13T06:23:41
================================================================================
[2026-05-13T06:24:18.877+0000] {manager.py:879} INFO - 
================================================================================
DAG File Processing Stats

File Path                 PID    Runtime      # DAGs    # Errors  Last Runtime    Last Run
------------------------  -----  ---------  --------  ----------  --------------  -------------------
/opt/airflow/dags/dag.py                           0           1  0.32s           2026-05-13T06:24:12
================================================================================
[2026-05-13T06:24:49.502+0000] {manager.py:879} INFO - 
================================================================================
DAG File Processing Stats

File Path                 PID    Runtime      # DAGs    # Errors  Last Runtime    Last Run
------------------------  -----  ---------  --------  ----------  --------------  -------------------
/opt/airflow/dags/dag.py                           0           1  0.28s           2026-05-13T06:24:42
================================================================================
[2026-05-13T06:25:20.019+0000] {manager.py:879} INFO - 
================================================================================
DAG File Processing Stats

File Path                 PID    Runtime      # DAGs    # Errors  Last Runtime    Last Run
------------------------  -----  ---------  --------  ----------  --------------  -------------------
/opt/airflow/dags/dag.py                           0           1  0.32s           2026-05-13T06:25:13
================================================================================
[2026-05-13T06:25:50.602+0000] {manager.py:879} INFO - 
================================================================================
DAG File Processing Stats

File Path                 PID    Runtime      # DAGs    # Errors  Last Runtime    Last Run
------------------------  -----  ---------  --------  ----------  --------------  -------------------
/opt/airflow/dags/dag.py                           0           1  0.27s           2026-05-13T06:25:43
================================================================================
[2026-05-13T06:26:05.721+0000] {manager.py:738} INFO - Searching for files in /opt/airflow/dags
[2026-05-13T06:26:05.765+0000] {manager.py:741} INFO - There are 1 files in /opt/airflow/dags
[2026-05-13T06:26:21.159+0000] {manager.py:879} INFO - 
================================================================================
DAG File Processing Stats

File Path                 PID    Runtime      # DAGs    # Errors  Last Runtime    Last Run
------------------------  -----  ---------  --------  ----------  --------------  -------------------
/opt/airflow/dags/dag.py                           0           1  0.33s           2026-05-13T06:26:14
================================================================================
[2026-05-13T06:26:51.506+0000] {manager.py:879} INFO - 
================================================================================
DAG File Processing Stats

File Path                 PID    Runtime      # DAGs    # Errors  Last Runtime    Last Run
------------------------  -----  ---------  --------  ----------  --------------  -------------------
/opt/airflow/dags/dag.py                           0           1  0.31s           2026-05-13T06:26:44
================================================================================
[2026-05-13T06:27:22.023+0000] {manager.py:879} INFO - 
================================================================================
DAG File Processing Stats

File Path                 PID    Runtime      # DAGs    # Errors  Last Runtime    Last Run
------------------------  -----  ---------  --------  ----------  --------------  -------------------
/opt/airflow/dags/dag.py                           0           1  0.32s           2026-05-13T06:27:15
================================================================================
[2026-05-13T06:28:08.549+0000] {manager.py:469} INFO - Processing files using up to 2 processes at a time 
[2026-05-13T06:28:08.551+0000] {manager.py:470} INFO - Process each file at most once every 30 seconds
[2026-05-13T06:28:08.553+0000] {manager.py:471} INFO - Checking for new files in /opt/airflow/dags every 300 seconds
[2026-05-13T06:28:08.555+0000] {manager.py:738} INFO - Searching for files in /opt/airflow/dags
[2026-05-13T06:28:08.592+0000] {manager.py:741} INFO - There are 1 files in /opt/airflow/dags
[2026-05-13T06:28:08.721+0000] {manager.py:879} INFO - 
================================================================================
DAG File Processing Stats

File Path                   PID  Runtime      # DAGs    # Errors  Last Runtime    Last Run
------------------------  -----  ---------  --------  ----------  --------------  ----------
/opt/airflow/dags/dag.py    168  0.06s             0           0
================================================================================
[2026-05-13T06:28:38.989+0000] {manager.py:879} INFO - 
================================================================================
DAG File Processing Stats

File Path                 PID    Runtime      # DAGs    # Errors  Last Runtime    Last Run
------------------------  -----  ---------  --------  ----------  --------------  -------------------
/opt/airflow/dags/dag.py                           0           1  1.09s           2026-05-13T06:28:09
================================================================================
[2026-05-13T06:29:09.349+0000] {manager.py:879} INFO - 
================================================================================
DAG File Processing Stats

File Path                 PID    Runtime      # DAGs    # Errors  Last Runtime    Last Run
------------------------  -----  ---------  --------  ----------  --------------  -------------------
/opt/airflow/dags/dag.py                           0           1  0.34s           2026-05-13T06:28:40
================================================================================
[2026-05-13T06:29:39.959+0000] {manager.py:879} INFO - 
================================================================================
DAG File Processing Stats

File Path                 PID    Runtime      # DAGs    # Errors  Last Runtime    Last Run
------------------------  -----  ---------  --------  ----------  --------------  -------------------
/opt/airflow/dags/dag.py                           0           1  0.35s           2026-05-13T06:29:11
================================================================================
[2026-05-13T06:30:10.472+0000] {manager.py:879} INFO - 
================================================================================
DAG File Processing Stats

File Path                 PID    Runtime      # DAGs    # Errors  Last Runtime    Last Run
------------------------  -----  ---------  --------  ----------  --------------  -------------------
/opt/airflow/dags/dag.py                           1           0  0.58s           2026-05-13T06:29:59
================================================================================
[2026-05-13T06:30:40.742+0000] {manager.py:879} INFO - 
================================================================================
DAG File Processing Stats

File Path                 PID    Runtime      # DAGs    # Errors  Last Runtime    Last Run
------------------------  -----  ---------  --------  ----------  --------------  -------------------
/opt/airflow/dags/dag.py                           1           0  0.33s           2026-05-13T06:30:29
================================================================================
[2026-05-13T06:31:11.305+0000] {manager.py:879} INFO - 
================================================================================
DAG File Processing Stats

File Path                 PID    Runtime      # DAGs    # Errors  Last Runtime    Last Run
------------------------  -----  ---------  --------  ----------  --------------  -------------------
/opt/airflow/dags/dag.py                           1           0  0.34s           2026-05-13T06:31:00
================================================================================
[2026-05-13T06:31:41.960+0000] {manager.py:879} INFO - 
================================================================================
DAG File Processing Stats

File Path                 PID    Runtime      # DAGs    # Errors  Last Runtime    Last Run
------------------------  -----  ---------  --------  ----------  --------------  -------------------
/opt/airflow/dags/dag.py                           1           0  0.31s           2026-05-13T06:31:31
================================================================================
[2026-05-13T06:32:12.610+0000] {manager.py:879} INFO - 
================================================================================
DAG File Processing Stats

File Path                 PID    Runtime      # DAGs    # Errors  Last Runtime    Last Run
------------------------  -----  ---------  --------  ----------  --------------  -------------------
/opt/airflow/dags/dag.py                           1           0  0.35s           2026-05-13T06:32:01
================================================================================
[2026-05-13T06:32:43.249+0000] {manager.py:879} INFO - 
================================================================================
DAG File Processing Stats

File Path                 PID    Runtime      # DAGs    # Errors  Last Runtime    Last Run
------------------------  -----  ---------  --------  ----------  --------------  -------------------
/opt/airflow/dags/dag.py                           1           0  0.29s           2026-05-13T06:32:32
================================================================================
[2026-05-13T06:33:08.796+0000] {manager.py:738} INFO - Searching for files in /opt/airflow/dags
[2026-05-13T06:33:08.834+0000] {manager.py:741} INFO - There are 1 files in /opt/airflow/dags
[2026-05-13T06:33:13.894+0000] {manager.py:879} INFO - 
================================================================================
DAG File Processing Stats

File Path                 PID    Runtime      # DAGs    # Errors  Last Runtime    Last Run
------------------------  -----  ---------  --------  ----------  --------------  -------------------
/opt/airflow/dags/dag.py                           1           0  0.33s           2026-05-13T06:33:03
================================================================================
[2026-05-13T06:33:44.478+0000] {manager.py:879} INFO - 
================================================================================
DAG File Processing Stats

File Path                 PID    Runtime      # DAGs    # Errors  Last Runtime    Last Run
------------------------  -----  ---------  --------  ----------  --------------  -------------------
/opt/airflow/dags/dag.py                           1           0  0.37s           2026-05-13T06:33:33
================================================================================
[2026-05-13T06:34:14.815+0000] {manager.py:879} INFO - 
================================================================================
DAG File Processing Stats

File Path                 PID    Runtime      # DAGs    # Errors  Last Runtime    Last Run
------------------------  -----  ---------  --------  ----------  --------------  -------------------
/opt/airflow/dags/dag.py                           1           0  0.33s           2026-05-13T06:34:03
================================================================================
[2026-05-13T06:34:45.342+0000] {manager.py:879} INFO - 
================================================================================
DAG File Processing Stats

File Path                 PID    Runtime      # DAGs    # Errors  Last Runtime    Last Run
------------------------  -----  ---------  --------  ----------  --------------  -------------------
/opt/airflow/dags/dag.py                           1           0  0.38s           2026-05-13T06:34:34
================================================================================
[2026-05-13T06:35:15.728+0000] {manager.py:879} INFO - 
================================================================================
DAG File Processing Stats

File Path                 PID    Runtime      # DAGs    # Errors  Last Runtime    Last Run
------------------------  -----  ---------  --------  ----------  --------------  -------------------
/opt/airflow/dags/dag.py                           1           0  0.41s           2026-05-13T06:35:04
================================================================================
[2026-05-13T06:35:46.313+0000] {manager.py:879} INFO - 
================================================================================
DAG File Processing Stats

File Path                 PID    Runtime      # DAGs    # Errors  Last Runtime    Last Run
------------------------  -----  ---------  --------  ----------  --------------  -------------------
/opt/airflow/dags/dag.py                           1           0  0.38s           2026-05-13T06:35:35
================================================================================
[2026-05-13T06:36:16.934+0000] {manager.py:879} INFO - 
================================================================================
DAG File Processing Stats

File Path                 PID    Runtime      # DAGs    # Errors  Last Runtime    Last Run
------------------------  -----  ---------  --------  ----------  --------------  -------------------
/opt/airflow/dags/dag.py                           1           0  0.36s           2026-05-13T06:36:06
================================================================================
[2026-05-13T06:36:47.539+0000] {manager.py:879} INFO - 
================================================================================
DAG File Processing Stats

File Path                 PID    Runtime      # DAGs    # Errors  Last Runtime    Last Run
------------------------  -----  ---------  --------  ----------  --------------  -------------------
/opt/airflow/dags/dag.py                           1           0  0.34s           2026-05-13T06:36:36
================================================================================
[2026-05-13T06:37:18.153+0000] {manager.py:879} INFO - 
================================================================================
DAG File Processing Stats

File Path                 PID    Runtime      # DAGs    # Errors  Last Runtime    Last Run
------------------------  -----  ---------  --------  ----------  --------------  -------------------
/opt/airflow/dags/dag.py                           1           0  0.37s           2026-05-13T06:37:07
================================================================================
[2026-05-13T06:37:48.302+0000] {manager.py:879} INFO - 
================================================================================
DAG File Processing Stats

File Path                 PID    Runtime      # DAGs    # Errors  Last Runtime    Last Run
------------------------  -----  ---------  --------  ----------  --------------  -------------------
/opt/airflow/dags/dag.py                           1           0  0.47s           2026-05-13T06:37:38
================================================================================
[2026-05-13T06:38:08.846+0000] {manager.py:738} INFO - Searching for files in /opt/airflow/dags
[2026-05-13T06:38:08.899+0000] {manager.py:741} INFO - There are 1 files in /opt/airflow/dags
[2026-05-13T06:38:18.599+0000] {manager.py:879} INFO - 
================================================================================
DAG File Processing Stats

File Path                 PID    Runtime      # DAGs    # Errors  Last Runtime    Last Run
------------------------  -----  ---------  --------  ----------  --------------  -------------------
/opt/airflow/dags/dag.py                           1           0  0.33s           2026-05-13T06:38:08
================================================================================
[2026-05-13T06:38:49.237+0000] {manager.py:879} INFO - 
================================================================================
DAG File Processing Stats

File Path                 PID    Runtime      # DAGs    # Errors  Last Runtime    Last Run
------------------------  -----  ---------  --------  ----------  --------------  -------------------
/opt/airflow/dags/dag.py                           1           0  0.32s           2026-05-13T06:38:39
================================================================================
[2026-05-13T06:39:19.840+0000] {manager.py:879} INFO - 
================================================================================
DAG File Processing Stats

File Path                 PID    Runtime      # DAGs    # Errors  Last Runtime    Last Run
------------------------  -----  ---------  --------  ----------  --------------  -------------------
/opt/airflow/dags/dag.py                           1           0  0.32s           2026-05-13T06:39:10
================================================================================
[2026-05-13T06:39:50.397+0000] {manager.py:879} INFO - 
================================================================================
DAG File Processing Stats

File Path                 PID    Runtime      # DAGs    # Errors  Last Runtime    Last Run
------------------------  -----  ---------  --------  ----------  --------------  -------------------
/opt/airflow/dags/dag.py                           1           0  0.37s           2026-05-13T06:39:40
================================================================================
[2026-05-13T06:40:21.007+0000] {manager.py:879} INFO - 
================================================================================
DAG File Processing Stats

File Path                 PID    Runtime      # DAGs    # Errors  Last Runtime    Last Run
------------------------  -----  ---------  --------  ----------  --------------  -------------------
/opt/airflow/dags/dag.py                           1           0  0.33s           2026-05-13T06:40:11
================================================================================
[2026-05-13T06:40:51.628+0000] {manager.py:879} INFO - 
================================================================================
DAG File Processing Stats

File Path                 PID    Runtime      # DAGs    # Errors  Last Runtime    Last Run
------------------------  -----  ---------  --------  ----------  --------------  -------------------
/opt/airflow/dags/dag.py                           1           0  0.33s           2026-05-13T06:40:41
================================================================================
[2026-05-13T06:41:22.198+0000] {manager.py:879} INFO - 
================================================================================
DAG File Processing Stats

File Path                 PID    Runtime      # DAGs    # Errors  Last Runtime    Last Run
------------------------  -----  ---------  --------  ----------  --------------  -------------------
/opt/airflow/dags/dag.py                           1           0  0.32s           2026-05-13T06:41:12
================================================================================
[2026-05-13T06:41:52.725+0000] {manager.py:879} INFO - 
================================================================================
DAG File Processing Stats

File Path                 PID    Runtime      # DAGs    # Errors  Last Runtime    Last Run
------------------------  -----  ---------  --------  ----------  --------------  -------------------
/opt/airflow/dags/dag.py                           1           0  0.35s           2026-05-13T06:41:43
================================================================================
[2026-05-13T06:42:23.290+0000] {manager.py:879} INFO - 
================================================================================
DAG File Processing Stats

File Path                 PID    Runtime      # DAGs    # Errors  Last Runtime    Last Run
------------------------  -----  ---------  --------  ----------  --------------  -------------------
/opt/airflow/dags/dag.py                           1           0  0.35s           2026-05-13T06:42:13
================================================================================
[2026-05-13T06:42:53.833+0000] {manager.py:879} INFO - 
================================================================================
DAG File Processing Stats

File Path                 PID    Runtime      # DAGs    # Errors  Last Runtime    Last Run
------------------------  -----  ---------  --------  ----------  --------------  -------------------
/opt/airflow/dags/dag.py                           1           0  0.34s           2026-05-13T06:42:44
================================================================================
[2026-05-13T06:43:08.947+0000] {manager.py:738} INFO - Searching for files in /opt/airflow/dags
[2026-05-13T06:43:08.976+0000] {manager.py:741} INFO - There are 1 files in /opt/airflow/dags
[2026-05-13T06:43:24.504+0000] {manager.py:879} INFO - 
================================================================================
DAG File Processing Stats

File Path                 PID    Runtime      # DAGs    # Errors  Last Runtime    Last Run
------------------------  -----  ---------  --------  ----------  --------------  -------------------
/opt/airflow/dags/dag.py                           1           0  0.33s           2026-05-13T06:43:14
================================================================================
[2026-05-13T06:43:54.530+0000] {manager.py:879} INFO - 
================================================================================
DAG File Processing Stats

File Path                 PID    Runtime      # DAGs    # Errors  Last Runtime    Last Run
------------------------  -----  ---------  --------  ----------  --------------  -------------------
/opt/airflow/dags/dag.py                           1           0  0.43s           2026-05-13T06:43:45
================================================================================
[2026-05-13T06:44:24.799+0000] {manager.py:879} INFO - 
================================================================================
DAG File Processing Stats

File Path                 PID    Runtime      # DAGs    # Errors  Last Runtime    Last Run
------------------------  -----  ---------  --------  ----------  --------------  -------------------
/opt/airflow/dags/dag.py                           1           0  0.35s           2026-05-13T06:44:16
================================================================================
[2026-05-13T06:44:55.422+0000] {manager.py:879} INFO - 
================================================================================
DAG File Processing Stats

File Path                 PID    Runtime      # DAGs    # Errors  Last Runtime    Last Run
------------------------  -----  ---------  --------  ----------  --------------  -------------------
/opt/airflow/dags/dag.py                           1           0  0.33s           2026-05-13T06:44:46
================================================================================
[2026-05-13T06:45:26.012+0000] {manager.py:879} INFO - 
================================================================================
DAG File Processing Stats

File Path                 PID    Runtime      # DAGs    # Errors  Last Runtime    Last Run
------------------------  -----  ---------  --------  ----------  --------------  -------------------
/opt/airflow/dags/dag.py                           1           0  0.32s           2026-05-13T06:45:17
================================================================================
[2026-05-13T06:45:56.623+0000] {manager.py:879} INFO - 
================================================================================
DAG File Processing Stats

File Path                 PID    Runtime      # DAGs    # Errors  Last Runtime    Last Run
------------------------  -----  ---------  --------  ----------  --------------  -------------------
/opt/airflow/dags/dag.py                           1           0  0.38s           2026-05-13T06:45:47
================================================================================
[2026-05-13T06:46:26.697+0000] {manager.py:879} INFO - 
================================================================================
DAG File Processing Stats

File Path                 PID    Runtime      # DAGs    # Errors  Last Runtime    Last Run
------------------------  -----  ---------  --------  ----------  --------------  -------------------
/opt/airflow/dags/dag.py                           1           0  0.41s           2026-05-13T06:46:18
================================================================================
[2026-05-13T06:46:57.007+0000] {manager.py:879} INFO - 
================================================================================
DAG File Processing Stats

File Path                 PID    Runtime      # DAGs    # Errors  Last Runtime    Last Run
------------------------  -----  ---------  --------  ----------  --------------  -------------------
/opt/airflow/dags/dag.py                           1           0  0.33s           2026-05-13T06:46:49
================================================================================
[2026-05-13T06:47:27.609+0000] {manager.py:879} INFO - 
================================================================================
DAG File Processing Stats

File Path                 PID    Runtime      # DAGs    # Errors  Last Runtime    Last Run
------------------------  -----  ---------  --------  ----------  --------------  -------------------
/opt/airflow/dags/dag.py                           1           0  0.32s           2026-05-13T06:47:19
================================================================================
[2026-05-13T06:47:58.235+0000] {manager.py:879} INFO - 
================================================================================
DAG File Processing Stats

File Path                 PID    Runtime      # DAGs    # Errors  Last Runtime    Last Run
------------------------  -----  ---------  --------  ----------  --------------  -------------------
/opt/airflow/dags/dag.py                           1           0  0.33s           2026-05-13T06:47:50
================================================================================
[2026-05-13T06:48:09.346+0000] {manager.py:738} INFO - Searching for files in /opt/airflow/dags
[2026-05-13T06:48:09.379+0000] {manager.py:741} INFO - There are 1 files in /opt/airflow/dags
[2026-05-13T06:48:28.842+0000] {manager.py:879} INFO - 
================================================================================
DAG File Processing Stats

File Path                 PID    Runtime      # DAGs    # Errors  Last Runtime    Last Run
------------------------  -----  ---------  --------  ----------  --------------  -------------------
/opt/airflow/dags/dag.py                           1           0  0.31s           2026-05-13T06:48:20
================================================================================
[2026-05-13T06:48:59.162+0000] {manager.py:879} INFO - 
================================================================================
DAG File Processing Stats

File Path                 PID    Runtime      # DAGs    # Errors  Last Runtime    Last Run
------------------------  -----  ---------  --------  ----------  --------------  -------------------
/opt/airflow/dags/dag.py                           1           0  0.32s           2026-05-13T06:48:51
================================================================================
[2026-05-13T06:49:29.706+0000] {manager.py:879} INFO - 
================================================================================
DAG File Processing Stats

File Path                 PID    Runtime      # DAGs    # Errors  Last Runtime    Last Run
------------------------  -----  ---------  --------  ----------  --------------  -------------------
/opt/airflow/dags/dag.py                           1           0  0.32s           2026-05-13T06:49:21
================================================================================
[2026-05-13T06:50:00.366+0000] {manager.py:879} INFO - 
================================================================================
DAG File Processing Stats

File Path                 PID    Runtime      # DAGs    # Errors  Last Runtime    Last Run
------------------------  -----  ---------  --------  ----------  --------------  -------------------
/opt/airflow/dags/dag.py                           1           0  0.32s           2026-05-13T06:49:52
================================================================================
[2026-05-13T06:50:30.969+0000] {manager.py:879} INFO - 
================================================================================
DAG File Processing Stats

File Path                 PID    Runtime      # DAGs    # Errors  Last Runtime    Last Run
------------------------  -----  ---------  --------  ----------  --------------  -------------------
/opt/airflow/dags/dag.py                           1           0  0.34s           2026-05-13T06:50:23
================================================================================
[2026-05-13T06:51:01.618+0000] {manager.py:879} INFO - 
================================================================================
DAG File Processing Stats

File Path                 PID    Runtime      # DAGs    # Errors  Last Runtime    Last Run
------------------------  -----  ---------  --------  ----------  --------------  -------------------
/opt/airflow/dags/dag.py                           1           0  0.31s           2026-05-13T06:50:53
================================================================================
[2026-05-13T06:51:32.233+0000] {manager.py:879} INFO - 
================================================================================
DAG File Processing Stats

File Path                 PID    Runtime      # DAGs    # Errors  Last Runtime    Last Run
------------------------  -----  ---------  --------  ----------  --------------  -------------------
/opt/airflow/dags/dag.py                           1           0  0.35s           2026-05-13T06:51:24
================================================================================
[2026-05-13T06:52:02.813+0000] {manager.py:879} INFO - 
================================================================================
DAG File Processing Stats

File Path                 PID    Runtime      # DAGs    # Errors  Last Runtime    Last Run
------------------------  -----  ---------  --------  ----------  --------------  -------------------
/opt/airflow/dags/dag.py                           1           0  0.35s           2026-05-13T06:51:55
================================================================================
[2026-05-13T06:52:32.874+0000] {manager.py:879} INFO - 
================================================================================
DAG File Processing Stats

File Path                 PID    Runtime      # DAGs    # Errors  Last Runtime    Last Run
------------------------  -----  ---------  --------  ----------  --------------  -------------------
/opt/airflow/dags/dag.py                           1           0  0.42s           2026-05-13T06:52:25
================================================================================
[2026-05-13T06:53:03.131+0000] {manager.py:879} INFO - 
================================================================================
DAG File Processing Stats

File Path                 PID    Runtime      # DAGs    # Errors  Last Runtime    Last Run
------------------------  -----  ---------  --------  ----------  --------------  -------------------
/opt/airflow/dags/dag.py                           0           1  0.30s           2026-05-13T06:52:56
================================================================================
[2026-05-13T06:53:09.482+0000] {manager.py:738} INFO - Searching for files in /opt/airflow/dags
[2026-05-13T06:53:09.507+0000] {manager.py:741} INFO - There are 1 files in /opt/airflow/dags
[2026-05-13T06:53:33.185+0000] {manager.py:879} INFO - 
================================================================================
DAG File Processing Stats

File Path                 PID    Runtime      # DAGs    # Errors  Last Runtime    Last Run
------------------------  -----  ---------  --------  ----------  --------------  -------------------
/opt/airflow/dags/dag.py                           1           0  0.44s           2026-05-13T06:53:27
================================================================================
[2026-05-13T06:54:03.463+0000] {manager.py:879} INFO - 
================================================================================
DAG File Processing Stats

File Path                 PID    Runtime      # DAGs    # Errors  Last Runtime    Last Run
------------------------  -----  ---------  --------  ----------  --------------  -------------------
/opt/airflow/dags/dag.py                           1           0  0.41s           2026-05-13T06:53:57
================================================================================
[2026-05-13T06:54:33.613+0000] {manager.py:879} INFO - 
================================================================================
DAG File Processing Stats

File Path                 PID    Runtime      # DAGs    # Errors  Last Runtime    Last Run
------------------------  -----  ---------  --------  ----------  --------------  -------------------
/opt/airflow/dags/dag.py                           1           0  0.41s           2026-05-13T06:54:28
================================================================================
[2026-05-13T06:55:03.911+0000] {manager.py:879} INFO - 
================================================================================
DAG File Processing Stats

File Path                 PID    Runtime      # DAGs    # Errors  Last Runtime    Last Run
------------------------  -----  ---------  --------  ----------  --------------  -------------------
/opt/airflow/dags/dag.py                           1           0  0.46s           2026-05-13T06:54:59
================================================================================
[2026-05-13T06:55:33.996+0000] {manager.py:879} INFO - 
================================================================================
DAG File Processing Stats

File Path                 PID    Runtime      # DAGs    # Errors  Last Runtime    Last Run
------------------------  -----  ---------  --------  ----------  --------------  -------------------
/opt/airflow/dags/dag.py                           1           0  0.38s           2026-05-13T06:55:29
================================================================================
[2026-05-13T06:56:04.265+0000] {manager.py:879} INFO - 
================================================================================
DAG File Processing Stats

File Path                 PID    Runtime      # DAGs    # Errors  Last Runtime    Last Run
------------------------  -----  ---------  --------  ----------  --------------  -------------------
/opt/airflow/dags/dag.py                           1           0  0.36s           2026-05-13T06:56:00
================================================================================
[2026-05-13T06:56:34.877+0000] {manager.py:879} INFO - 
================================================================================
DAG File Processing Stats

File Path                 PID    Runtime      # DAGs    # Errors  Last Runtime    Last Run
------------------------  -----  ---------  --------  ----------  --------------  -------------------
/opt/airflow/dags/dag.py                           0           1  0.36s           2026-05-13T06:56:31
================================================================================
[2026-05-13T06:57:04.886+0000] {manager.py:879} INFO - 
================================================================================
DAG File Processing Stats

File Path                 PID    Runtime      # DAGs    # Errors  Last Runtime    Last Run
------------------------  -----  ---------  --------  ----------  --------------  -------------------
/opt/airflow/dags/dag.py                           1           0  0.38s           2026-05-13T06:57:01
================================================================================
[2026-05-13T06:57:35.129+0000] {manager.py:879} INFO - 
================================================================================
DAG File Processing Stats

File Path                 PID    Runtime      # DAGs    # Errors  Last Runtime    Last Run
------------------------  -----  ---------  --------  ----------  --------------  -------------------
/opt/airflow/dags/dag.py                           1           0  0.40s           2026-05-13T06:57:32
================================================================================
[2026-05-13T06:58:05.200+0000] {manager.py:879} INFO - 
================================================================================
DAG File Processing Stats

File Path                 PID    Runtime      # DAGs    # Errors  Last Runtime    Last Run
------------------------  -----  ---------  --------  ----------  --------------  -------------------
/opt/airflow/dags/dag.py                           1           0  0.41s           2026-05-13T06:58:03
================================================================================
[2026-05-13T06:58:09.827+0000] {manager.py:738} INFO - Searching for files in /opt/airflow/dags
[2026-05-13T06:58:09.900+0000] {manager.py:741} INFO - There are 1 files in /opt/airflow/dags
[2026-05-13T06:58:35.464+0000] {manager.py:879} INFO - 
================================================================================
DAG File Processing Stats

File Path                 PID    Runtime      # DAGs    # Errors  Last Runtime    Last Run
------------------------  -----  ---------  --------  ----------  --------------  -------------------
/opt/airflow/dags/dag.py                           1           0  0.36s           2026-05-13T06:58:33
================================================================================
[2026-05-13T06:59:06.070+0000] {manager.py:879} INFO - 
================================================================================
DAG File Processing Stats

File Path                 PID    Runtime      # DAGs    # Errors  Last Runtime    Last Run
------------------------  -----  ---------  --------  ----------  --------------  -------------------
/opt/airflow/dags/dag.py                           1           0  0.35s           2026-05-13T06:59:04
================================================================================
[2026-05-13T06:59:36.707+0000] {manager.py:879} INFO - 
================================================================================
DAG File Processing Stats

File Path                 PID    Runtime      # DAGs    # Errors  Last Runtime    Last Run
------------------------  -----  ---------  --------  ----------  --------------  -------------------
/opt/airflow/dags/dag.py                           1           0  0.32s           2026-05-13T06:59:35
================================================================================
[2026-05-13T07:00:07.307+0000] {manager.py:879} INFO - 
================================================================================
DAG File Processing Stats

File Path                 PID    Runtime      # DAGs    # Errors  Last Runtime    Last Run
------------------------  -----  ---------  --------  ----------  --------------  -------------------
/opt/airflow/dags/dag.py                           1           0  0.34s           2026-05-13T07:00:05
================================================================================
[2026-05-13T07:00:37.344+0000] {manager.py:879} INFO - 
================================================================================
DAG File Processing Stats

File Path                 PID    Runtime      # DAGs    # Errors  Last Runtime    Last Run
------------------------  -----  ---------  --------  ----------  --------------  -------------------
/opt/airflow/dags/dag.py                           1           0  0.41s           2026-05-13T07:00:36
================================================================================
[2026-05-13T07:01:07.533+0000] {manager.py:879} INFO - 
================================================================================
DAG File Processing Stats

File Path                 PID    Runtime      # DAGs    # Errors  Last Runtime    Last Run
------------------------  -----  ---------  --------  ----------  --------------  -------------------
/opt/airflow/dags/dag.py                           1           0  0.35s           2026-05-13T07:01:06
================================================================================
[2026-05-13T07:01:37.539+0000] {manager.py:879} INFO - 
================================================================================
DAG File Processing Stats

File Path                 PID    Runtime      # DAGs    # Errors  Last Runtime    Last Run
------------------------  -----  ---------  --------  ----------  --------------  -------------------
/opt/airflow/dags/dag.py                           1           0  0.36s           2026-05-13T07:01:37
================================================================================
[2026-05-13T07:02:07.853+0000] {manager.py:879} INFO - 
================================================================================
DAG File Processing Stats

File Path                   PID  Runtime      # DAGs    # Errors  Last Runtime    Last Run
------------------------  -----  ---------  --------  ----------  --------------  -------------------
/opt/airflow/dags/dag.py    677  0.01s             1           0  0.36s           2026-05-13T07:01:37
================================================================================
[2026-05-13T07:02:38.098+0000] {manager.py:879} INFO - 
================================================================================
DAG File Processing Stats

File Path                 PID    Runtime      # DAGs    # Errors  Last Runtime    Last Run
------------------------  -----  ---------  --------  ----------  --------------  -------------------
/opt/airflow/dags/dag.py                           1           0  0.37s           2026-05-13T07:02:08
================================================================================
[2026-05-13T07:03:08.117+0000] {manager.py:879} INFO - 
================================================================================
DAG File Processing Stats

File Path                 PID    Runtime      # DAGs    # Errors  Last Runtime    Last Run
------------------------  -----  ---------  --------  ----------  --------------  -------------------
/opt/airflow/dags/dag.py                           1           0  0.34s           2026-05-13T07:02:38
================================================================================
[2026-05-13T07:03:10.154+0000] {manager.py:738} INFO - Searching for files in /opt/airflow/dags
[2026-05-13T07:03:10.222+0000] {manager.py:741} INFO - There are 1 files in /opt/airflow/dags
[2026-05-13T07:03:38.528+0000] {manager.py:879} INFO - 
================================================================================
DAG File Processing Stats

File Path                 PID    Runtime      # DAGs    # Errors  Last Runtime    Last Run
------------------------  -----  ---------  --------  ----------  --------------  -------------------
/opt/airflow/dags/dag.py                           1           0  0.31s           2026-05-13T07:03:09
================================================================================
[2026-05-13T07:04:09.034+0000] {manager.py:879} INFO - 
================================================================================
DAG File Processing Stats

File Path                 PID    Runtime      # DAGs    # Errors  Last Runtime    Last Run
------------------------  -----  ---------  --------  ----------  --------------  -------------------
/opt/airflow/dags/dag.py                           1           0  0.33s           2026-05-13T07:03:39
================================================================================
[2026-05-13T07:04:39.389+0000] {manager.py:879} INFO - 
================================================================================
DAG File Processing Stats

File Path                 PID    Runtime      # DAGs    # Errors  Last Runtime    Last Run
------------------------  -----  ---------  --------  ----------  --------------  -------------------
/opt/airflow/dags/dag.py                           1           0  0.34s           2026-05-13T07:04:10
================================================================================
[2026-05-13T07:05:09.894+0000] {manager.py:879} INFO - 
================================================================================
DAG File Processing Stats

File Path                 PID    Runtime      # DAGs    # Errors  Last Runtime    Last Run
------------------------  -----  ---------  --------  ----------  --------------  -------------------
/opt/airflow/dags/dag.py                           1           0  0.36s           2026-05-13T07:04:40
================================================================================
[2026-05-13T07:05:40.294+0000] {manager.py:879} INFO - 
================================================================================
DAG File Processing Stats

File Path                 PID    Runtime      # DAGs    # Errors  Last Runtime    Last Run
------------------------  -----  ---------  --------  ----------  --------------  -------------------
/opt/airflow/dags/dag.py                           1           0  0.31s           2026-05-13T07:05:11
================================================================================
[2026-05-13T07:06:10.794+0000] {manager.py:879} INFO - 
================================================================================
DAG File Processing Stats

File Path                 PID    Runtime      # DAGs    # Errors  Last Runtime    Last Run
------------------------  -----  ---------  --------  ----------  --------------  -------------------
/opt/airflow/dags/dag.py                           1           0  0.34s           2026-05-13T07:05:41
================================================================================
[2026-05-13T07:06:41.212+0000] {manager.py:879} INFO - 
================================================================================
DAG File Processing Stats

File Path                 PID    Runtime      # DAGs    # Errors  Last Runtime    Last Run
------------------------  -----  ---------  --------  ----------  --------------  -------------------
/opt/airflow/dags/dag.py                           1           0  0.32s           2026-05-13T07:06:12
================================================================================
[2026-05-13T07:07:11.677+0000] {manager.py:879} INFO - 
================================================================================
DAG File Processing Stats

File Path                 PID    Runtime      # DAGs    # Errors  Last Runtime    Last Run
------------------------  -----  ---------  --------  ----------  --------------  -------------------
/opt/airflow/dags/dag.py                           1           0  0.33s           2026-05-13T07:06:42
================================================================================
[2026-05-13T07:07:42.083+0000] {manager.py:879} INFO - 
================================================================================
DAG File Processing Stats

File Path                 PID    Runtime      # DAGs    # Errors  Last Runtime    Last Run
------------------------  -----  ---------  --------  ----------  --------------  -------------------
/opt/airflow/dags/dag.py                           1           0  0.37s           2026-05-13T07:07:13
================================================================================
[2026-05-13T07:08:10.544+0000] {manager.py:738} INFO - Searching for files in /opt/airflow/dags
[2026-05-13T07:08:10.571+0000] {manager.py:741} INFO - There are 1 files in /opt/airflow/dags
[2026-05-13T07:08:12.598+0000] {manager.py:879} INFO - 
================================================================================
DAG File Processing Stats

File Path                 PID    Runtime      # DAGs    # Errors  Last Runtime    Last Run
------------------------  -----  ---------  --------  ----------  --------------  -------------------
/opt/airflow/dags/dag.py                           1           0  0.35s           2026-05-13T07:07:43
================================================================================
[2026-05-13T07:08:43.010+0000] {manager.py:879} INFO - 
================================================================================
DAG File Processing Stats

File Path                 PID    Runtime      # DAGs    # Errors  Last Runtime    Last Run
------------------------  -----  ---------  --------  ----------  --------------  -------------------
/opt/airflow/dags/dag.py                           1           0  0.34s           2026-05-13T07:08:13
================================================================================
[2026-05-13T07:09:13.512+0000] {manager.py:879} INFO - 
================================================================================
DAG File Processing Stats

File Path                 PID    Runtime      # DAGs    # Errors  Last Runtime    Last Run
------------------------  -----  ---------  --------  ----------  --------------  -------------------
/opt/airflow/dags/dag.py                           1           0  0.33s           2026-05-13T07:08:44
================================================================================
[2026-05-13T07:09:43.915+0000] {manager.py:879} INFO - 
================================================================================
DAG File Processing Stats

File Path                 PID    Runtime      # DAGs    # Errors  Last Runtime    Last Run
------------------------  -----  ---------  --------  ----------  --------------  -------------------
/opt/airflow/dags/dag.py                           1           0  0.33s           2026-05-13T07:09:14
================================================================================
[2026-05-13T07:10:14.442+0000] {manager.py:879} INFO - 
================================================================================
DAG File Processing Stats

File Path                 PID    Runtime      # DAGs    # Errors  Last Runtime    Last Run
------------------------  -----  ---------  --------  ----------  --------------  -------------------
/opt/airflow/dags/dag.py                           1           0  0.35s           2026-05-13T07:09:45
================================================================================
[2026-05-13T07:10:44.805+0000] {manager.py:879} INFO - 
================================================================================
DAG File Processing Stats

File Path                 PID    Runtime      # DAGs    # Errors  Last Runtime    Last Run
------------------------  -----  ---------  --------  ----------  --------------  -------------------
/opt/airflow/dags/dag.py                           1           0  0.31s           2026-05-13T07:10:15
================================================================================
[2026-05-13T07:11:15.317+0000] {manager.py:879} INFO - 
================================================================================
DAG File Processing Stats

File Path                 PID    Runtime      # DAGs    # Errors  Last Runtime    Last Run
------------------------  -----  ---------  --------  ----------  --------------  -------------------
/opt/airflow/dags/dag.py                           1           0  0.35s           2026-05-13T07:10:46
================================================================================
[2026-05-13T07:11:45.687+0000] {manager.py:879} INFO - 
================================================================================
DAG File Processing Stats

File Path                 PID    Runtime      # DAGs    # Errors  Last Runtime    Last Run
------------------------  -----  ---------  --------  ----------  --------------  -------------------
/opt/airflow/dags/dag.py                           1           0  0.39s           2026-05-13T07:11:16
================================================================================
[2026-05-13T07:12:16.234+0000] {manager.py:879} INFO - 
================================================================================
DAG File Processing Stats

File Path                 PID    Runtime      # DAGs    # Errors  Last Runtime    Last Run
------------------------  -----  ---------  --------  ----------  --------------  -------------------
/opt/airflow/dags/dag.py                           1           0  0.33s           2026-05-13T07:11:47
================================================================================
[2026-05-13T07:12:46.849+0000] {manager.py:879} INFO - 
================================================================================
DAG File Processing Stats

File Path                 PID    Runtime      # DAGs    # Errors  Last Runtime    Last Run
------------------------  -----  ---------  --------  ----------  --------------  -------------------
/opt/airflow/dags/dag.py                           1           0  0.35s           2026-05-13T07:12:17
================================================================================
[2026-05-13T07:13:10.710+0000] {manager.py:738} INFO - Searching for files in /opt/airflow/dags
[2026-05-13T07:13:10.750+0000] {manager.py:741} INFO - There are 1 files in /opt/airflow/dags
[2026-05-13T07:13:17.490+0000] {manager.py:879} INFO - 
================================================================================
DAG File Processing Stats

File Path                 PID    Runtime      # DAGs    # Errors  Last Runtime    Last Run
------------------------  -----  ---------  --------  ----------  --------------  -------------------
/opt/airflow/dags/dag.py                           1           0  0.31s           2026-05-13T07:12:48
================================================================================
[2026-05-13T07:13:48.142+0000] {manager.py:879} INFO - 
================================================================================
DAG File Processing Stats

File Path                 PID    Runtime      # DAGs    # Errors  Last Runtime    Last Run
------------------------  -----  ---------  --------  ----------  --------------  -------------------
/opt/airflow/dags/dag.py                           1           0  0.35s           2026-05-13T07:13:19
================================================================================
[2026-05-13T07:14:18.735+0000] {manager.py:879} INFO - 
================================================================================
DAG File Processing Stats

File Path                 PID    Runtime      # DAGs    # Errors  Last Runtime    Last Run
------------------------  -----  ---------  --------  ----------  --------------  -------------------
/opt/airflow/dags/dag.py                           1           0  0.35s           2026-05-13T07:13:49
================================================================================
[2026-05-13T07:14:49.408+0000] {manager.py:879} INFO - 
================================================================================
DAG File Processing Stats

File Path                 PID    Runtime      # DAGs    # Errors  Last Runtime    Last Run
------------------------  -----  ---------  --------  ----------  --------------  -------------------
/opt/airflow/dags/dag.py                           1           0  0.36s           2026-05-13T07:14:20
================================================================================
[2026-05-13T07:15:20.007+0000] {manager.py:879} INFO - 
================================================================================
DAG File Processing Stats

File Path                 PID    Runtime      # DAGs    # Errors  Last Runtime    Last Run
------------------------  -----  ---------  --------  ----------  --------------  -------------------
/opt/airflow/dags/dag.py                           1           0  0.38s           2026-05-13T07:14:51
================================================================================
[2026-05-13T07:15:50.593+0000] {manager.py:879} INFO - 
================================================================================
DAG File Processing Stats

File Path                 PID    Runtime      # DAGs    # Errors  Last Runtime    Last Run
------------------------  -----  ---------  --------  ----------  --------------  -------------------
/opt/airflow/dags/dag.py                           1           0  0.36s           2026-05-13T07:15:21
================================================================================
[2026-05-13T07:16:21.271+0000] {manager.py:879} INFO - 
================================================================================
DAG File Processing Stats

File Path                 PID    Runtime      # DAGs    # Errors  Last Runtime    Last Run
------------------------  -----  ---------  --------  ----------  --------------  -------------------
/opt/airflow/dags/dag.py                           1           0  0.31s           2026-05-13T07:15:52
================================================================================
[2026-05-13T07:16:51.833+0000] {manager.py:879} INFO - 
================================================================================
DAG File Processing Stats

File Path                 PID    Runtime      # DAGs    # Errors  Last Runtime    Last Run
------------------------  -----  ---------  --------  ----------  --------------  -------------------
/opt/airflow/dags/dag.py                           1           0  0.38s           2026-05-13T07:16:22
================================================================================
[2026-05-13T07:17:22.505+0000] {manager.py:879} INFO - 
================================================================================
DAG File Processing Stats

File Path                 PID    Runtime      # DAGs    # Errors  Last Runtime    Last Run
------------------------  -----  ---------  --------  ----------  --------------  -------------------
/opt/airflow/dags/dag.py                           1           0  0.30s           2026-05-13T07:16:53
================================================================================
[2026-05-13T07:17:53.091+0000] {manager.py:879} INFO - 
================================================================================
DAG File Processing Stats

File Path                 PID    Runtime      # DAGs    # Errors  Last Runtime    Last Run
------------------------  -----  ---------  --------  ----------  --------------  -------------------
/opt/airflow/dags/dag.py                           1           0  0.35s           2026-05-13T07:17:24
================================================================================
[2026-05-13T07:18:11.230+0000] {manager.py:738} INFO - Searching for files in /opt/airflow/dags
[2026-05-13T07:18:11.258+0000] {manager.py:741} INFO - There are 1 files in /opt/airflow/dags
[2026-05-13T07:18:23.384+0000] {manager.py:879} INFO - 
================================================================================
DAG File Processing Stats

File Path                 PID    Runtime      # DAGs    # Errors  Last Runtime    Last Run
------------------------  -----  ---------  --------  ----------  --------------  -------------------
/opt/airflow/dags/dag.py                           1           0  0.54s           2026-05-13T07:17:55
================================================================================
[2026-05-13T07:18:53.666+0000] {manager.py:879} INFO - 
================================================================================
DAG File Processing Stats

File Path                 PID    Runtime      # DAGs    # Errors  Last Runtime    Last Run
------------------------  -----  ---------  --------  ----------  --------------  -------------------
/opt/airflow/dags/dag.py                           1           0  0.39s           2026-05-13T07:18:25
================================================================================
[2026-05-13T07:19:23.987+0000] {manager.py:879} INFO - 
================================================================================
DAG File Processing Stats

File Path                   PID  Runtime      # DAGs    # Errors  Last Runtime    Last Run
------------------------  -----  ---------  --------  ----------  --------------  -------------------
/opt/airflow/dags/dag.py    902  0.00s             0           1  0.10s           2026-05-13T07:19:21
================================================================================
[2026-05-13T07:19:54.378+0000] {manager.py:879} INFO - 
================================================================================
DAG File Processing Stats

File Path                 PID    Runtime      # DAGs    # Errors  Last Runtime    Last Run
------------------------  -----  ---------  --------  ----------  --------------  -------------------
/opt/airflow/dags/dag.py                           1           0  1.53s           2026-05-13T07:19:47
================================================================================
[2026-05-13T07:20:24.468+0000] {manager.py:879} INFO - 
================================================================================
DAG File Processing Stats

File Path                 PID    Runtime      # DAGs    # Errors  Last Runtime    Last Run
------------------------  -----  ---------  --------  ----------  --------------  -------------------
/opt/airflow/dags/dag.py                           1           0  0.90s           2026-05-13T07:20:22
================================================================================
[2026-05-13T07:20:54.588+0000] {manager.py:879} INFO - 
================================================================================
DAG File Processing Stats

File Path                 PID    Runtime      # DAGs    # Errors  Last Runtime    Last Run
------------------------  -----  ---------  --------  ----------  --------------  -------------------
/opt/airflow/dags/dag.py                           0           1  0.84s           2026-05-13T07:20:49
================================================================================
[2026-05-13T07:21:25.336+0000] {manager.py:879} INFO - 
================================================================================
DAG File Processing Stats

File Path                 PID    Runtime      # DAGs    # Errors  Last Runtime    Last Run
------------------------  -----  ---------  --------  ----------  --------------  -------------------
/opt/airflow/dags/dag.py                           0           1  0.08s           2026-05-13T07:21:21
================================================================================
[2026-05-13T07:21:55.855+0000] {manager.py:879} INFO - 
================================================================================
DAG File Processing Stats

File Path                 PID    Runtime      # DAGs    # Errors  Last Runtime    Last Run
------------------------  -----  ---------  --------  ----------  --------------  -------------------
/opt/airflow/dags/dag.py                           0           1  0.09s           2026-05-13T07:21:47
================================================================================
[2026-05-13T07:22:26.527+0000] {manager.py:879} INFO - 
================================================================================
DAG File Processing Stats

File Path                 PID    Runtime      # DAGs    # Errors  Last Runtime    Last Run
------------------------  -----  ---------  --------  ----------  --------------  -------------------
/opt/airflow/dags/dag.py                           0           1  0.11s           2026-05-13T07:22:22
================================================================================
[2026-05-13T07:22:56.893+0000] {manager.py:879} INFO - 
================================================================================
DAG File Processing Stats

File Path                   PID  Runtime      # DAGs    # Errors  Last Runtime    Last Run
------------------------  -----  ---------  --------  ----------  --------------  -------------------
/opt/airflow/dags/dag.py   1283  0.00s             0           1  0.07s           2026-05-13T07:22:45
================================================================================
[2026-05-13T07:23:12.111+0000] {manager.py:738} INFO - Searching for files in /opt/airflow/dags
[2026-05-13T07:23:12.141+0000] {manager.py:741} INFO - There are 1 files in /opt/airflow/dags
[2026-05-13T07:23:27.346+0000] {manager.py:879} INFO - 
================================================================================
DAG File Processing Stats

File Path                   PID  Runtime      # DAGs    # Errors  Last Runtime    Last Run
------------------------  -----  ---------  --------  ----------  --------------  -------------------
/opt/airflow/dags/dag.py   1293  0.01s             0           1  0.09s           2026-05-13T07:22:59
================================================================================
[2026-05-13T07:23:58.036+0000] {manager.py:879} INFO - 
================================================================================
DAG File Processing Stats

File Path                 PID    Runtime      # DAGs    # Errors  Last Runtime    Last Run
------------------------  -----  ---------  --------  ----------  --------------  -------------------
/opt/airflow/dags/dag.py                           0           1  0.09s           2026-05-13T07:23:54
================================================================================
[2026-05-13T07:24:28.399+0000] {manager.py:879} INFO - 
================================================================================
DAG File Processing Stats

File Path                 PID    Runtime      # DAGs    # Errors  Last Runtime    Last Run
------------------------  -----  ---------  --------  ----------  --------------  -------------------
/opt/airflow/dags/dag.py                           0           1  0.07s           2026-05-13T07:24:21
================================================================================
[2026-05-13T07:24:58.804+0000] {manager.py:879} INFO - 
================================================================================
DAG File Processing Stats

File Path                 PID    Runtime      # DAGs    # Errors  Last Runtime    Last Run
------------------------  -----  ---------  --------  ----------  --------------  -------------------
/opt/airflow/dags/dag.py                           0           1  0.08s           2026-05-13T07:24:55
================================================================================
[2026-05-13T07:25:29.105+0000] {manager.py:879} INFO - 
================================================================================
DAG File Processing Stats

File Path                 PID    Runtime      # DAGs    # Errors  Last Runtime    Last Run
------------------------  -----  ---------  --------  ----------  --------------  -------------------
/opt/airflow/dags/dag.py                           0           1  0.08s           2026-05-13T07:25:26
================================================================================
[2026-05-13T07:25:59.438+0000] {manager.py:879} INFO - 
================================================================================
DAG File Processing Stats

File Path                 PID    Runtime      # DAGs    # Errors  Last Runtime    Last Run
------------------------  -----  ---------  --------  ----------  --------------  -------------------
/opt/airflow/dags/dag.py                           0           1  0.08s           2026-05-13T07:25:37
================================================================================
[2026-05-13T07:26:29.797+0000] {manager.py:879} INFO - 
================================================================================
DAG File Processing Stats

File Path                 PID    Runtime      # DAGs    # Errors  Last Runtime    Last Run
------------------------  -----  ---------  --------  ----------  --------------  -------------------
/opt/airflow/dags/dag.py                           0           1  0.08s           2026-05-13T07:26:07
================================================================================
[2026-05-13T07:27:00.179+0000] {manager.py:879} INFO - 
================================================================================
DAG File Processing Stats

File Path                   PID  Runtime      # DAGs    # Errors  Last Runtime    Last Run
------------------------  -----  ---------  --------  ----------  --------------  -------------------
/opt/airflow/dags/dag.py   1373  0.01s             0           1  0.06s           2026-05-13T07:26:37
================================================================================
[2026-05-13T07:27:30.396+0000] {manager.py:879} INFO - 
================================================================================
DAG File Processing Stats

File Path                 PID    Runtime      # DAGs    # Errors  Last Runtime    Last Run
------------------------  -----  ---------  --------  ----------  --------------  -------------------
/opt/airflow/dags/dag.py                           1           0  0.90s           2026-05-13T07:27:09
================================================================================
[2026-05-13T07:28:00.539+0000] {manager.py:879} INFO - 
================================================================================
DAG File Processing Stats

File Path                 PID    Runtime      # DAGs    # Errors  Last Runtime    Last Run
------------------------  -----  ---------  --------  ----------  --------------  -------------------
/opt/airflow/dags/dag.py                           1           0  0.85s           2026-05-13T07:27:53
================================================================================
[2026-05-13T07:28:12.838+0000] {manager.py:738} INFO - Searching for files in /opt/airflow/dags
[2026-05-13T07:28:12.899+0000] {manager.py:741} INFO - There are 1 files in /opt/airflow/dags
[2026-05-13T07:28:31.073+0000] {manager.py:879} INFO - 
================================================================================
DAG File Processing Stats

File Path                 PID    Runtime      # DAGs    # Errors  Last Runtime    Last Run
------------------------  -----  ---------  --------  ----------  --------------  -------------------
/opt/airflow/dags/dag.py                           1           0  1.01s           2026-05-13T07:28:13
================================================================================
[2026-05-13T07:29:01.242+0000] {manager.py:879} INFO - 
================================================================================
DAG File Processing Stats

File Path                 PID    Runtime      # DAGs    # Errors  Last Runtime    Last Run
------------------------  -----  ---------  --------  ----------  --------------  -------------------
/opt/airflow/dags/dag.py                           1           0  0.88s           2026-05-13T07:28:45
================================================================================
[2026-05-13T07:29:31.382+0000] {manager.py:879} INFO - 
================================================================================
DAG File Processing Stats

File Path                 PID    Runtime      # DAGs    # Errors  Last Runtime    Last Run
------------------------  -----  ---------  --------  ----------  --------------  -------------------
/opt/airflow/dags/dag.py                           1           0  0.82s           2026-05-13T07:29:16
================================================================================
[2026-05-13T07:30:01.532+0000] {manager.py:879} INFO - 
================================================================================
DAG File Processing Stats

File Path                 PID    Runtime      # DAGs    # Errors  Last Runtime    Last Run
------------------------  -----  ---------  --------  ----------  --------------  -------------------
/opt/airflow/dags/dag.py                           1           0  0.85s           2026-05-13T07:29:47
================================================================================
[2026-05-13T07:30:31.616+0000] {manager.py:879} INFO - 
================================================================================
DAG File Processing Stats

File Path                 PID    Runtime      # DAGs    # Errors  Last Runtime    Last Run
------------------------  -----  ---------  --------  ----------  --------------  -------------------
/opt/airflow/dags/dag.py                           1           0  0.82s           2026-05-13T07:30:18
================================================================================
[2026-05-13T07:31:01.696+0000] {manager.py:879} INFO - 
================================================================================
DAG File Processing Stats

File Path                 PID    Runtime      # DAGs    # Errors  Last Runtime    Last Run
------------------------  -----  ---------  --------  ----------  --------------  -------------------
/opt/airflow/dags/dag.py                           1           0  0.80s           2026-05-13T07:30:49
================================================================================
[2026-05-13T07:36:54.256+0000] {manager.py:738} INFO - Searching for files in /opt/airflow/dags
[2026-05-13T09:45:06.560+0000] {manager.py:741} INFO - There are 1 files in /opt/airflow/dags
[2026-05-13T09:45:07.209+0000] {manager.py:738} INFO - Searching for files in /opt/airflow/dags
[2026-05-13T09:45:08.449+0000] {manager.py:741} INFO - There are 1 files in /opt/airflow/dags
[2026-05-13T09:45:11.597+0000] {manager.py:879} INFO - 
================================================================================
DAG File Processing Stats

File Path                   PID  Runtime      # DAGs    # Errors  Last Runtime    Last Run
------------------------  -----  ---------  --------  ----------  --------------  -------------------
/opt/airflow/dags/dag.py   1644  4.44s             1           0  1.95s           2026-05-13T07:31:21
================================================================================
[2026-05-13T09:45:41.984+0000] {manager.py:879} INFO - 
================================================================================
DAG File Processing Stats

File Path                 PID    Runtime      # DAGs    # Errors  Last Runtime    Last Run
------------------------  -----  ---------  --------  ----------  --------------  -------------------
/opt/airflow/dags/dag.py                           1           0  4.89s           2026-05-13T09:45:12
================================================================================
[2026-05-13T09:46:12.289+0000] {manager.py:879} INFO - 
================================================================================
DAG File Processing Stats

File Path                 PID    Runtime      # DAGs    # Errors  Last Runtime    Last Run
------------------------  -----  ---------  --------  ----------  --------------  -------------------
/opt/airflow/dags/dag.py                           1           0  1.70s           2026-05-13T09:45:44
================================================================================
[2026-05-13T09:46:42.751+0000] {manager.py:879} INFO - 
================================================================================
DAG File Processing Stats

File Path                 PID    Runtime      # DAGs    # Errors  Last Runtime    Last Run
------------------------  -----  ---------  --------  ----------  --------------  -------------------
/opt/airflow/dags/dag.py                           1           0  1.57s           2026-05-13T09:46:15
================================================================================
[2026-05-13T09:47:13.058+0000] {manager.py:879} INFO - 
================================================================================
DAG File Processing Stats

File Path                 PID    Runtime      # DAGs    # Errors  Last Runtime    Last Run
------------------------  -----  ---------  --------  ----------  --------------  -------------------
/opt/airflow/dags/dag.py                           1           0  1.68s           2026-05-13T09:46:47
================================================================================
[2026-05-13T09:47:43.400+0000] {manager.py:879} INFO - 
================================================================================
DAG File Processing Stats

File Path                 PID    Runtime      # DAGs    # Errors  Last Runtime    Last Run
------------------------  -----  ---------  --------  ----------  --------------  -------------------
/opt/airflow/dags/dag.py                           1           0  1.55s           2026-05-13T09:47:19
================================================================================
[2026-05-13T09:48:13.708+0000] {manager.py:879} INFO - 
================================================================================
DAG File Processing Stats

File Path                 PID    Runtime      # DAGs    # Errors  Last Runtime    Last Run
------------------------  -----  ---------  --------  ----------  --------------  -------------------
/opt/airflow/dags/dag.py                           1           0  1.63s           2026-05-13T09:47:51
================================================================================
[2026-05-13T09:48:44.097+0000] {manager.py:879} INFO - 
================================================================================
DAG File Processing Stats

File Path                 PID    Runtime      # DAGs    # Errors  Last Runtime    Last Run
------------------------  -----  ---------  --------  ----------  --------------  -------------------
/opt/airflow/dags/dag.py                           1           0  1.66s           2026-05-13T09:48:23
================================================================================
[2026-05-13T09:49:14.399+0000] {manager.py:879} INFO - 
================================================================================
DAG File Processing Stats

File Path                 PID    Runtime      # DAGs    # Errors  Last Runtime    Last Run
------------------------  -----  ---------  --------  ----------  --------------  -------------------
/opt/airflow/dags/dag.py                           1           0  1.59s           2026-05-13T09:48:55
================================================================================
[2026-05-13T09:49:44.883+0000] {manager.py:879} INFO - 
================================================================================
DAG File Processing Stats

File Path                 PID    Runtime      # DAGs    # Errors  Last Runtime    Last Run
------------------------  -----  ---------  --------  ----------  --------------  -------------------
/opt/airflow/dags/dag.py                           1           0  1.57s           2026-05-13T09:49:27
================================================================================
[2026-05-13T09:50:08.097+0000] {manager.py:738} INFO - Searching for files in /opt/airflow/dags
[2026-05-13T09:50:08.176+0000] {manager.py:741} INFO - There are 1 files in /opt/airflow/dags
[2026-05-13T09:50:15.288+0000] {manager.py:879} INFO - 
================================================================================
DAG File Processing Stats

File Path                 PID    Runtime      # DAGs    # Errors  Last Runtime    Last Run
------------------------  -----  ---------  --------  ----------  --------------  -------------------
/opt/airflow/dags/dag.py                           1           0  1.66s           2026-05-13T09:49:59
================================================================================
[2026-05-13T09:50:45.329+0000] {manager.py:879} INFO - 
================================================================================
DAG File Processing Stats

File Path                 PID    Runtime      # DAGs    # Errors  Last Runtime    Last Run
------------------------  -----  ---------  --------  ----------  --------------  -------------------
/opt/airflow/dags/dag.py                           1           0  1.72s           2026-05-13T09:50:31
================================================================================
[2026-05-13T09:51:15.329+0000] {manager.py:879} INFO - 
================================================================================
DAG File Processing Stats

File Path                 PID    Runtime      # DAGs    # Errors  Last Runtime    Last Run
------------------------  -----  ---------  --------  ----------  --------------  -------------------
/opt/airflow/dags/dag.py                           1           0  1.69s           2026-05-13T09:51:03
================================================================================
[2026-05-13T09:51:46.199+0000] {manager.py:879} INFO - 
================================================================================
DAG File Processing Stats

File Path                 PID    Runtime      # DAGs    # Errors  Last Runtime    Last Run
------------------------  -----  ---------  --------  ----------  --------------  -------------------
/opt/airflow/dags/dag.py                           1           0  1.63s           2026-05-13T09:51:35
================================================================================
[2026-05-13T09:52:16.556+0000] {manager.py:879} INFO - 
================================================================================
DAG File Processing Stats

File Path                 PID    Runtime      # DAGs    # Errors  Last Runtime    Last Run
------------------------  -----  ---------  --------  ----------  --------------  -------------------
/opt/airflow/dags/dag.py                           1           0  1.60s           2026-05-13T09:52:07
================================================================================
[2026-05-13T09:52:46.853+0000] {manager.py:879} INFO - 
================================================================================
DAG File Processing Stats

File Path                 PID    Runtime      # DAGs    # Errors  Last Runtime    Last Run
------------------------  -----  ---------  --------  ----------  --------------  -------------------
/opt/airflow/dags/dag.py                           1           0  1.51s           2026-05-13T09:52:38
================================================================================
[2026-05-13T09:53:17.219+0000] {manager.py:879} INFO - 
================================================================================
DAG File Processing Stats

File Path                 PID    Runtime      # DAGs    # Errors  Last Runtime    Last Run
------------------------  -----  ---------  --------  ----------  --------------  -------------------
/opt/airflow/dags/dag.py                           1           0  1.67s           2026-05-13T09:53:10
================================================================================
[2026-05-13T09:53:47.504+0000] {manager.py:879} INFO - 
================================================================================
DAG File Processing Stats

File Path                 PID    Runtime      # DAGs    # Errors  Last Runtime    Last Run
------------------------  -----  ---------  --------  ----------  --------------  -------------------
/opt/airflow/dags/dag.py                           1           0  1.69s           2026-05-13T09:53:42
================================================================================
[2026-05-13T09:54:17.686+0000] {manager.py:879} INFO - 
================================================================================
DAG File Processing Stats

File Path                 PID    Runtime      # DAGs    # Errors  Last Runtime    Last Run
------------------------  -----  ---------  --------  ----------  --------------  -------------------
/opt/airflow/dags/dag.py                           1           0  1.55s           2026-05-13T09:54:14
================================================================================
[2026-05-13T09:54:48.438+0000] {manager.py:879} INFO - 
================================================================================
DAG File Processing Stats

File Path                 PID    Runtime      # DAGs    # Errors  Last Runtime    Last Run
------------------------  -----  ---------  --------  ----------  --------------  -------------------
/opt/airflow/dags/dag.py                           1           0  1.61s           2026-05-13T09:54:46
================================================================================
[2026-05-13T09:55:08.635+0000] {manager.py:738} INFO - Searching for files in /opt/airflow/dags
[2026-05-13T09:55:08.708+0000] {manager.py:741} INFO - There are 1 files in /opt/airflow/dags
[2026-05-13T09:55:18.565+0000] {manager.py:879} INFO - 
================================================================================
DAG File Processing Stats

File Path                 PID    Runtime      # DAGs    # Errors  Last Runtime    Last Run
------------------------  -----  ---------  --------  ----------  --------------  -------------------
/opt/airflow/dags/dag.py                           1           0  1.70s           2026-05-13T09:55:18
================================================================================
[2026-05-13T09:55:48.919+0000] {manager.py:879} INFO - 
================================================================================
DAG File Processing Stats

File Path                   PID  Runtime      # DAGs    # Errors  Last Runtime    Last Run
------------------------  -----  ---------  --------  ----------  --------------  -------------------
/opt/airflow/dags/dag.py   2004  0.01s             1           0  1.70s           2026-05-13T09:55:18
================================================================================
[2026-05-13T09:56:19.445+0000] {manager.py:879} INFO - 
================================================================================
DAG File Processing Stats

File Path                 PID    Runtime      # DAGs    # Errors  Last Runtime    Last Run
------------------------  -----  ---------  --------  ----------  --------------  -------------------
/opt/airflow/dags/dag.py                           1           0  1.60s           2026-05-13T09:55:50
================================================================================
[2026-05-13T09:56:49.765+0000] {manager.py:879} INFO - 
================================================================================
DAG File Processing Stats

File Path                 PID    Runtime      # DAGs    # Errors  Last Runtime    Last Run
------------------------  -----  ---------  --------  ----------  --------------  -------------------
/opt/airflow/dags/dag.py                           1           0  1.71s           2026-05-13T09:56:22
================================================================================
[2026-05-13T09:57:20.112+0000] {manager.py:879} INFO - 
================================================================================
DAG File Processing Stats

File Path                 PID    Runtime      # DAGs    # Errors  Last Runtime    Last Run
------------------------  -----  ---------  --------  ----------  --------------  -------------------
/opt/airflow/dags/dag.py                           1           0  1.54s           2026-05-13T09:56:54
================================================================================
[2026-05-13T09:57:50.414+0000] {manager.py:879} INFO - 
================================================================================
DAG File Processing Stats

File Path                 PID    Runtime      # DAGs    # Errors  Last Runtime    Last Run
------------------------  -----  ---------  --------  ----------  --------------  -------------------
/opt/airflow/dags/dag.py                           1           0  1.62s           2026-05-13T09:57:26
================================================================================
[2026-05-13T09:58:20.892+0000] {manager.py:879} INFO - 
================================================================================
DAG File Processing Stats

File Path                 PID    Runtime      # DAGs    # Errors  Last Runtime    Last Run
------------------------  -----  ---------  --------  ----------  --------------  -------------------
/opt/airflow/dags/dag.py                           1           0  1.64s           2026-05-13T09:57:58
================================================================================
[2026-05-13T09:58:51.224+0000] {manager.py:879} INFO - 
================================================================================
DAG File Processing Stats

File Path                 PID    Runtime      # DAGs    # Errors  Last Runtime    Last Run
------------------------  -----  ---------  --------  ----------  --------------  -------------------
/opt/airflow/dags/dag.py                           1           0  1.66s           2026-05-13T09:58:30
================================================================================
[2026-05-13T09:59:21.596+0000] {manager.py:879} INFO - 
================================================================================
DAG File Processing Stats

File Path                 PID    Runtime      # DAGs    # Errors  Last Runtime    Last Run
------------------------  -----  ---------  --------  ----------  --------------  -------------------
/opt/airflow/dags/dag.py                           1           0  1.63s           2026-05-13T09:59:01
================================================================================
[2026-05-13T09:59:51.890+0000] {manager.py:879} INFO - 
================================================================================
DAG File Processing Stats

File Path                 PID    Runtime      # DAGs    # Errors  Last Runtime    Last Run
------------------------  -----  ---------  --------  ----------  --------------  -------------------
/opt/airflow/dags/dag.py                           1           0  1.67s           2026-05-13T09:59:33
================================================================================
[2026-05-13T10:00:09.266+0000] {manager.py:738} INFO - Searching for files in /opt/airflow/dags
[2026-05-13T10:00:09.349+0000] {manager.py:741} INFO - There are 1 files in /opt/airflow/dags
[2026-05-13T10:00:22.517+0000] {manager.py:879} INFO - 
================================================================================
DAG File Processing Stats

File Path                 PID    Runtime      # DAGs    # Errors  Last Runtime    Last Run
------------------------  -----  ---------  --------  ----------  --------------  -------------------
/opt/airflow/dags/dag.py                           1           0  1.56s           2026-05-13T10:00:05
================================================================================
[2026-05-13T10:00:53.024+0000] {manager.py:879} INFO - 
================================================================================
DAG File Processing Stats

File Path                 PID    Runtime      # DAGs    # Errors  Last Runtime    Last Run
------------------------  -----  ---------  --------  ----------  --------------  -------------------
/opt/airflow/dags/dag.py                           1           0  1.70s           2026-05-13T10:00:37
================================================================================
[2026-05-13T10:01:23.329+0000] {manager.py:879} INFO - 
================================================================================
DAG File Processing Stats

File Path                 PID    Runtime      # DAGs    # Errors  Last Runtime    Last Run
------------------------  -----  ---------  --------  ----------  --------------  -------------------
/opt/airflow/dags/dag.py                           1           0  1.68s           2026-05-13T10:01:09
================================================================================
[2026-05-13T10:01:53.789+0000] {manager.py:879} INFO - 
================================================================================
DAG File Processing Stats

File Path                 PID    Runtime      # DAGs    # Errors  Last Runtime    Last Run
------------------------  -----  ---------  --------  ----------  --------------  -------------------
/opt/airflow/dags/dag.py                           1           0  1.64s           2026-05-13T10:01:41
================================================================================
[2026-05-13T10:02:24.076+0000] {manager.py:879} INFO - 
================================================================================
DAG File Processing Stats

File Path                 PID    Runtime      # DAGs    # Errors  Last Runtime    Last Run
------------------------  -----  ---------  --------  ----------  --------------  -------------------
/opt/airflow/dags/dag.py                           1           0  1.65s           2026-05-13T10:02:13
================================================================================
[2026-05-13T10:02:54.606+0000] {manager.py:879} INFO - 
================================================================================
DAG File Processing Stats

File Path                 PID    Runtime      # DAGs    # Errors  Last Runtime    Last Run
------------------------  -----  ---------  --------  ----------  --------------  -------------------
/opt/airflow/dags/dag.py                           1           0  1.61s           2026-05-13T10:02:44
================================================================================
[2026-05-13T10:03:24.906+0000] {manager.py:879} INFO - 
================================================================================
DAG File Processing Stats

File Path                 PID    Runtime      # DAGs    # Errors  Last Runtime    Last Run
------------------------  -----  ---------  --------  ----------  --------------  -------------------
/opt/airflow/dags/dag.py                           1           0  1.65s           2026-05-13T10:03:16
================================================================================
[2026-05-13T10:03:55.247+0000] {manager.py:879} INFO - 
================================================================================
DAG File Processing Stats

File Path                 PID    Runtime      # DAGs    # Errors  Last Runtime    Last Run
------------------------  -----  ---------  --------  ----------  --------------  -------------------
/opt/airflow/dags/dag.py                           1           0  1.59s           2026-05-13T10:03:48
================================================================================
[2026-05-13T10:04:25.539+0000] {manager.py:879} INFO - 
================================================================================
DAG File Processing Stats

File Path                 PID    Runtime      # DAGs    # Errors  Last Runtime    Last Run
------------------------  -----  ---------  --------  ----------  --------------  -------------------
/opt/airflow/dags/dag.py                           1           0  1.56s           2026-05-13T10:04:20
================================================================================
[2026-05-13T10:04:55.927+0000] {manager.py:879} INFO - 
================================================================================
DAG File Processing Stats

File Path                 PID    Runtime      # DAGs    # Errors  Last Runtime    Last Run
------------------------  -----  ---------  --------  ----------  --------------  -------------------
/opt/airflow/dags/dag.py                           1           0  1.63s           2026-05-13T10:04:52
================================================================================
[2026-05-13T10:05:09.608+0000] {manager.py:738} INFO - Searching for files in /opt/airflow/dags
[2026-05-13T10:05:09.672+0000] {manager.py:741} INFO - There are 1 files in /opt/airflow/dags
[2026-05-13T10:05:26.209+0000] {manager.py:879} INFO - 
================================================================================
DAG File Processing Stats

File Path                 PID    Runtime      # DAGs    # Errors  Last Runtime    Last Run
------------------------  -----  ---------  --------  ----------  --------------  -------------------
/opt/airflow/dags/dag.py                           1           0  1.61s           2026-05-13T10:05:24
================================================================================
[2026-05-13T10:05:56.218+0000] {manager.py:879} INFO - 
================================================================================
DAG File Processing Stats

File Path                 PID    Runtime      # DAGs    # Errors  Last Runtime    Last Run
------------------------  -----  ---------  --------  ----------  --------------  -------------------
/opt/airflow/dags/dag.py                           1           0  1.69s           2026-05-13T10:05:56
================================================================================
[2026-05-13T10:06:26.730+0000] {manager.py:879} INFO - 
================================================================================
DAG File Processing Stats

File Path                   PID  Runtime      # DAGs    # Errors  Last Runtime    Last Run
------------------------  -----  ---------  --------  ----------  --------------  -------------------
/opt/airflow/dags/dag.py   2400  0.58s             0           1  1.66s           2026-05-13T10:06:19
================================================================================
[2026-05-13T10:06:57.105+0000] {manager.py:879} INFO - 
================================================================================
DAG File Processing Stats

File Path                 PID    Runtime      # DAGs    # Errors  Last Runtime    Last Run
------------------------  -----  ---------  --------  ----------  --------------  -------------------
/opt/airflow/dags/dag.py                           0           1  1.74s           2026-05-13T10:06:48
================================================================================
[2026-05-13T10:07:27.288+0000] {manager.py:879} INFO - 
================================================================================
DAG File Processing Stats

File Path                 PID    Runtime      # DAGs    # Errors  Last Runtime    Last Run
------------------------  -----  ---------  --------  ----------  --------------  -------------------
/opt/airflow/dags/dag.py                           0           1  1.65s           2026-05-13T10:07:22
================================================================================
[2026-05-13T10:07:57.842+0000] {manager.py:879} INFO - 
================================================================================
DAG File Processing Stats

File Path                 PID    Runtime      # DAGs    # Errors  Last Runtime    Last Run
------------------------  -----  ---------  --------  ----------  --------------  -------------------
/opt/airflow/dags/dag.py                           0           1  0.12s           2026-05-13T10:07:55
================================================================================
[2026-05-13T10:08:28.432+0000] {manager.py:879} INFO - 
================================================================================
DAG File Processing Stats

File Path                 PID    Runtime      # DAGs    # Errors  Last Runtime    Last Run
------------------------  -----  ---------  --------  ----------  --------------  -------------------
/opt/airflow/dags/dag.py                           0           1  0.11s           2026-05-13T10:08:26
================================================================================
[2026-05-13T10:08:59.019+0000] {manager.py:879} INFO - 
================================================================================
DAG File Processing Stats

File Path                 PID    Runtime      # DAGs    # Errors  Last Runtime    Last Run
------------------------  -----  ---------  --------  ----------  --------------  -------------------
/opt/airflow/dags/dag.py                           0           1  0.20s           2026-05-13T10:08:57
================================================================================
[2026-05-13T10:09:29.377+0000] {manager.py:879} INFO - 
================================================================================
DAG File Processing Stats

File Path                 PID    Runtime      # DAGs    # Errors  Last Runtime    Last Run
------------------------  -----  ---------  --------  ----------  --------------  -------------------
/opt/airflow/dags/dag.py                           0           1  0.12s           2026-05-13T10:09:16
================================================================================
[2026-05-13T10:09:59.720+0000] {manager.py:879} INFO - 
================================================================================
DAG File Processing Stats

File Path                 PID    Runtime      # DAGs    # Errors  Last Runtime    Last Run
------------------------  -----  ---------  --------  ----------  --------------  -------------------
/opt/airflow/dags/dag.py                           0           1  1.52s           2026-05-13T10:09:49
================================================================================
[2026-05-13T10:10:09.629+0000] {manager.py:738} INFO - Searching for files in /opt/airflow/dags
[2026-05-13T10:10:09.706+0000] {manager.py:741} INFO - There are 1 files in /opt/airflow/dags
[2026-05-13T10:10:29.954+0000] {manager.py:879} INFO - 
================================================================================
DAG File Processing Stats

File Path                 PID    Runtime      # DAGs    # Errors  Last Runtime    Last Run
------------------------  -----  ---------  --------  ----------  --------------  -------------------
/opt/airflow/dags/dag.py                           0           1  1.62s           2026-05-13T10:10:16
================================================================================
[2026-05-13T10:11:00.240+0000] {manager.py:879} INFO - 
================================================================================
DAG File Processing Stats

File Path                 PID    Runtime      # DAGs    # Errors  Last Runtime    Last Run
------------------------  -----  ---------  --------  ----------  --------------  -------------------
/opt/airflow/dags/dag.py                           0           1  1.69s           2026-05-13T10:10:48
================================================================================
[2026-05-13T10:11:30.626+0000] {manager.py:879} INFO - 
================================================================================
DAG File Processing Stats

File Path                 PID    Runtime      # DAGs    # Errors  Last Runtime    Last Run
------------------------  -----  ---------  --------  ----------  --------------  -------------------
/opt/airflow/dags/dag.py                           0           1  1.68s           2026-05-13T10:11:20
================================================================================
[2026-05-13T10:12:00.910+0000] {manager.py:879} INFO - 
================================================================================
DAG File Processing Stats

File Path                 PID    Runtime      # DAGs    # Errors  Last Runtime    Last Run
------------------------  -----  ---------  --------  ----------  --------------  -------------------
/opt/airflow/dags/dag.py                           0           1  1.78s           2026-05-13T10:11:52
================================================================================
[2026-05-13T10:12:31.188+0000] {manager.py:879} INFO - 
================================================================================
DAG File Processing Stats

File Path                 PID    Runtime      # DAGs    # Errors  Last Runtime    Last Run
------------------------  -----  ---------  --------  ----------  --------------  -------------------
/opt/airflow/dags/dag.py                           0           1  1.78s           2026-05-13T10:12:24
================================================================================
[2026-05-13T10:13:01.655+0000] {manager.py:879} INFO - 
================================================================================
DAG File Processing Stats

File Path                 PID    Runtime      # DAGs    # Errors  Last Runtime    Last Run
------------------------  -----  ---------  --------  ----------  --------------  -------------------
/opt/airflow/dags/dag.py                           0           1  1.58s           2026-05-13T10:12:56
================================================================================
[2026-05-13T10:13:31.932+0000] {manager.py:879} INFO - 
================================================================================
DAG File Processing Stats

File Path                 PID    Runtime      # DAGs    # Errors  Last Runtime    Last Run
------------------------  -----  ---------  --------  ----------  --------------  -------------------
/opt/airflow/dags/dag.py                           0           1  1.76s           2026-05-13T10:13:28
================================================================================
[2026-05-13T10:14:01.935+0000] {manager.py:879} INFO - 
================================================================================
DAG File Processing Stats

File Path                 PID    Runtime      # DAGs    # Errors  Last Runtime    Last Run
------------------------  -----  ---------  --------  ----------  --------------  -------------------
/opt/airflow/dags/dag.py                           0           1  1.71s           2026-05-13T10:13:59
================================================================================
[2026-05-13T10:14:31.943+0000] {manager.py:879} INFO - 
================================================================================
DAG File Processing Stats

File Path                 PID    Runtime      # DAGs    # Errors  Last Runtime    Last Run
------------------------  -----  ---------  --------  ----------  --------------  -------------------
/opt/airflow/dags/dag.py                           0           1  1.69s           2026-05-13T10:14:31
================================================================================
[2026-05-13T10:15:02.270+0000] {manager.py:879} INFO - 
================================================================================
DAG File Processing Stats

File Path                   PID  Runtime      # DAGs    # Errors  Last Runtime    Last Run
------------------------  -----  ---------  --------  ----------  --------------  -------------------
/opt/airflow/dags/dag.py   2999  0.01s             0           1  1.69s           2026-05-13T10:14:31
================================================================================
[2026-05-13T10:15:09.945+0000] {manager.py:738} INFO - Searching for files in /opt/airflow/dags
[2026-05-13T10:15:10.021+0000] {manager.py:741} INFO - There are 1 files in /opt/airflow/dags
[2026-05-13T10:15:32.557+0000] {manager.py:879} INFO - 
================================================================================
DAG File Processing Stats

File Path                 PID    Runtime      # DAGs    # Errors  Last Runtime    Last Run
------------------------  -----  ---------  --------  ----------  --------------  -------------------
/opt/airflow/dags/dag.py                           0           1  1.63s           2026-05-13T10:15:03
================================================================================
[2026-05-13T10:16:02.846+0000] {manager.py:879} INFO - 
================================================================================
DAG File Processing Stats

File Path                 PID    Runtime      # DAGs    # Errors  Last Runtime    Last Run
------------------------  -----  ---------  --------  ----------  --------------  -------------------
/opt/airflow/dags/dag.py                           0           1  1.82s           2026-05-13T10:15:36
================================================================================
[2026-05-13T10:16:33.108+0000] {manager.py:879} INFO - 
================================================================================
DAG File Processing Stats

File Path                 PID    Runtime      # DAGs    # Errors  Last Runtime    Last Run
------------------------  -----  ---------  --------  ----------  --------------  -------------------
/opt/airflow/dags/dag.py                           0           1  1.83s           2026-05-13T10:16:08
================================================================================
[2026-05-13T10:17:03.384+0000] {manager.py:879} INFO - 
================================================================================
DAG File Processing Stats

File Path                 PID    Runtime      # DAGs    # Errors  Last Runtime    Last Run
------------------------  -----  ---------  --------  ----------  --------------  -------------------
/opt/airflow/dags/dag.py                           0           1  1.86s           2026-05-13T10:16:40
================================================================================
[2026-05-13T10:17:33.556+0000] {manager.py:879} INFO - 
================================================================================
DAG File Processing Stats

File Path                 PID    Runtime      # DAGs    # Errors  Last Runtime    Last Run
------------------------  -----  ---------  --------  ----------  --------------  -------------------
/opt/airflow/dags/dag.py                           0           1  1.86s           2026-05-13T10:17:12
================================================================================
[2026-05-13T10:18:03.624+0000] {manager.py:879} INFO - 
================================================================================
DAG File Processing Stats

File Path                 PID    Runtime      # DAGs    # Errors  Last Runtime    Last Run
------------------------  -----  ---------  --------  ----------  --------------  -------------------
/opt/airflow/dags/dag.py                           0           1  1.77s           2026-05-13T10:17:44
================================================================================
[2026-05-13T10:18:34.500+0000] {manager.py:879} INFO - 
================================================================================
DAG File Processing Stats

File Path                 PID    Runtime      # DAGs    # Errors  Last Runtime    Last Run
------------------------  -----  ---------  --------  ----------  --------------  -------------------
/opt/airflow/dags/dag.py                           0           1  1.67s           2026-05-13T10:18:16
================================================================================
[2026-05-13T10:19:04.650+0000] {manager.py:879} INFO - 
================================================================================
DAG File Processing Stats

File Path                 PID    Runtime      # DAGs    # Errors  Last Runtime    Last Run
------------------------  -----  ---------  --------  ----------  --------------  -------------------
/opt/airflow/dags/dag.py                           0           1  1.84s           2026-05-13T10:18:48
================================================================================
[2026-05-13T10:19:34.686+0000] {manager.py:879} INFO - 
================================================================================
DAG File Processing Stats

File Path                 PID    Runtime      # DAGs    # Errors  Last Runtime    Last Run
------------------------  -----  ---------  --------  ----------  --------------  -------------------
/opt/airflow/dags/dag.py                           0           1  1.72s           2026-05-13T10:19:20
================================================================================
[2026-05-13T10:20:04.752+0000] {manager.py:879} INFO - 
================================================================================
DAG File Processing Stats

File Path                 PID    Runtime      # DAGs    # Errors  Last Runtime    Last Run
------------------------  -----  ---------  --------  ----------  --------------  -------------------
/opt/airflow/dags/dag.py                           0           1  1.77s           2026-05-13T10:19:52
================================================================================
[2026-05-13T10:20:10.493+0000] {manager.py:738} INFO - Searching for files in /opt/airflow/dags
[2026-05-13T10:20:10.563+0000] {manager.py:741} INFO - There are 1 files in /opt/airflow/dags
[2026-05-13T10:20:35.047+0000] {manager.py:879} INFO - 
================================================================================
DAG File Processing Stats

File Path                 PID    Runtime      # DAGs    # Errors  Last Runtime    Last Run
------------------------  -----  ---------  --------  ----------  --------------  -------------------
/opt/airflow/dags/dag.py                           0           1  1.79s           2026-05-13T10:20:24
================================================================================
[2026-05-13T10:21:05.349+0000] {manager.py:879} INFO - 
================================================================================
DAG File Processing Stats

File Path                 PID    Runtime      # DAGs    # Errors  Last Runtime    Last Run
------------------------  -----  ---------  --------  ----------  --------------  -------------------
/opt/airflow/dags/dag.py                           0           1  1.73s           2026-05-13T10:20:56
================================================================================
[2026-05-13T10:21:35.650+0000] {manager.py:879} INFO - 
================================================================================
DAG File Processing Stats

File Path                 PID    Runtime      # DAGs    # Errors  Last Runtime    Last Run
------------------------  -----  ---------  --------  ----------  --------------  -------------------
/opt/airflow/dags/dag.py                           0           1  1.81s           2026-05-13T10:21:28
================================================================================
[2026-05-13T10:22:05.727+0000] {manager.py:879} INFO - 
================================================================================
DAG File Processing Stats

File Path                 PID    Runtime      # DAGs    # Errors  Last Runtime    Last Run
------------------------  -----  ---------  --------  ----------  --------------  -------------------
/opt/airflow/dags/dag.py                           0           1  1.75s           2026-05-13T10:22:00
================================================================================
[2026-05-13T10:22:35.872+0000] {manager.py:879} INFO - 
================================================================================
DAG File Processing Stats

File Path                 PID    Runtime      # DAGs    # Errors  Last Runtime    Last Run
------------------------  -----  ---------  --------  ----------  --------------  -------------------
/opt/airflow/dags/dag.py                           0           1  1.82s           2026-05-13T10:22:32
================================================================================
[2026-05-13T10:23:05.977+0000] {manager.py:879} INFO - 
================================================================================
DAG File Processing Stats

File Path                 PID    Runtime      # DAGs    # Errors  Last Runtime    Last Run
------------------------  -----  ---------  --------  ----------  --------------  -------------------
/opt/airflow/dags/dag.py                           0           1  1.80s           2026-05-13T10:23:04
================================================================================
[2026-05-13T10:23:36.319+0000] {manager.py:879} INFO - 
================================================================================
DAG File Processing Stats

File Path                   PID  Runtime      # DAGs    # Errors  Last Runtime    Last Run
------------------------  -----  ---------  --------  ----------  --------------  -------------------
/opt/airflow/dags/dag.py   3287  1.01s             0           1  1.80s           2026-05-13T10:23:04
================================================================================
[2026-05-13T10:24:06.336+0000] {manager.py:879} INFO - 
================================================================================
DAG File Processing Stats

File Path                 PID    Runtime      # DAGs    # Errors  Last Runtime    Last Run
------------------------  -----  ---------  --------  ----------  --------------  -------------------
/opt/airflow/dags/dag.py                           0           1  1.75s           2026-05-13T10:23:37
================================================================================
[2026-05-13T10:24:36.614+0000] {manager.py:879} INFO - 
================================================================================
DAG File Processing Stats

File Path                 PID    Runtime      # DAGs    # Errors  Last Runtime    Last Run
------------------------  -----  ---------  --------  ----------  --------------  -------------------
/opt/airflow/dags/dag.py                           0           1  1.80s           2026-05-13T10:24:09
================================================================================
[2026-05-13T10:25:06.887+0000] {manager.py:879} INFO - 
================================================================================
DAG File Processing Stats

File Path                 PID    Runtime      # DAGs    # Errors  Last Runtime    Last Run
------------------------  -----  ---------  --------  ----------  --------------  -------------------
/opt/airflow/dags/dag.py                           0           1  1.66s           2026-05-13T10:24:40
================================================================================
[2026-05-13T10:25:10.924+0000] {manager.py:738} INFO - Searching for files in /opt/airflow/dags
[2026-05-13T10:25:11.008+0000] {manager.py:741} INFO - There are 1 files in /opt/airflow/dags
[2026-05-13T10:25:37.223+0000] {manager.py:879} INFO - 
================================================================================
DAG File Processing Stats

File Path                 PID    Runtime      # DAGs    # Errors  Last Runtime    Last Run
------------------------  -----  ---------  --------  ----------  --------------  -------------------
/opt/airflow/dags/dag.py                           0           1  1.89s           2026-05-13T10:25:12
================================================================================
[2026-05-13T10:26:07.314+0000] {manager.py:879} INFO - 
================================================================================
DAG File Processing Stats

File Path                 PID    Runtime      # DAGs    # Errors  Last Runtime    Last Run
------------------------  -----  ---------  --------  ----------  --------------  -------------------
/opt/airflow/dags/dag.py                           0           1  1.78s           2026-05-13T10:25:45
================================================================================
[2026-05-13T10:26:37.380+0000] {manager.py:879} INFO - 
================================================================================
DAG File Processing Stats

File Path                 PID    Runtime      # DAGs    # Errors  Last Runtime    Last Run
------------------------  -----  ---------  --------  ----------  --------------  -------------------
/opt/airflow/dags/dag.py                           0           1  1.75s           2026-05-13T10:26:17
================================================================================
[2026-05-13T10:27:07.665+0000] {manager.py:879} INFO - 
================================================================================
DAG File Processing Stats

File Path                 PID    Runtime      # DAGs    # Errors  Last Runtime    Last Run
------------------------  -----  ---------  --------  ----------  --------------  -------------------
/opt/airflow/dags/dag.py                           0           1  1.67s           2026-05-13T10:26:48
================================================================================
[2026-05-13T10:27:37.957+0000] {manager.py:879} INFO - 
================================================================================
DAG File Processing Stats

File Path                 PID    Runtime      # DAGs    # Errors  Last Runtime    Last Run
------------------------  -----  ---------  --------  ----------  --------------  -------------------
/opt/airflow/dags/dag.py                           0           1  1.71s           2026-05-13T10:27:20
================================================================================
[2026-05-13T10:28:07.976+0000] {manager.py:879} INFO - 
================================================================================
DAG File Processing Stats

File Path                 PID    Runtime      # DAGs    # Errors  Last Runtime    Last Run
------------------------  -----  ---------  --------  ----------  --------------  -------------------
/opt/airflow/dags/dag.py                           0           1  1.72s           2026-05-13T10:27:52
================================================================================
[2026-05-13T10:28:37.984+0000] {manager.py:879} INFO - 
================================================================================
DAG File Processing Stats

File Path                 PID    Runtime      # DAGs    # Errors  Last Runtime    Last Run
------------------------  -----  ---------  --------  ----------  --------------  -------------------
/opt/airflow/dags/dag.py                           0           1  1.70s           2026-05-13T10:28:24
================================================================================
[2026-05-13T10:29:07.997+0000] {manager.py:879} INFO - 
================================================================================
DAG File Processing Stats

File Path                 PID    Runtime      # DAGs    # Errors  Last Runtime    Last Run
------------------------  -----  ---------  --------  ----------  --------------  -------------------
/opt/airflow/dags/dag.py                           0           1  1.71s           2026-05-13T10:28:56
================================================================================
[2026-05-13T10:29:38.286+0000] {manager.py:879} INFO - 
================================================================================
DAG File Processing Stats

File Path                 PID    Runtime      # DAGs    # Errors  Last Runtime    Last Run
------------------------  -----  ---------  --------  ----------  --------------  -------------------
/opt/airflow/dags/dag.py                           0           1  1.71s           2026-05-13T10:29:28
================================================================================
[2026-05-13T10:30:08.571+0000] {manager.py:879} INFO - 
================================================================================
DAG File Processing Stats

File Path                 PID    Runtime      # DAGs    # Errors  Last Runtime    Last Run
------------------------  -----  ---------  --------  ----------  --------------  -------------------
/opt/airflow/dags/dag.py                           0           1  1.72s           2026-05-13T10:30:00
================================================================================
[2026-05-13T10:30:10.993+0000] {manager.py:738} INFO - Searching for files in /opt/airflow/dags
[2026-05-13T10:30:11.080+0000] {manager.py:741} INFO - There are 1 files in /opt/airflow/dags
[2026-05-13T10:30:38.850+0000] {manager.py:879} INFO - 
================================================================================
DAG File Processing Stats

File Path                 PID    Runtime      # DAGs    # Errors  Last Runtime    Last Run
------------------------  -----  ---------  --------  ----------  --------------  -------------------
/opt/airflow/dags/dag.py                           0           1  1.60s           2026-05-13T10:30:32
================================================================================
[2026-05-13T10:31:08.992+0000] {manager.py:879} INFO - 
================================================================================
DAG File Processing Stats

File Path                 PID    Runtime      # DAGs    # Errors  Last Runtime    Last Run
------------------------  -----  ---------  --------  ----------  --------------  -------------------
/opt/airflow/dags/dag.py                           0           1  1.85s           2026-05-13T10:31:04
================================================================================
[2026-05-13T10:31:39.134+0000] {manager.py:879} INFO - 
================================================================================
DAG File Processing Stats

File Path                 PID    Runtime      # DAGs    # Errors  Last Runtime    Last Run
------------------------  -----  ---------  --------  ----------  --------------  -------------------
/opt/airflow/dags/dag.py                           0           1  1.83s           2026-05-13T10:31:37
================================================================================
[2026-05-13T10:32:09.209+0000] {manager.py:879} INFO - 
================================================================================
DAG File Processing Stats

File Path                 PID    Runtime      # DAGs    # Errors  Last Runtime    Last Run
------------------------  -----  ---------  --------  ----------  --------------  -------------------
/opt/airflow/dags/dag.py                           0           1  1.76s           2026-05-13T10:32:09
================================================================================
[2026-05-13T10:32:39.525+0000] {manager.py:879} INFO - 
================================================================================
DAG File Processing Stats

File Path                   PID  Runtime      # DAGs    # Errors  Last Runtime    Last Run
------------------------  -----  ---------  --------  ----------  --------------  -------------------
/opt/airflow/dags/dag.py   3593  0.01s             0           1  1.76s           2026-05-13T10:32:09
================================================================================
[2026-05-13T10:33:10.402+0000] {manager.py:879} INFO - 
================================================================================
DAG File Processing Stats

File Path                 PID    Runtime      # DAGs    # Errors  Last Runtime    Last Run
------------------------  -----  ---------  --------  ----------  --------------  -------------------
/opt/airflow/dags/dag.py                           0           1  1.70s           2026-05-13T10:32:41
================================================================================
[2026-05-13T10:33:40.437+0000] {manager.py:879} INFO - 
================================================================================
DAG File Processing Stats

File Path                 PID    Runtime      # DAGs    # Errors  Last Runtime    Last Run
------------------------  -----  ---------  --------  ----------  --------------  -------------------
/opt/airflow/dags/dag.py                           0           1  1.72s           2026-05-13T10:33:13
================================================================================
[2026-05-13T10:34:10.517+0000] {manager.py:879} INFO - 
================================================================================
DAG File Processing Stats

File Path                 PID    Runtime      # DAGs    # Errors  Last Runtime    Last Run
------------------------  -----  ---------  --------  ----------  --------------  -------------------
/opt/airflow/dags/dag.py                           0           1  1.77s           2026-05-13T10:33:45
================================================================================
[2026-05-13T10:34:40.568+0000] {manager.py:879} INFO - 
================================================================================
DAG File Processing Stats

File Path                 PID    Runtime      # DAGs    # Errors  Last Runtime    Last Run
------------------------  -----  ---------  --------  ----------  --------------  -------------------
/opt/airflow/dags/dag.py                           0           1  1.75s           2026-05-13T10:34:17
================================================================================
[2026-05-13T10:35:10.837+0000] {manager.py:879} INFO - 
================================================================================
DAG File Processing Stats

File Path                 PID    Runtime      # DAGs    # Errors  Last Runtime    Last Run
------------------------  -----  ---------  --------  ----------  --------------  -------------------
/opt/airflow/dags/dag.py                           0           1  1.69s           2026-05-13T10:34:49
================================================================================
[2026-05-13T10:35:11.280+0000] {manager.py:738} INFO - Searching for files in /opt/airflow/dags
[2026-05-13T10:35:11.338+0000] {manager.py:741} INFO - There are 1 files in /opt/airflow/dags
[2026-05-13T10:35:41.106+0000] {manager.py:879} INFO - 
================================================================================
DAG File Processing Stats

File Path                 PID    Runtime      # DAGs    # Errors  Last Runtime    Last Run
------------------------  -----  ---------  --------  ----------  --------------  -------------------
/opt/airflow/dags/dag.py                           0           1  1.75s           2026-05-13T10:35:21
================================================================================
[2026-05-13T10:36:11.390+0000] {manager.py:879} INFO - 
================================================================================
DAG File Processing Stats

File Path                 PID    Runtime      # DAGs    # Errors  Last Runtime    Last Run
------------------------  -----  ---------  --------  ----------  --------------  -------------------
/opt/airflow/dags/dag.py                           0           1  1.84s           2026-05-13T10:35:53
================================================================================
[2026-05-13T10:36:41.832+0000] {manager.py:879} INFO - 
================================================================================
DAG File Processing Stats

File Path                 PID    Runtime      # DAGs    # Errors  Last Runtime    Last Run
------------------------  -----  ---------  --------  ----------  --------------  -------------------
/opt/airflow/dags/dag.py                           0           1  1.62s           2026-05-13T10:36:25
================================================================================
[2026-05-13T10:37:12.143+0000] {manager.py:879} INFO - 
================================================================================
DAG File Processing Stats

File Path                 PID    Runtime      # DAGs    # Errors  Last Runtime    Last Run
------------------------  -----  ---------  --------  ----------  --------------  -------------------
/opt/airflow/dags/dag.py                           0           1  1.64s           2026-05-13T10:36:57
================================================================================
[2026-05-13T10:37:42.549+0000] {manager.py:879} INFO - 
================================================================================
DAG File Processing Stats

File Path                 PID    Runtime      # DAGs    # Errors  Last Runtime    Last Run
------------------------  -----  ---------  --------  ----------  --------------  -------------------
/opt/airflow/dags/dag.py                           0           1  1.59s           2026-05-13T10:37:28
================================================================================
[2026-05-13T10:38:12.846+0000] {manager.py:879} INFO - 
================================================================================
DAG File Processing Stats

File Path                 PID    Runtime      # DAGs    # Errors  Last Runtime    Last Run
------------------------  -----  ---------  --------  ----------  --------------  -------------------
/opt/airflow/dags/dag.py                           0           1  1.62s           2026-05-13T10:38:00
================================================================================
[2026-05-13T10:38:43.229+0000] {manager.py:879} INFO - 
================================================================================
DAG File Processing Stats

File Path                 PID    Runtime      # DAGs    # Errors  Last Runtime    Last Run
------------------------  -----  ---------  --------  ----------  --------------  -------------------
/opt/airflow/dags/dag.py                           0           1  1.64s           2026-05-13T10:38:32
================================================================================
[2026-05-13T10:39:13.503+0000] {manager.py:879} INFO - 
================================================================================
DAG File Processing Stats

File Path                 PID    Runtime      # DAGs    # Errors  Last Runtime    Last Run
------------------------  -----  ---------  --------  ----------  --------------  -------------------
/opt/airflow/dags/dag.py                           0           1  1.66s           2026-05-13T10:39:04
================================================================================
[2026-05-13T10:39:43.577+0000] {manager.py:879} INFO - 
================================================================================
DAG File Processing Stats

File Path                 PID    Runtime      # DAGs    # Errors  Last Runtime    Last Run
------------------------  -----  ---------  --------  ----------  --------------  -------------------
/opt/airflow/dags/dag.py                           0           1  1.77s           2026-05-13T10:39:36
================================================================================
[2026-05-13T10:40:11.508+0000] {manager.py:738} INFO - Searching for files in /opt/airflow/dags
[2026-05-13T10:40:11.565+0000] {manager.py:741} INFO - There are 1 files in /opt/airflow/dags
[2026-05-13T10:40:13.611+0000] {manager.py:879} INFO - 
================================================================================
DAG File Processing Stats

File Path                 PID    Runtime      # DAGs    # Errors  Last Runtime    Last Run
------------------------  -----  ---------  --------  ----------  --------------  -------------------
/opt/airflow/dags/dag.py                           0           1  1.66s           2026-05-13T10:40:08
================================================================================
[2026-05-13T10:40:43.907+0000] {manager.py:879} INFO - 
================================================================================
DAG File Processing Stats

File Path                 PID    Runtime      # DAGs    # Errors  Last Runtime    Last Run
------------------------  -----  ---------  --------  ----------  --------------  -------------------
/opt/airflow/dags/dag.py                           0           1  1.79s           2026-05-13T10:40:40
================================================================================
[2026-05-13T10:41:14.207+0000] {manager.py:879} INFO - 
================================================================================
DAG File Processing Stats

File Path                 PID    Runtime      # DAGs    # Errors  Last Runtime    Last Run
------------------------  -----  ---------  --------  ----------  --------------  -------------------
/opt/airflow/dags/dag.py                           0           1  1.79s           2026-05-13T10:41:12
================================================================================
[2026-05-13T10:41:44.369+0000] {manager.py:879} INFO - 
================================================================================
DAG File Processing Stats

File Path                 PID    Runtime      # DAGs    # Errors  Last Runtime    Last Run
------------------------  -----  ---------  --------  ----------  --------------  -------------------
/opt/airflow/dags/dag.py                           0           1  1.84s           2026-05-13T10:41:44
================================================================================
[2026-05-13T10:42:14.695+0000] {manager.py:879} INFO - 
================================================================================
DAG File Processing Stats

File Path                   PID  Runtime      # DAGs    # Errors  Last Runtime    Last Run
------------------------  -----  ---------  --------  ----------  --------------  -------------------
/opt/airflow/dags/dag.py   3917  0.01s             0           1  1.84s           2026-05-13T10:41:44
================================================================================
[2026-05-13T10:42:45.330+0000] {manager.py:879} INFO - 
================================================================================
DAG File Processing Stats

File Path                 PID    Runtime      # DAGs    # Errors  Last Runtime    Last Run
------------------------  -----  ---------  --------  ----------  --------------  -------------------
/opt/airflow/dags/dag.py                           0           1  1.74s           2026-05-13T10:42:16
================================================================================
[2026-05-13T10:43:15.628+0000] {manager.py:879} INFO - 
================================================================================
DAG File Processing Stats

File Path                 PID    Runtime      # DAGs    # Errors  Last Runtime    Last Run
------------------------  -----  ---------  --------  ----------  --------------  -------------------
/opt/airflow/dags/dag.py                           0           1  1.76s           2026-05-13T10:42:48
================================================================================
[2026-05-13T10:43:45.799+0000] {manager.py:879} INFO - 
================================================================================
DAG File Processing Stats

File Path                 PID    Runtime      # DAGs    # Errors  Last Runtime    Last Run
------------------------  -----  ---------  --------  ----------  --------------  -------------------
/opt/airflow/dags/dag.py                           0           1  1.84s           2026-05-13T10:43:20
================================================================================
[2026-05-13T10:44:03.131+0000] {manager.py:451} INFO - Exiting gracefully upon receiving signal 15
[2026-05-13T10:50:08.977+0000] {manager.py:469} INFO - Processing files using up to 2 processes at a time 
[2026-05-13T10:50:08.980+0000] {manager.py:470} INFO - Process each file at most once every 30 seconds
[2026-05-13T10:50:08.983+0000] {manager.py:471} INFO - Checking for new files in /opt/airflow/dags every 300 seconds
[2026-05-13T10:50:08.985+0000] {manager.py:738} INFO - Searching for files in /opt/airflow/dags
[2026-05-13T10:50:09.033+0000] {manager.py:741} INFO - There are 1 files in /opt/airflow/dags
[2026-05-13T10:50:09.252+0000] {manager.py:879} INFO - 
================================================================================
DAG File Processing Stats

File Path                   PID  Runtime      # DAGs    # Errors  Last Runtime    Last Run
------------------------  -----  ---------  --------  ----------  --------------  ----------
/opt/airflow/dags/dag.py    168  0.08s             0           0
================================================================================
[2026-05-13T10:50:39.503+0000] {manager.py:879} INFO - 
================================================================================
DAG File Processing Stats

File Path                 PID    Runtime      # DAGs    # Errors  Last Runtime    Last Run
------------------------  -----  ---------  --------  ----------  --------------  -------------------
/opt/airflow/dags/dag.py                           0           1  2.68s           2026-05-13T10:50:11
================================================================================
[2026-05-13T10:51:09.817+0000] {manager.py:879} INFO - 
================================================================================
DAG File Processing Stats

File Path                 PID    Runtime      # DAGs    # Errors  Last Runtime    Last Run
------------------------  -----  ---------  --------  ----------  --------------  -------------------
/opt/airflow/dags/dag.py                           0           1  2.92s           2026-05-13T10:50:45
================================================================================
[2026-05-13T10:51:40.600+0000] {manager.py:879} INFO - 
================================================================================
DAG File Processing Stats

File Path                 PID    Runtime      # DAGs    # Errors  Last Runtime    Last Run
------------------------  -----  ---------  --------  ----------  --------------  -------------------
/opt/airflow/dags/dag.py                           0           1  1.72s           2026-05-13T10:51:37
================================================================================
[2026-05-13T10:52:10.755+0000] {manager.py:879} INFO - 
================================================================================
DAG File Processing Stats

File Path                 PID    Runtime      # DAGs    # Errors  Last Runtime    Last Run
------------------------  -----  ---------  --------  ----------  --------------  -------------------
/opt/airflow/dags/dag.py                           0           1  1.83s           2026-05-13T10:52:09
================================================================================
[2026-05-13T10:52:41.093+0000] {manager.py:879} INFO - 
================================================================================
DAG File Processing Stats

File Path                   PID  Runtime      # DAGs    # Errors  Last Runtime    Last Run
------------------------  -----  ---------  --------  ----------  --------------  -------------------
/opt/airflow/dags/dag.py    258  1.01s             0           1  1.83s           2026-05-13T10:52:09
================================================================================
[2026-05-13T10:53:11.516+0000] {manager.py:879} INFO - 
================================================================================
DAG File Processing Stats

File Path                 PID    Runtime      # DAGs    # Errors  Last Runtime    Last Run
------------------------  -----  ---------  --------  ----------  --------------  -------------------
/opt/airflow/dags/dag.py                           0           1  1.67s           2026-05-13T10:52:41
================================================================================
[2026-05-13T10:53:41.802+0000] {manager.py:879} INFO - 
================================================================================
DAG File Processing Stats

File Path                 PID    Runtime      # DAGs    # Errors  Last Runtime    Last Run
------------------------  -----  ---------  --------  ----------  --------------  -------------------
/opt/airflow/dags/dag.py                           0           1  1.74s           2026-05-13T10:53:13
================================================================================
[2026-05-13T10:54:12.125+0000] {manager.py:879} INFO - 
================================================================================
DAG File Processing Stats

File Path                 PID    Runtime      # DAGs    # Errors  Last Runtime    Last Run
------------------------  -----  ---------  --------  ----------  --------------  -------------------
/opt/airflow/dags/dag.py                           0           1  1.69s           2026-05-13T10:53:45
================================================================================
[2026-05-13T10:54:42.355+0000] {manager.py:879} INFO - 
================================================================================
DAG File Processing Stats

File Path                 PID    Runtime      # DAGs    # Errors  Last Runtime    Last Run
------------------------  -----  ---------  --------  ----------  --------------  -------------------
/opt/airflow/dags/dag.py                           0           1  1.94s           2026-05-13T10:54:18
================================================================================
[2026-05-13T10:55:09.547+0000] {manager.py:738} INFO - Searching for files in /opt/airflow/dags
[2026-05-13T10:55:09.572+0000] {manager.py:741} INFO - There are 1 files in /opt/airflow/dags
[2026-05-13T10:55:12.633+0000] {manager.py:879} INFO - 
================================================================================
DAG File Processing Stats

File Path                 PID    Runtime      # DAGs    # Errors  Last Runtime    Last Run
------------------------  -----  ---------  --------  ----------  --------------  -------------------
/opt/airflow/dags/dag.py                           0           1  1.94s           2026-05-13T10:54:50
================================================================================
[2026-05-13T10:55:42.901+0000] {manager.py:879} INFO - 
================================================================================
DAG File Processing Stats

File Path                 PID    Runtime      # DAGs    # Errors  Last Runtime    Last Run
------------------------  -----  ---------  --------  ----------  --------------  -------------------
/opt/airflow/dags/dag.py                           0           1  1.97s           2026-05-13T10:55:22
================================================================================
[2026-05-13T10:56:12.976+0000] {manager.py:879} INFO - 
================================================================================
DAG File Processing Stats

File Path                 PID    Runtime      # DAGs    # Errors  Last Runtime    Last Run
------------------------  -----  ---------  --------  ----------  --------------  -------------------
/opt/airflow/dags/dag.py                           0           1  1.78s           2026-05-13T10:55:54
================================================================================
[2026-05-13T10:56:43.128+0000] {manager.py:879} INFO - 
================================================================================
DAG File Processing Stats

File Path                   PID  Runtime      # DAGs    # Errors  Last Runtime    Last Run
------------------------  -----  ---------  --------  ----------  --------------  -------------------
/opt/airflow/dags/dag.py    402  1.01s             0           1  1.81s           2026-05-13T10:56:26
================================================================================
[2026-05-13T10:57:13.430+0000] {manager.py:879} INFO - 
================================================================================
DAG File Processing Stats

File Path                 PID    Runtime      # DAGs    # Errors  Last Runtime    Last Run
------------------------  -----  ---------  --------  ----------  --------------  -------------------
/opt/airflow/dags/dag.py                           0           1  1.44s           2026-05-13T10:56:43
================================================================================
[2026-05-13T10:57:43.706+0000] {manager.py:879} INFO - 
================================================================================
DAG File Processing Stats

File Path                 PID    Runtime      # DAGs    # Errors  Last Runtime    Last Run
------------------------  -----  ---------  --------  ----------  --------------  -------------------
/opt/airflow/dags/dag.py                           0           1  1.67s           2026-05-13T10:57:15
================================================================================
[2026-05-13T10:58:14.112+0000] {manager.py:879} INFO - 
================================================================================
DAG File Processing Stats

File Path                 PID    Runtime      # DAGs    # Errors  Last Runtime    Last Run
------------------------  -----  ---------  --------  ----------  --------------  -------------------
/opt/airflow/dags/dag.py                           0           1  1.56s           2026-05-13T10:57:47
================================================================================
[2026-05-13T10:58:29.866+0000] {manager.py:451} INFO - Exiting gracefully upon receiving signal 15
[2026-05-13T10:59:19.640+0000] {manager.py:469} INFO - Processing files using up to 2 processes at a time 
[2026-05-13T10:59:19.642+0000] {manager.py:470} INFO - Process each file at most once every 30 seconds
[2026-05-13T10:59:19.643+0000] {manager.py:471} INFO - Checking for new files in /opt/airflow/dags every 300 seconds
[2026-05-13T10:59:19.646+0000] {manager.py:738} INFO - Searching for files in /opt/airflow/dags
[2026-05-13T10:59:19.686+0000] {manager.py:741} INFO - There are 1 files in /opt/airflow/dags
[2026-05-13T10:59:19.812+0000] {manager.py:879} INFO - 
================================================================================
DAG File Processing Stats

File Path                   PID  Runtime      # DAGs    # Errors  Last Runtime    Last Run
------------------------  -----  ---------  --------  ----------  --------------  ----------
/opt/airflow/dags/dag.py    168  0.05s             0           0
================================================================================
[2026-05-13T10:59:50.067+0000] {manager.py:879} INFO - 
================================================================================
DAG File Processing Stats

File Path                 PID    Runtime      # DAGs    # Errors  Last Runtime    Last Run
------------------------  -----  ---------  --------  ----------  --------------  -------------------
/opt/airflow/dags/dag.py                           0           1  2.42s           2026-05-13T10:59:22
================================================================================
[2026-05-13T11:00:20.354+0000] {manager.py:879} INFO - 
================================================================================
DAG File Processing Stats

File Path                 PID    Runtime      # DAGs    # Errors  Last Runtime    Last Run
------------------------  -----  ---------  --------  ----------  --------------  -------------------
/opt/airflow/dags/dag.py                           0           1  1.83s           2026-05-13T10:59:54
================================================================================
[2026-05-13T11:00:50.375+0000] {manager.py:879} INFO - 
================================================================================
DAG File Processing Stats

File Path                 PID    Runtime      # DAGs    # Errors  Last Runtime    Last Run
------------------------  -----  ---------  --------  ----------  --------------  -------------------
/opt/airflow/dags/dag.py                           0           1  1.70s           2026-05-13T11:00:26
================================================================================
[2026-05-13T11:01:20.591+0000] {manager.py:879} INFO - 
================================================================================
DAG File Processing Stats

File Path                 PID    Runtime      # DAGs    # Errors  Last Runtime    Last Run
------------------------  -----  ---------  --------  ----------  --------------  -------------------
/opt/airflow/dags/dag.py                           0           1  1.83s           2026-05-13T11:00:58
================================================================================
[2026-05-13T11:01:51.427+0000] {manager.py:879} INFO - 
================================================================================
DAG File Processing Stats

File Path                 PID    Runtime      # DAGs    # Errors  Last Runtime    Last Run
------------------------  -----  ---------  --------  ----------  --------------  -------------------
/opt/airflow/dags/dag.py                           0           1  1.57s           2026-05-13T11:01:30
================================================================================
[2026-05-13T11:02:21.746+0000] {manager.py:879} INFO - 
================================================================================
DAG File Processing Stats

File Path                 PID    Runtime      # DAGs    # Errors  Last Runtime    Last Run
------------------------  -----  ---------  --------  ----------  --------------  -------------------
/opt/airflow/dags/dag.py                           0           1  1.66s           2026-05-13T11:02:02
================================================================================
[2026-05-13T11:02:40.749+0000] {manager.py:451} INFO - Exiting gracefully upon receiving signal 15
[2026-05-13T11:03:28.484+0000] {manager.py:469} INFO - Processing files using up to 2 processes at a time 
[2026-05-13T11:03:28.486+0000] {manager.py:470} INFO - Process each file at most once every 30 seconds
[2026-05-13T11:03:28.488+0000] {manager.py:471} INFO - Checking for new files in /opt/airflow/dags every 300 seconds
[2026-05-13T11:03:28.490+0000] {manager.py:738} INFO - Searching for files in /opt/airflow/dags
[2026-05-13T11:03:28.535+0000] {manager.py:741} INFO - There are 1 files in /opt/airflow/dags
[2026-05-13T11:03:28.670+0000] {manager.py:879} INFO - 
================================================================================
DAG File Processing Stats

File Path                   PID  Runtime      # DAGs    # Errors  Last Runtime    Last Run
------------------------  -----  ---------  --------  ----------  --------------  ----------
/opt/airflow/dags/dag.py    168  0.05s             0           0
================================================================================
[2026-05-13T11:03:58.912+0000] {manager.py:879} INFO - 
================================================================================
DAG File Processing Stats

File Path                 PID    Runtime      # DAGs    # Errors  Last Runtime    Last Run
------------------------  -----  ---------  --------  ----------  --------------  -------------------
/opt/airflow/dags/dag.py                           0           1  2.76s           2026-05-13T11:03:31
================================================================================
[2026-05-13T11:04:29.196+0000] {manager.py:879} INFO - 
================================================================================
DAG File Processing Stats

File Path                 PID    Runtime      # DAGs    # Errors  Last Runtime    Last Run
------------------------  -----  ---------  --------  ----------  --------------  -------------------
/opt/airflow/dags/dag.py                           0           1  1.75s           2026-05-13T11:04:03
================================================================================
[2026-05-13T11:04:59.480+0000] {manager.py:879} INFO - 
================================================================================
DAG File Processing Stats

File Path                 PID    Runtime      # DAGs    # Errors  Last Runtime    Last Run
------------------------  -----  ---------  --------  ----------  --------------  -------------------
/opt/airflow/dags/dag.py                           0           1  1.70s           2026-05-13T11:04:35
================================================================================
[2026-05-13T11:05:29.550+0000] {manager.py:879} INFO - 
================================================================================
DAG File Processing Stats

File Path                 PID    Runtime      # DAGs    # Errors  Last Runtime    Last Run
------------------------  -----  ---------  --------  ----------  --------------  -------------------
/opt/airflow/dags/dag.py                           0           1  1.77s           2026-05-13T11:05:07
================================================================================
[2026-05-13T11:05:59.628+0000] {manager.py:879} INFO - 
================================================================================
DAG File Processing Stats

File Path                 PID    Runtime      # DAGs    # Errors  Last Runtime    Last Run
------------------------  -----  ---------  --------  ----------  --------------  -------------------
/opt/airflow/dags/dag.py                           0           1  1.79s           2026-05-13T11:05:39
================================================================================
[2026-05-13T11:06:29.976+0000] {manager.py:879} INFO - 
================================================================================
DAG File Processing Stats

File Path                 PID    Runtime      # DAGs    # Errors  Last Runtime    Last Run
------------------------  -----  ---------  --------  ----------  --------------  -------------------
/opt/airflow/dags/dag.py                           1           0  2.17s           2026-05-13T11:06:11
================================================================================
[2026-05-13T11:07:00.331+0000] {manager.py:879} INFO - 
================================================================================
DAG File Processing Stats

File Path                 PID    Runtime      # DAGs    # Errors  Last Runtime    Last Run
------------------------  -----  ---------  --------  ----------  --------------  -------------------
/opt/airflow/dags/dag.py                           1           0  1.69s           2026-05-13T11:06:43
================================================================================
[2026-05-13T11:07:30.613+0000] {manager.py:879} INFO - 
================================================================================
DAG File Processing Stats

File Path                 PID    Runtime      # DAGs    # Errors  Last Runtime    Last Run
------------------------  -----  ---------  --------  ----------  --------------  -------------------
/opt/airflow/dags/dag.py                           1           0  2.01s           2026-05-13T11:07:16
================================================================================
[2026-05-13T11:08:00.894+0000] {manager.py:879} INFO - 
================================================================================
DAG File Processing Stats

File Path                 PID    Runtime      # DAGs    # Errors  Last Runtime    Last Run
------------------------  -----  ---------  --------  ----------  --------------  -------------------
/opt/airflow/dags/dag.py                           1           0  1.68s           2026-05-13T11:07:48
================================================================================
[2026-05-13T11:08:29.159+0000] {manager.py:738} INFO - Searching for files in /opt/airflow/dags
[2026-05-13T11:08:29.244+0000] {manager.py:741} INFO - There are 1 files in /opt/airflow/dags
[2026-05-13T11:08:31.300+0000] {manager.py:879} INFO - 
================================================================================
DAG File Processing Stats

File Path                 PID    Runtime      # DAGs    # Errors  Last Runtime    Last Run
------------------------  -----  ---------  --------  ----------  --------------  -------------------
/opt/airflow/dags/dag.py                           1           0  1.83s           2026-05-13T11:08:20
================================================================================
[2026-05-13T11:09:01.444+0000] {manager.py:879} INFO - 
================================================================================
DAG File Processing Stats

File Path                 PID    Runtime      # DAGs    # Errors  Last Runtime    Last Run
------------------------  -----  ---------  --------  ----------  --------------  -------------------
/opt/airflow/dags/dag.py                           1           0  1.83s           2026-05-13T11:08:52
================================================================================
[2026-05-13T11:09:31.935+0000] {manager.py:879} INFO - 
================================================================================
DAG File Processing Stats

File Path                 PID    Runtime      # DAGs    # Errors  Last Runtime    Last Run
------------------------  -----  ---------  --------  ----------  --------------  -------------------
/opt/airflow/dags/dag.py                           1           0  1.65s           2026-05-13T11:09:24
================================================================================
[2026-05-13T11:10:02.218+0000] {manager.py:879} INFO - 
================================================================================
DAG File Processing Stats

File Path                 PID    Runtime      # DAGs    # Errors  Last Runtime    Last Run
------------------------  -----  ---------  --------  ----------  --------------  -------------------
/opt/airflow/dags/dag.py                           1           0  1.80s           2026-05-13T11:09:56
================================================================================
[2026-05-13T11:10:32.386+0000] {manager.py:879} INFO - 
================================================================================
DAG File Processing Stats

File Path                 PID    Runtime      # DAGs    # Errors  Last Runtime    Last Run
------------------------  -----  ---------  --------  ----------  --------------  -------------------
/opt/airflow/dags/dag.py                           1           0  1.83s           2026-05-13T11:10:28
================================================================================
[2026-05-13T11:11:02.410+0000] {manager.py:879} INFO - 
================================================================================
DAG File Processing Stats

File Path                 PID    Runtime      # DAGs    # Errors  Last Runtime    Last Run
------------------------  -----  ---------  --------  ----------  --------------  -------------------
/opt/airflow/dags/dag.py                           1           0  1.70s           2026-05-13T11:11:00
================================================================================
[2026-05-13T11:11:32.550+0000] {manager.py:879} INFO - 
================================================================================
DAG File Processing Stats

File Path                 PID    Runtime      # DAGs    # Errors  Last Runtime    Last Run
------------------------  -----  ---------  --------  ----------  --------------  -------------------
/opt/airflow/dags/dag.py                           1           0  1.83s           2026-05-13T11:11:32
================================================================================
[2026-05-13T11:12:02.701+0000] {manager.py:879} INFO - 
================================================================================
DAG File Processing Stats

File Path                   PID  Runtime      # DAGs    # Errors  Last Runtime    Last Run
------------------------  -----  ---------  --------  ----------  --------------  -------------------
/opt/airflow/dags/dag.py    773  0.01s             1           0  1.83s           2026-05-13T11:11:32
================================================================================
[2026-05-13T11:12:32.746+0000] {manager.py:879} INFO - 
================================================================================
DAG File Processing Stats

File Path                 PID    Runtime      # DAGs    # Errors  Last Runtime    Last Run
------------------------  -----  ---------  --------  ----------  --------------  -------------------
/opt/airflow/dags/dag.py                           1           0  1.75s           2026-05-13T11:12:04
================================================================================
[2026-05-13T11:13:02.903+0000] {manager.py:879} INFO - 
================================================================================
DAG File Processing Stats

File Path                 PID    Runtime      # DAGs    # Errors  Last Runtime    Last Run
------------------------  -----  ---------  --------  ----------  --------------  -------------------
/opt/airflow/dags/dag.py                           1           0  1.85s           2026-05-13T11:12:36
================================================================================
[2026-05-13T11:13:29.674+0000] {manager.py:738} INFO - Searching for files in /opt/airflow/dags
[2026-05-13T11:13:29.731+0000] {manager.py:741} INFO - There are 1 files in /opt/airflow/dags
[2026-05-13T11:13:33.799+0000] {manager.py:879} INFO - 
================================================================================
DAG File Processing Stats

File Path                 PID    Runtime      # DAGs    # Errors  Last Runtime    Last Run
------------------------  -----  ---------  --------  ----------  --------------  -------------------
/opt/airflow/dags/dag.py                           1           0  1.63s           2026-05-13T11:13:08
================================================================================
[2026-05-13T11:14:04.183+0000] {manager.py:879} INFO - 
================================================================================
DAG File Processing Stats

File Path                 PID    Runtime      # DAGs    # Errors  Last Runtime    Last Run
------------------------  -----  ---------  --------  ----------  --------------  -------------------
/opt/airflow/dags/dag.py                           1           0  2.26s           2026-05-13T11:13:41
================================================================================
[2026-05-13T11:14:34.269+0000] {manager.py:879} INFO - 
================================================================================
DAG File Processing Stats

File Path                 PID    Runtime      # DAGs    # Errors  Last Runtime    Last Run
------------------------  -----  ---------  --------  ----------  --------------  -------------------
/opt/airflow/dags/dag.py                           1           0  1.77s           2026-05-13T11:14:13
================================================================================
[2026-05-13T11:15:04.504+0000] {manager.py:879} INFO - 
================================================================================
DAG File Processing Stats

File Path                 PID    Runtime      # DAGs    # Errors  Last Runtime    Last Run
------------------------  -----  ---------  --------  ----------  --------------  -------------------
/opt/airflow/dags/dag.py                           1           0  1.93s           2026-05-13T11:14:45
================================================================================
[2026-05-13T11:15:34.652+0000] {manager.py:879} INFO - 
================================================================================
DAG File Processing Stats

File Path                 PID    Runtime      # DAGs    # Errors  Last Runtime    Last Run
------------------------  -----  ---------  --------  ----------  --------------  -------------------
/opt/airflow/dags/dag.py                           1           0  1.85s           2026-05-13T11:15:17
================================================================================
[2026-05-13T11:16:04.921+0000] {manager.py:879} INFO - 
================================================================================
DAG File Processing Stats

File Path                 PID    Runtime      # DAGs    # Errors  Last Runtime    Last Run
------------------------  -----  ---------  --------  ----------  --------------  -------------------
/opt/airflow/dags/dag.py                           1           0  1.97s           2026-05-13T11:15:49
================================================================================
[2026-05-13T11:16:35.157+0000] {manager.py:879} INFO - 
================================================================================
DAG File Processing Stats

File Path                 PID    Runtime      # DAGs    # Errors  Last Runtime    Last Run
------------------------  -----  ---------  --------  ----------  --------------  -------------------
/opt/airflow/dags/dag.py                           1           0  1.93s           2026-05-13T11:16:22
================================================================================
[2026-05-13T11:17:05.292+0000] {manager.py:879} INFO - 
================================================================================
DAG File Processing Stats

File Path                 PID    Runtime      # DAGs    # Errors  Last Runtime    Last Run
------------------------  -----  ---------  --------  ----------  --------------  -------------------
/opt/airflow/dags/dag.py                           1           0  1.86s           2026-05-13T11:16:54
================================================================================
[2026-05-13T11:17:35.568+0000] {manager.py:879} INFO - 
================================================================================
DAG File Processing Stats

File Path                 PID    Runtime      # DAGs    # Errors  Last Runtime    Last Run
------------------------  -----  ---------  --------  ----------  --------------  -------------------
/opt/airflow/dags/dag.py                           1           0  1.83s           2026-05-13T11:17:26
================================================================================
[2026-05-13T11:18:05.864+0000] {manager.py:879} INFO - 
================================================================================
DAG File Processing Stats

File Path                 PID    Runtime      # DAGs    # Errors  Last Runtime    Last Run
------------------------  -----  ---------  --------  ----------  --------------  -------------------
/opt/airflow/dags/dag.py                           1           0  1.90s           2026-05-13T11:17:58
================================================================================
[2026-05-13T11:18:29.720+0000] {manager.py:738} INFO - Searching for files in /opt/airflow/dags
[2026-05-13T11:18:29.797+0000] {manager.py:741} INFO - There are 1 files in /opt/airflow/dags
[2026-05-13T11:18:36.160+0000] {manager.py:879} INFO - 
================================================================================
DAG File Processing Stats

File Path                 PID    Runtime      # DAGs    # Errors  Last Runtime    Last Run
------------------------  -----  ---------  --------  ----------  --------------  -------------------
/opt/airflow/dags/dag.py                           1           0  1.88s           2026-05-13T11:18:30
================================================================================
[2026-05-13T11:19:06.445+0000] {manager.py:879} INFO - 
================================================================================
DAG File Processing Stats

File Path                 PID    Runtime      # DAGs    # Errors  Last Runtime    Last Run
------------------------  -----  ---------  --------  ----------  --------------  -------------------
/opt/airflow/dags/dag.py                           1           0  1.83s           2026-05-13T11:19:02
================================================================================
[2026-05-13T11:19:36.754+0000] {manager.py:879} INFO - 
================================================================================
DAG File Processing Stats

File Path                 PID    Runtime      # DAGs    # Errors  Last Runtime    Last Run
------------------------  -----  ---------  --------  ----------  --------------  -------------------
/opt/airflow/dags/dag.py                           1           0  1.70s           2026-05-13T11:19:34
================================================================================
[2026-05-13T11:20:06.888+0000] {manager.py:879} INFO - 
================================================================================
DAG File Processing Stats

File Path                 PID    Runtime      # DAGs    # Errors  Last Runtime    Last Run
------------------------  -----  ---------  --------  ----------  --------------  -------------------
/opt/airflow/dags/dag.py                           1           0  1.82s           2026-05-13T11:20:06
================================================================================
[2026-05-13T11:20:37.197+0000] {manager.py:879} INFO - 
================================================================================
DAG File Processing Stats

File Path                   PID  Runtime      # DAGs    # Errors  Last Runtime    Last Run
------------------------  -----  ---------  --------  ----------  --------------  -------------------
/opt/airflow/dags/dag.py   1087  0.01s             1           0  1.82s           2026-05-13T11:20:06
================================================================================
[2026-05-13T11:21:07.628+0000] {manager.py:879} INFO - 
================================================================================
DAG File Processing Stats

File Path                 PID    Runtime      # DAGs    # Errors  Last Runtime    Last Run
------------------------  -----  ---------  --------  ----------  --------------  -------------------
/opt/airflow/dags/dag.py                           1           0  1.71s           2026-05-13T11:20:38
================================================================================
[2026-05-13T11:21:37.920+0000] {manager.py:879} INFO - 
================================================================================
DAG File Processing Stats

File Path                 PID    Runtime      # DAGs    # Errors  Last Runtime    Last Run
------------------------  -----  ---------  --------  ----------  --------------  -------------------
/opt/airflow/dags/dag.py                           1           0  1.95s           2026-05-13T11:21:11
================================================================================
[2026-05-13T11:22:08.213+0000] {manager.py:879} INFO - 
================================================================================
DAG File Processing Stats

File Path                 PID    Runtime      # DAGs    # Errors  Last Runtime    Last Run
------------------------  -----  ---------  --------  ----------  --------------  -------------------
/opt/airflow/dags/dag.py                           1           0  1.97s           2026-05-13T11:21:43
================================================================================
[2026-05-13T11:22:24.475+0000] {manager.py:451} INFO - Exiting gracefully upon receiving signal 15
[2026-05-13T11:23:14.744+0000] {manager.py:469} INFO - Processing files using up to 2 processes at a time 
[2026-05-13T11:23:14.747+0000] {manager.py:470} INFO - Process each file at most once every 30 seconds
[2026-05-13T11:23:14.748+0000] {manager.py:471} INFO - Checking for new files in /opt/airflow/dags every 300 seconds
[2026-05-13T11:23:14.751+0000] {manager.py:738} INFO - Searching for files in /opt/airflow/dags
[2026-05-13T11:23:14.791+0000] {manager.py:741} INFO - There are 1 files in /opt/airflow/dags
[2026-05-13T11:23:14.943+0000] {manager.py:879} INFO - 
================================================================================
DAG File Processing Stats

File Path                   PID  Runtime      # DAGs    # Errors  Last Runtime    Last Run
------------------------  -----  ---------  --------  ----------  --------------  ----------
/opt/airflow/dags/dag.py    168  0.06s             0           0
================================================================================
[2026-05-13T11:23:45.182+0000] {manager.py:879} INFO - 
================================================================================
DAG File Processing Stats

File Path                 PID    Runtime      # DAGs    # Errors  Last Runtime    Last Run
------------------------  -----  ---------  --------  ----------  --------------  -------------------
/opt/airflow/dags/dag.py                           1           0  2.62s           2026-05-13T11:23:17
================================================================================
[2026-05-13T11:24:15.208+0000] {manager.py:879} INFO - 
================================================================================
DAG File Processing Stats

File Path                 PID    Runtime      # DAGs    # Errors  Last Runtime    Last Run
------------------------  -----  ---------  --------  ----------  --------------  -------------------
/opt/airflow/dags/dag.py                           1           0  2.16s           2026-05-13T11:23:49
================================================================================
[2026-05-13T11:24:45.480+0000] {manager.py:879} INFO - 
================================================================================
DAG File Processing Stats

File Path                 PID    Runtime      # DAGs    # Errors  Last Runtime    Last Run
------------------------  -----  ---------  --------  ----------  --------------  -------------------
/opt/airflow/dags/dag.py                           1           0  1.79s           2026-05-13T11:24:21
================================================================================
[2026-05-13T11:25:15.751+0000] {manager.py:879} INFO - 
================================================================================
DAG File Processing Stats

File Path                 PID    Runtime      # DAGs    # Errors  Last Runtime    Last Run
------------------------  -----  ---------  --------  ----------  --------------  -------------------
/opt/airflow/dags/dag.py                           1           0  1.59s           2026-05-13T11:24:53
================================================================================
[2026-05-13T11:25:46.032+0000] {manager.py:879} INFO - 
================================================================================
DAG File Processing Stats

File Path                 PID    Runtime      # DAGs    # Errors  Last Runtime    Last Run
------------------------  -----  ---------  --------  ----------  --------------  -------------------
/opt/airflow/dags/dag.py                           1           0  1.96s           2026-05-13T11:25:26
================================================================================
[2026-05-13T11:26:16.181+0000] {manager.py:879} INFO - 
================================================================================
DAG File Processing Stats

File Path                 PID    Runtime      # DAGs    # Errors  Last Runtime    Last Run
------------------------  -----  ---------  --------  ----------  --------------  -------------------
/opt/airflow/dags/dag.py                           1           0  1.83s           2026-05-13T11:25:57
================================================================================
[2026-05-13T11:26:46.291+0000] {manager.py:879} INFO - 
================================================================================
DAG File Processing Stats

File Path                 PID    Runtime      # DAGs    # Errors  Last Runtime    Last Run
------------------------  -----  ---------  --------  ----------  --------------  -------------------
/opt/airflow/dags/dag.py                           1           0  1.81s           2026-05-13T11:26:30
================================================================================
[2026-05-13T11:27:17.121+0000] {manager.py:879} INFO - 
================================================================================
DAG File Processing Stats

File Path                 PID    Runtime      # DAGs    # Errors  Last Runtime    Last Run
------------------------  -----  ---------  --------  ----------  --------------  -------------------
/opt/airflow/dags/dag.py                           1           0  1.63s           2026-05-13T11:27:02
================================================================================
[2026-05-13T11:27:47.259+0000] {manager.py:879} INFO - 
================================================================================
DAG File Processing Stats

File Path                 PID    Runtime      # DAGs    # Errors  Last Runtime    Last Run
------------------------  -----  ---------  --------  ----------  --------------  -------------------
/opt/airflow/dags/dag.py                           1           0  1.84s           2026-05-13T11:27:34
================================================================================
[2026-05-13T11:28:14.758+0000] {manager.py:738} INFO - Searching for files in /opt/airflow/dags
[2026-05-13T11:28:14.843+0000] {manager.py:741} INFO - There are 1 files in /opt/airflow/dags
[2026-05-13T11:28:17.442+0000] {manager.py:879} INFO - 
================================================================================
DAG File Processing Stats

File Path                 PID    Runtime      # DAGs    # Errors  Last Runtime    Last Run
------------------------  -----  ---------  --------  ----------  --------------  -------------------
/opt/airflow/dags/dag.py                           1           0  1.86s           2026-05-13T11:28:06
================================================================================
[2026-05-13T11:28:47.564+0000] {manager.py:879} INFO - 
================================================================================
DAG File Processing Stats

File Path                 PID    Runtime      # DAGs    # Errors  Last Runtime    Last Run
------------------------  -----  ---------  --------  ----------  --------------  -------------------
/opt/airflow/dags/dag.py                           1           0  1.85s           2026-05-13T11:28:38
================================================================================
[2026-05-13T11:29:17.702+0000] {manager.py:879} INFO - 
================================================================================
DAG File Processing Stats

File Path                 PID    Runtime      # DAGs    # Errors  Last Runtime    Last Run
------------------------  -----  ---------  --------  ----------  --------------  -------------------
/opt/airflow/dags/dag.py                           1           0  1.85s           2026-05-13T11:29:10
================================================================================
[2026-05-13T11:29:47.997+0000] {manager.py:879} INFO - 
================================================================================
DAG File Processing Stats

File Path                 PID    Runtime      # DAGs    # Errors  Last Runtime    Last Run
------------------------  -----  ---------  --------  ----------  --------------  -------------------
/opt/airflow/dags/dag.py                           1           0  1.93s           2026-05-13T11:29:42
================================================================================
[2026-05-13T11:30:18.282+0000] {manager.py:879} INFO - 
================================================================================
DAG File Processing Stats

File Path                 PID    Runtime      # DAGs    # Errors  Last Runtime    Last Run
------------------------  -----  ---------  --------  ----------  --------------  -------------------
/opt/airflow/dags/dag.py                           1           0  1.68s           2026-05-13T11:30:14
================================================================================
[2026-05-13T11:30:48.582+0000] {manager.py:879} INFO - 
================================================================================
DAG File Processing Stats

File Path                 PID    Runtime      # DAGs    # Errors  Last Runtime    Last Run
------------------------  -----  ---------  --------  ----------  --------------  -------------------
/opt/airflow/dags/dag.py                           1           0  1.80s           2026-05-13T11:30:46
================================================================================
[2026-05-13T11:31:18.644+0000] {manager.py:879} INFO - 
================================================================================
DAG File Processing Stats

File Path                 PID    Runtime      # DAGs    # Errors  Last Runtime    Last Run
------------------------  -----  ---------  --------  ----------  --------------  -------------------
/opt/airflow/dags/dag.py                           1           0  1.78s           2026-05-13T11:31:18
================================================================================
[2026-05-13T11:31:48.935+0000] {manager.py:879} INFO - 
================================================================================
DAG File Processing Stats

File Path                   PID  Runtime      # DAGs    # Errors  Last Runtime    Last Run
------------------------  -----  ---------  --------  ----------  --------------  -------------------
/opt/airflow/dags/dag.py    748  0.00s             1           0  1.78s           2026-05-13T11:31:18
================================================================================
[2026-05-13T11:32:18.952+0000] {manager.py:879} INFO - 
================================================================================
DAG File Processing Stats

File Path                 PID    Runtime      # DAGs    # Errors  Last Runtime    Last Run
------------------------  -----  ---------  --------  ----------  --------------  -------------------
/opt/airflow/dags/dag.py                           1           0  1.75s           2026-05-13T11:31:50
================================================================================
[2026-05-13T11:32:49.245+0000] {manager.py:879} INFO - 
================================================================================
DAG File Processing Stats

File Path                 PID    Runtime      # DAGs    # Errors  Last Runtime    Last Run
------------------------  -----  ---------  --------  ----------  --------------  -------------------
/opt/airflow/dags/dag.py                           1           0  2.30s           2026-05-13T11:32:23
================================================================================
[2026-05-13T11:33:15.510+0000] {manager.py:738} INFO - Searching for files in /opt/airflow/dags
[2026-05-13T11:33:15.595+0000] {manager.py:741} INFO - There are 1 files in /opt/airflow/dags
[2026-05-13T11:33:19.670+0000] {manager.py:879} INFO - 
================================================================================
DAG File Processing Stats

File Path                 PID    Runtime      # DAGs    # Errors  Last Runtime    Last Run
------------------------  -----  ---------  --------  ----------  --------------  -------------------
/opt/airflow/dags/dag.py                           1           0  1.83s           2026-05-13T11:32:55
================================================================================
[2026-05-13T11:33:49.854+0000] {manager.py:879} INFO - 
================================================================================
DAG File Processing Stats

File Path                 PID    Runtime      # DAGs    # Errors  Last Runtime    Last Run
------------------------  -----  ---------  --------  ----------  --------------  -------------------
/opt/airflow/dags/dag.py                           1           0  1.88s           2026-05-13T11:33:27
================================================================================
[2026-05-13T11:34:19.967+0000] {manager.py:879} INFO - 
================================================================================
DAG File Processing Stats

File Path                 PID    Runtime      # DAGs    # Errors  Last Runtime    Last Run
------------------------  -----  ---------  --------  ----------  --------------  -------------------
/opt/airflow/dags/dag.py                           1           0  1.81s           2026-05-13T11:33:59
================================================================================
[2026-05-13T11:34:50.499+0000] {manager.py:879} INFO - 
================================================================================
DAG File Processing Stats

File Path                 PID    Runtime      # DAGs    # Errors  Last Runtime    Last Run
------------------------  -----  ---------  --------  ----------  --------------  -------------------
/opt/airflow/dags/dag.py                           1           0  1.63s           2026-05-13T11:34:31
================================================================================
[2026-05-13T11:35:21.185+0000] {manager.py:879} INFO - 
================================================================================
DAG File Processing Stats

File Path                 PID    Runtime      # DAGs    # Errors  Last Runtime    Last Run
------------------------  -----  ---------  --------  ----------  --------------  -------------------
/opt/airflow/dags/dag.py                           1           0  2.08s           2026-05-13T11:35:04
================================================================================
[2026-05-13T11:35:51.375+0000] {manager.py:879} INFO - 
================================================================================
DAG File Processing Stats

File Path                 PID    Runtime      # DAGs    # Errors  Last Runtime    Last Run
------------------------  -----  ---------  --------  ----------  --------------  -------------------
/opt/airflow/dags/dag.py                           1           0  1.90s           2026-05-13T11:35:36
================================================================================
[2026-05-13T11:36:21.547+0000] {manager.py:879} INFO - 
================================================================================
DAG File Processing Stats

File Path                 PID    Runtime      # DAGs    # Errors  Last Runtime    Last Run
------------------------  -----  ---------  --------  ----------  --------------  -------------------
/opt/airflow/dags/dag.py                           1           0  1.80s           2026-05-13T11:36:08
================================================================================
[2026-05-13T11:36:51.647+0000] {manager.py:879} INFO - 
================================================================================
DAG File Processing Stats

File Path                 PID    Runtime      # DAGs    # Errors  Last Runtime    Last Run
------------------------  -----  ---------  --------  ----------  --------------  -------------------
/opt/airflow/dags/dag.py                           1           0  1.80s           2026-05-13T11:36:40
================================================================================
[2026-05-13T11:37:21.843+0000] {manager.py:879} INFO - 
================================================================================
DAG File Processing Stats

File Path                 PID    Runtime      # DAGs    # Errors  Last Runtime    Last Run
------------------------  -----  ---------  --------  ----------  --------------  -------------------
/opt/airflow/dags/dag.py                           1           0  1.88s           2026-05-13T11:37:12
================================================================================
[2026-05-13T11:37:52.052+0000] {manager.py:879} INFO - 
================================================================================
DAG File Processing Stats

File Path                 PID    Runtime      # DAGs    # Errors  Last Runtime    Last Run
------------------------  -----  ---------  --------  ----------  --------------  -------------------
/opt/airflow/dags/dag.py                           1           0  1.93s           2026-05-13T11:37:44
================================================================================
[2026-05-13T11:38:15.763+0000] {manager.py:738} INFO - Searching for files in /opt/airflow/dags
[2026-05-13T11:38:15.809+0000] {manager.py:741} INFO - There are 1 files in /opt/airflow/dags
[2026-05-13T11:38:22.383+0000] {manager.py:879} INFO - 
================================================================================
DAG File Processing Stats

File Path                 PID    Runtime      # DAGs    # Errors  Last Runtime    Last Run
------------------------  -----  ---------  --------  ----------  --------------  -------------------
/opt/airflow/dags/dag.py                           1           0  1.50s           2026-05-13T11:38:16
================================================================================
[2026-05-13T11:38:52.663+0000] {manager.py:879} INFO - 
================================================================================
DAG File Processing Stats

File Path                 PID    Runtime      # DAGs    # Errors  Last Runtime    Last Run
------------------------  -----  ---------  --------  ----------  --------------  -------------------
/opt/airflow/dags/dag.py                           1           0  1.71s           2026-05-13T11:38:48
================================================================================
[2026-05-13T11:39:22.867+0000] {manager.py:879} INFO - 
================================================================================
DAG File Processing Stats

File Path                 PID    Runtime      # DAGs    # Errors  Last Runtime    Last Run
------------------------  -----  ---------  --------  ----------  --------------  -------------------
/opt/airflow/dags/dag.py                           1           0  1.87s           2026-05-13T11:39:20
================================================================================
[2026-05-13T11:39:52.965+0000] {manager.py:879} INFO - 
================================================================================
DAG File Processing Stats

File Path                 PID    Runtime      # DAGs    # Errors  Last Runtime    Last Run
------------------------  -----  ---------  --------  ----------  --------------  -------------------
/opt/airflow/dags/dag.py                           1           0  1.81s           2026-05-13T11:39:52
================================================================================
[2026-05-13T11:40:23.256+0000] {manager.py:879} INFO - 
================================================================================
DAG File Processing Stats

File Path                   PID  Runtime      # DAGs    # Errors  Last Runtime    Last Run
------------------------  -----  ---------  --------  ----------  --------------  -------------------
/opt/airflow/dags/dag.py   1912  0.00s             1           0  1.81s           2026-05-13T11:39:52
================================================================================
[2026-05-13T11:40:53.479+0000] {manager.py:879} INFO - 
================================================================================
DAG File Processing Stats

File Path                 PID    Runtime      # DAGs    # Errors  Last Runtime    Last Run
------------------------  -----  ---------  --------  ----------  --------------  -------------------
/opt/airflow/dags/dag.py                           1           0  0.98s           2026-05-13T11:40:24
================================================================================
[2026-05-13T11:41:23.628+0000] {manager.py:879} INFO - 
================================================================================
DAG File Processing Stats

File Path                 PID    Runtime      # DAGs    # Errors  Last Runtime    Last Run
------------------------  -----  ---------  --------  ----------  --------------  -------------------
/opt/airflow/dags/dag.py                           1           0  0.85s           2026-05-13T11:40:55
================================================================================
[2026-05-13T11:41:53.720+0000] {manager.py:879} INFO - 
================================================================================
DAG File Processing Stats

File Path                 PID    Runtime      # DAGs    # Errors  Last Runtime    Last Run
------------------------  -----  ---------  --------  ----------  --------------  -------------------
/opt/airflow/dags/dag.py                           1           0  0.83s           2026-05-13T11:41:26
================================================================================
[2026-05-13T11:42:23.946+0000] {manager.py:879} INFO - 
================================================================================
DAG File Processing Stats

File Path                 PID    Runtime      # DAGs    # Errors  Last Runtime    Last Run
------------------------  -----  ---------  --------  ----------  --------------  -------------------
/opt/airflow/dags/dag.py                           1           0  0.95s           2026-05-13T11:41:57
================================================================================
[2026-05-13T11:42:54.145+0000] {manager.py:879} INFO - 
================================================================================
DAG File Processing Stats

File Path                 PID    Runtime      # DAGs    # Errors  Last Runtime    Last Run
------------------------  -----  ---------  --------  ----------  --------------  -------------------
/opt/airflow/dags/dag.py                           1           0  0.84s           2026-05-13T11:42:28
================================================================================
[2026-05-13T11:43:15.864+0000] {manager.py:738} INFO - Searching for files in /opt/airflow/dags
[2026-05-13T11:43:15.920+0000] {manager.py:741} INFO - There are 1 files in /opt/airflow/dags
[2026-05-13T11:43:24.380+0000] {manager.py:879} INFO - 
================================================================================
DAG File Processing Stats

File Path                 PID    Runtime      # DAGs    # Errors  Last Runtime    Last Run
------------------------  -----  ---------  --------  ----------  --------------  -------------------
/opt/airflow/dags/dag.py                           1           0  0.86s           2026-05-13T11:42:59
================================================================================
[2026-05-13T11:43:54.621+0000] {manager.py:879} INFO - 
================================================================================
DAG File Processing Stats

File Path                 PID    Runtime      # DAGs    # Errors  Last Runtime    Last Run
------------------------  -----  ---------  --------  ----------  --------------  -------------------
/opt/airflow/dags/dag.py                           1           0  0.89s           2026-05-13T11:43:30
================================================================================
[2026-05-13T11:44:24.862+0000] {manager.py:879} INFO - 
================================================================================
DAG File Processing Stats

File Path                 PID    Runtime      # DAGs    # Errors  Last Runtime    Last Run
------------------------  -----  ---------  --------  ----------  --------------  -------------------
/opt/airflow/dags/dag.py                           1           0  0.82s           2026-05-13T11:44:02
================================================================================
[2026-05-13T11:44:55.141+0000] {manager.py:879} INFO - 
================================================================================
DAG File Processing Stats

File Path                 PID    Runtime      # DAGs    # Errors  Last Runtime    Last Run
------------------------  -----  ---------  --------  ----------  --------------  -------------------
/opt/airflow/dags/dag.py                           1           0  0.83s           2026-05-13T11:44:33
================================================================================
[2026-05-13T11:45:25.400+0000] {manager.py:879} INFO - 
================================================================================
DAG File Processing Stats

File Path                 PID    Runtime      # DAGs    # Errors  Last Runtime    Last Run
------------------------  -----  ---------  --------  ----------  --------------  -------------------
/opt/airflow/dags/dag.py                           1           0  0.89s           2026-05-13T11:45:04
================================================================================
[2026-05-13T11:45:55.486+0000] {manager.py:879} INFO - 
================================================================================
DAG File Processing Stats

File Path                 PID    Runtime      # DAGs    # Errors  Last Runtime    Last Run
------------------------  -----  ---------  --------  ----------  --------------  -------------------
/opt/airflow/dags/dag.py                           1           0  0.81s           2026-05-13T11:45:35
================================================================================
[2026-05-13T11:46:25.636+0000] {manager.py:879} INFO - 
================================================================================
DAG File Processing Stats

File Path                 PID    Runtime      # DAGs    # Errors  Last Runtime    Last Run
------------------------  -----  ---------  --------  ----------  --------------  -------------------
/opt/airflow/dags/dag.py                           1           0  0.90s           2026-05-13T11:46:06
================================================================================
[2026-05-13T11:46:55.884+0000] {manager.py:879} INFO - 
================================================================================
DAG File Processing Stats

File Path                 PID    Runtime      # DAGs    # Errors  Last Runtime    Last Run
------------------------  -----  ---------  --------  ----------  --------------  -------------------
/opt/airflow/dags/dag.py                           1           0  0.96s           2026-05-13T11:46:37
================================================================================
[2026-05-13T11:47:26.055+0000] {manager.py:879} INFO - 
================================================================================
DAG File Processing Stats

File Path                 PID    Runtime      # DAGs    # Errors  Last Runtime    Last Run
------------------------  -----  ---------  --------  ----------  --------------  -------------------
/opt/airflow/dags/dag.py                           1           0  0.85s           2026-05-13T11:47:08
================================================================================
[2026-05-13T11:47:56.175+0000] {manager.py:879} INFO - 
================================================================================
DAG File Processing Stats

File Path                 PID    Runtime      # DAGs    # Errors  Last Runtime    Last Run
------------------------  -----  ---------  --------  ----------  --------------  -------------------
/opt/airflow/dags/dag.py                           1           0  0.91s           2026-05-13T11:47:40
================================================================================
[2026-05-13T11:48:16.355+0000] {manager.py:738} INFO - Searching for files in /opt/airflow/dags
[2026-05-13T11:48:16.403+0000] {manager.py:741} INFO - There are 1 files in /opt/airflow/dags
[2026-05-13T11:48:26.519+0000] {manager.py:879} INFO - 
================================================================================
DAG File Processing Stats

File Path                 PID    Runtime      # DAGs    # Errors  Last Runtime    Last Run
------------------------  -----  ---------  --------  ----------  --------------  -------------------
/opt/airflow/dags/dag.py                           1           0  1.04s           2026-05-13T11:48:11
================================================================================
[2026-05-13T11:48:56.622+0000] {manager.py:879} INFO - 
================================================================================
DAG File Processing Stats

File Path                 PID    Runtime      # DAGs    # Errors  Last Runtime    Last Run
------------------------  -----  ---------  --------  ----------  --------------  -------------------
/opt/airflow/dags/dag.py                           1           0  0.82s           2026-05-13T11:48:42
================================================================================
[2026-05-13T11:49:26.765+0000] {manager.py:879} INFO - 
================================================================================
DAG File Processing Stats

File Path                 PID    Runtime      # DAGs    # Errors  Last Runtime    Last Run
------------------------  -----  ---------  --------  ----------  --------------  -------------------
/opt/airflow/dags/dag.py                           1           0  0.87s           2026-05-13T11:49:13
================================================================================
[2026-05-13T11:49:56.891+0000] {manager.py:879} INFO - 
================================================================================
DAG File Processing Stats

File Path                 PID    Runtime      # DAGs    # Errors  Last Runtime    Last Run
------------------------  -----  ---------  --------  ----------  --------------  -------------------
/opt/airflow/dags/dag.py                           1           0  0.86s           2026-05-13T11:49:44
================================================================================
[2026-05-13T11:50:27.008+0000] {manager.py:879} INFO - 
================================================================================
DAG File Processing Stats

File Path                 PID    Runtime      # DAGs    # Errors  Last Runtime    Last Run
------------------------  -----  ---------  --------  ----------  --------------  -------------------
/opt/airflow/dags/dag.py                           1           0  0.84s           2026-05-13T11:50:15
================================================================================
[2026-05-13T11:50:57.127+0000] {manager.py:879} INFO - 
================================================================================
DAG File Processing Stats

File Path                 PID    Runtime      # DAGs    # Errors  Last Runtime    Last Run
------------------------  -----  ---------  --------  ----------  --------------  -------------------
/opt/airflow/dags/dag.py                           1           0  0.84s           2026-05-13T11:50:47
================================================================================
[2026-05-13T11:51:27.294+0000] {manager.py:879} INFO - 
================================================================================
DAG File Processing Stats

File Path                 PID    Runtime      # DAGs    # Errors  Last Runtime    Last Run
------------------------  -----  ---------  --------  ----------  --------------  -------------------
/opt/airflow/dags/dag.py                           1           0  0.87s           2026-05-13T11:51:18
================================================================================
[2026-05-13T11:51:57.557+0000] {manager.py:879} INFO - 
================================================================================
DAG File Processing Stats

File Path                 PID    Runtime      # DAGs    # Errors  Last Runtime    Last Run
------------------------  -----  ---------  --------  ----------  --------------  -------------------
/opt/airflow/dags/dag.py                           1           0  0.89s           2026-05-13T11:51:49
================================================================================
[2026-05-13T11:52:27.781+0000] {manager.py:879} INFO - 
================================================================================
DAG File Processing Stats

File Path                 PID    Runtime      # DAGs    # Errors  Last Runtime    Last Run
------------------------  -----  ---------  --------  ----------  --------------  -------------------
/opt/airflow/dags/dag.py                           1           0  0.88s           2026-05-13T11:52:20
================================================================================
[2026-05-13T11:52:58.005+0000] {manager.py:879} INFO - 
================================================================================
DAG File Processing Stats

File Path                 PID    Runtime      # DAGs    # Errors  Last Runtime    Last Run
------------------------  -----  ---------  --------  ----------  --------------  -------------------
/opt/airflow/dags/dag.py                           1           0  0.90s           2026-05-13T11:52:51
================================================================================
[2026-05-13T11:53:16.740+0000] {manager.py:738} INFO - Searching for files in /opt/airflow/dags
[2026-05-13T11:53:16.773+0000] {manager.py:741} INFO - There are 1 files in /opt/airflow/dags
[2026-05-13T11:53:28.253+0000] {manager.py:879} INFO - 
================================================================================
DAG File Processing Stats

File Path                 PID    Runtime      # DAGs    # Errors  Last Runtime    Last Run
------------------------  -----  ---------  --------  ----------  --------------  -------------------
/opt/airflow/dags/dag.py                           1           0  0.91s           2026-05-13T11:53:22
================================================================================
[2026-05-13T11:53:52.235+0000] {manager.py:451} INFO - Exiting gracefully upon receiving signal 15
[2026-05-13T11:54:26.126+0000] {manager.py:469} INFO - Processing files using up to 2 processes at a time 
[2026-05-13T11:54:26.128+0000] {manager.py:470} INFO - Process each file at most once every 30 seconds
[2026-05-13T11:54:26.129+0000] {manager.py:471} INFO - Checking for new files in /opt/airflow/dags every 300 seconds
[2026-05-13T11:54:26.131+0000] {manager.py:738} INFO - Searching for files in /opt/airflow/dags
[2026-05-13T11:54:26.162+0000] {manager.py:741} INFO - There are 1 files in /opt/airflow/dags
[2026-05-13T11:54:26.340+0000] {manager.py:879} INFO - 
================================================================================
DAG File Processing Stats

File Path                   PID  Runtime      # DAGs    # Errors  Last Runtime    Last Run
------------------------  -----  ---------  --------  ----------  --------------  ----------
/opt/airflow/dags/dag.py    168  0.08s             0           0
================================================================================
[2026-05-13T11:54:56.564+0000] {manager.py:879} INFO - 
================================================================================
DAG File Processing Stats

File Path                 PID    Runtime      # DAGs    # Errors  Last Runtime    Last Run
------------------------  -----  ---------  --------  ----------  --------------  -------------------
/opt/airflow/dags/dag.py                           1           0  1.62s           2026-05-13T11:54:27
================================================================================
[2026-05-13T11:55:26.818+0000] {manager.py:879} INFO - 
================================================================================
DAG File Processing Stats

File Path                 PID    Runtime      # DAGs    # Errors  Last Runtime    Last Run
------------------------  -----  ---------  --------  ----------  --------------  -------------------
/opt/airflow/dags/dag.py                           1           0  1.55s           2026-05-13T11:54:59
================================================================================
[2026-05-13T11:55:57.116+0000] {manager.py:879} INFO - 
================================================================================
DAG File Processing Stats

File Path                 PID    Runtime      # DAGs    # Errors  Last Runtime    Last Run
------------------------  -----  ---------  --------  ----------  --------------  -------------------
/opt/airflow/dags/dag.py                           1           0  1.08s           2026-05-13T11:55:30
================================================================================
[2026-05-13T11:56:27.279+0000] {manager.py:879} INFO - 
================================================================================
DAG File Processing Stats

File Path                 PID    Runtime      # DAGs    # Errors  Last Runtime    Last Run
------------------------  -----  ---------  --------  ----------  --------------  -------------------
/opt/airflow/dags/dag.py                           1           0  0.88s           2026-05-13T11:56:02
================================================================================
[2026-05-13T11:56:57.413+0000] {manager.py:879} INFO - 
================================================================================
DAG File Processing Stats

File Path                 PID    Runtime      # DAGs    # Errors  Last Runtime    Last Run
------------------------  -----  ---------  --------  ----------  --------------  -------------------
/opt/airflow/dags/dag.py                           1           0  0.84s           2026-05-13T11:56:33
================================================================================
[2026-05-13T11:57:27.672+0000] {manager.py:879} INFO - 
================================================================================
DAG File Processing Stats

File Path                 PID    Runtime      # DAGs    # Errors  Last Runtime    Last Run
------------------------  -----  ---------  --------  ----------  --------------  -------------------
/opt/airflow/dags/dag.py                           1           0  0.95s           2026-05-13T11:57:04
================================================================================
[2026-05-13T11:57:57.816+0000] {manager.py:879} INFO - 
================================================================================
DAG File Processing Stats

File Path                 PID    Runtime      # DAGs    # Errors  Last Runtime    Last Run
------------------------  -----  ---------  --------  ----------  --------------  -------------------
/opt/airflow/dags/dag.py                           1           0  0.82s           2026-05-13T11:57:35
================================================================================
[2026-05-13T11:58:28.133+0000] {manager.py:879} INFO - 
================================================================================
DAG File Processing Stats

File Path                 PID    Runtime      # DAGs    # Errors  Last Runtime    Last Run
------------------------  -----  ---------  --------  ----------  --------------  -------------------
/opt/airflow/dags/dag.py                           1           0  0.90s           2026-05-13T11:58:06
================================================================================
[2026-05-13T11:58:59.503+0000] {manager.py:879} INFO - 
================================================================================
DAG File Processing Stats

File Path                 PID    Runtime      # DAGs    # Errors  Last Runtime    Last Run
------------------------  -----  ---------  --------  ----------  --------------  -------------------
/opt/airflow/dags/dag.py                           1           0  2.08s           2026-05-13T11:58:39
================================================================================
[2026-05-13T11:59:27.018+0000] {manager.py:738} INFO - Searching for files in /opt/airflow/dags
[2026-05-13T11:59:27.045+0000] {manager.py:741} INFO - There are 1 files in /opt/airflow/dags
[2026-05-13T11:59:28.070+0000] {manager.py:879} INFO - 
================================================================================
DAG File Processing Stats

File Path                 PID    Runtime      # DAGs    # Errors  Last Runtime    Last Run
------------------------  -----  ---------  --------  ----------  --------------  -------------------
/opt/airflow/dags/dag.py                           1           0  1.14s           2026-05-13T11:59:11
================================================================================
[2026-05-13T11:59:58.129+0000] {manager.py:879} INFO - 
================================================================================
DAG File Processing Stats

File Path                 PID    Runtime      # DAGs    # Errors  Last Runtime    Last Run
------------------------  -----  ---------  --------  ----------  --------------  -------------------
/opt/airflow/dags/dag.py                           1           0  1.02s           2026-05-13T11:59:42
================================================================================
[2026-05-13T12:00:28.375+0000] {manager.py:879} INFO - 
================================================================================
DAG File Processing Stats

File Path                 PID    Runtime      # DAGs    # Errors  Last Runtime    Last Run
------------------------  -----  ---------  --------  ----------  --------------  -------------------
/opt/airflow/dags/dag.py                           1           0  1.11s           2026-05-13T12:00:14
================================================================================
[2026-05-13T12:00:58.559+0000] {manager.py:879} INFO - 
================================================================================
DAG File Processing Stats

File Path                 PID    Runtime      # DAGs    # Errors  Last Runtime    Last Run
------------------------  -----  ---------  --------  ----------  --------------  -------------------
/opt/airflow/dags/dag.py                           1           0  0.93s           2026-05-13T12:00:45
================================================================================
[2026-05-13T12:01:28.683+0000] {manager.py:879} INFO - 
================================================================================
DAG File Processing Stats

File Path                 PID    Runtime      # DAGs    # Errors  Last Runtime    Last Run
------------------------  -----  ---------  --------  ----------  --------------  -------------------
/opt/airflow/dags/dag.py                           1           0  0.85s           2026-05-13T12:01:16
================================================================================
[2026-05-13T12:01:58.955+0000] {manager.py:879} INFO - 
================================================================================
DAG File Processing Stats

File Path                 PID    Runtime      # DAGs    # Errors  Last Runtime    Last Run
------------------------  -----  ---------  --------  ----------  --------------  -------------------
/opt/airflow/dags/dag.py                           1           0  1.07s           2026-05-13T12:01:47
================================================================================
[2026-05-13T12:02:29.242+0000] {manager.py:879} INFO - 
================================================================================
DAG File Processing Stats

File Path                 PID    Runtime      # DAGs    # Errors  Last Runtime    Last Run
------------------------  -----  ---------  --------  ----------  --------------  -------------------
/opt/airflow/dags/dag.py                           1           0  1.01s           2026-05-13T12:02:19
================================================================================
[2026-05-13T12:02:59.335+0000] {manager.py:879} INFO - 
================================================================================
DAG File Processing Stats

File Path                 PID    Runtime      # DAGs    # Errors  Last Runtime    Last Run
------------------------  -----  ---------  --------  ----------  --------------  -------------------
/opt/airflow/dags/dag.py                           1           0  3.34s           2026-05-13T12:02:53
================================================================================
[2026-05-13T12:03:29.485+0000] {manager.py:879} INFO - 
================================================================================
DAG File Processing Stats

File Path                 PID    Runtime      # DAGs    # Errors  Last Runtime    Last Run
------------------------  -----  ---------  --------  ----------  --------------  -------------------
/opt/airflow/dags/dag.py                           1           0  1.79s           2026-05-13T12:03:25
================================================================================
[2026-05-13T12:03:59.874+0000] {manager.py:879} INFO - 
================================================================================
DAG File Processing Stats

File Path                 PID    Runtime      # DAGs    # Errors  Last Runtime    Last Run
------------------------  -----  ---------  --------  ----------  --------------  -------------------
/opt/airflow/dags/dag.py                           1           0  1.03s           2026-05-13T12:03:56
================================================================================
[2026-05-13T12:16:15.280+0000] {manager.py:738} INFO - Searching for files in /opt/airflow/dags
[2026-05-13T12:16:16.208+0000] {manager.py:741} INFO - There are 1 files in /opt/airflow/dags
[2026-05-13T12:16:29.480+0000] {manager.py:879} INFO - 
================================================================================
DAG File Processing Stats

File Path                 PID    Runtime      # DAGs    # Errors  Last Runtime    Last Run
------------------------  -----  ---------  --------  ----------  --------------  -------------------
/opt/airflow/dags/dag.py                           1           0  2.44s           2026-05-13T12:16:18
================================================================================
[2026-05-13T12:17:00.130+0000] {manager.py:879} INFO - 
================================================================================
DAG File Processing Stats

File Path                 PID    Runtime      # DAGs    # Errors  Last Runtime    Last Run
------------------------  -----  ---------  --------  ----------  --------------  -------------------
/opt/airflow/dags/dag.py                           1           0  1.13s           2026-05-13T12:16:50
================================================================================
[2026-05-13T12:17:30.511+0000] {manager.py:879} INFO - 
================================================================================
DAG File Processing Stats

File Path                 PID    Runtime      # DAGs    # Errors  Last Runtime    Last Run
------------------------  -----  ---------  --------  ----------  --------------  -------------------
/opt/airflow/dags/dag.py                           1           0  1.34s           2026-05-13T12:17:21
================================================================================
[2026-05-13T12:18:01.194+0000] {manager.py:879} INFO - 
================================================================================
DAG File Processing Stats

File Path                 PID    Runtime      # DAGs    # Errors  Last Runtime    Last Run
------------------------  -----  ---------  --------  ----------  --------------  -------------------
/opt/airflow/dags/dag.py                           1           0  1.18s           2026-05-13T12:17:53
================================================================================
[2026-05-13T12:18:31.692+0000] {manager.py:879} INFO - 
================================================================================
DAG File Processing Stats

File Path                 PID    Runtime      # DAGs    # Errors  Last Runtime    Last Run
------------------------  -----  ---------  --------  ----------  --------------  -------------------
/opt/airflow/dags/dag.py                           1           0  1.17s           2026-05-13T12:18:24
================================================================================
[2026-05-13T12:19:02.004+0000] {manager.py:879} INFO - 
================================================================================
DAG File Processing Stats

File Path                 PID    Runtime      # DAGs    # Errors  Last Runtime    Last Run
------------------------  -----  ---------  --------  ----------  --------------  -------------------
/opt/airflow/dags/dag.py                           1           0  1.02s           2026-05-13T12:18:55
================================================================================
[2026-05-13T12:19:32.348+0000] {manager.py:879} INFO - 
================================================================================
DAG File Processing Stats

File Path                 PID    Runtime      # DAGs    # Errors  Last Runtime    Last Run
------------------------  -----  ---------  --------  ----------  --------------  -------------------
/opt/airflow/dags/dag.py                           1           0  1.04s           2026-05-13T12:19:27
================================================================================
[2026-05-13T12:20:02.729+0000] {manager.py:879} INFO - 
================================================================================
DAG File Processing Stats

File Path                 PID    Runtime      # DAGs    # Errors  Last Runtime    Last Run
------------------------  -----  ---------  --------  ----------  --------------  -------------------
/opt/airflow/dags/dag.py                           1           0  1.10s           2026-05-13T12:19:58
================================================================================
[2026-05-13T12:20:33.055+0000] {manager.py:879} INFO - 
================================================================================
DAG File Processing Stats

File Path                 PID    Runtime      # DAGs    # Errors  Last Runtime    Last Run
------------------------  -----  ---------  --------  ----------  --------------  -------------------
/opt/airflow/dags/dag.py                           1           0  1.03s           2026-05-13T12:20:30
================================================================================
[2026-05-13T12:21:03.411+0000] {manager.py:879} INFO - 
================================================================================
DAG File Processing Stats

File Path                 PID    Runtime      # DAGs    # Errors  Last Runtime    Last Run
------------------------  -----  ---------  --------  ----------  --------------  -------------------
/opt/airflow/dags/dag.py                           1           0  1.06s           2026-05-13T12:21:01
================================================================================
[2026-05-13T12:21:15.516+0000] {manager.py:738} INFO - Searching for files in /opt/airflow/dags
[2026-05-13T12:21:15.584+0000] {manager.py:741} INFO - There are 1 files in /opt/airflow/dags
[2026-05-13T12:21:33.876+0000] {manager.py:879} INFO - 
================================================================================
DAG File Processing Stats

File Path                 PID    Runtime      # DAGs    # Errors  Last Runtime    Last Run
------------------------  -----  ---------  --------  ----------  --------------  -------------------
/opt/airflow/dags/dag.py                           1           0  1.04s           2026-05-13T12:21:32
================================================================================
[2026-05-13T12:22:04.223+0000] {manager.py:879} INFO - 
================================================================================
DAG File Processing Stats

File Path                   PID  Runtime      # DAGs    # Errors  Last Runtime    Last Run
------------------------  -----  ---------  --------  ----------  --------------  -------------------
/opt/airflow/dags/dag.py   1004  1.02s             1           0  1.04s           2026-05-13T12:21:32
================================================================================
[2026-05-13T12:22:34.613+0000] {manager.py:879} INFO - 
================================================================================
DAG File Processing Stats

File Path                   PID  Runtime      # DAGs    # Errors  Last Runtime    Last Run
------------------------  -----  ---------  --------  ----------  --------------  -------------------
/opt/airflow/dags/dag.py   1022  0.01s             1           0  1.15s           2026-05-13T12:22:04
================================================================================
[2026-05-13T12:23:04.996+0000] {manager.py:879} INFO - 
================================================================================
DAG File Processing Stats

File Path                 PID    Runtime      # DAGs    # Errors  Last Runtime    Last Run
------------------------  -----  ---------  --------  ----------  --------------  -------------------
/opt/airflow/dags/dag.py                           1           0  1.12s           2026-05-13T12:22:35
================================================================================
[2026-05-13T12:23:35.352+0000] {manager.py:879} INFO - 
================================================================================
DAG File Processing Stats

File Path                 PID    Runtime      # DAGs    # Errors  Last Runtime    Last Run
------------------------  -----  ---------  --------  ----------  --------------  -------------------
/opt/airflow/dags/dag.py                           1           0  1.12s           2026-05-13T12:23:07
================================================================================
[2026-05-13T12:24:05.857+0000] {manager.py:879} INFO - 
================================================================================
DAG File Processing Stats

File Path                 PID    Runtime      # DAGs    # Errors  Last Runtime    Last Run
------------------------  -----  ---------  --------  ----------  --------------  -------------------
/opt/airflow/dags/dag.py                           1           0  1.19s           2026-05-13T12:23:38
================================================================================
[2026-05-13T12:24:36.204+0000] {manager.py:879} INFO - 
================================================================================
DAG File Processing Stats

File Path                 PID    Runtime      # DAGs    # Errors  Last Runtime    Last Run
------------------------  -----  ---------  --------  ----------  --------------  -------------------
/opt/airflow/dags/dag.py                           1           0  1.11s           2026-05-13T12:24:10
================================================================================
[2026-05-13T12:25:06.355+0000] {manager.py:879} INFO - 
================================================================================
DAG File Processing Stats

File Path                 PID    Runtime      # DAGs    # Errors  Last Runtime    Last Run
------------------------  -----  ---------  --------  ----------  --------------  -------------------
/opt/airflow/dags/dag.py                           1           0  0.85s           2026-05-13T12:24:41
================================================================================
[2026-05-13T12:25:36.550+0000] {manager.py:879} INFO - 
================================================================================
DAG File Processing Stats

File Path                 PID    Runtime      # DAGs    # Errors  Last Runtime    Last Run
------------------------  -----  ---------  --------  ----------  --------------  -------------------
/opt/airflow/dags/dag.py                           1           0  0.87s           2026-05-13T12:25:12
================================================================================
[2026-05-13T12:26:06.788+0000] {manager.py:879} INFO - 
================================================================================
DAG File Processing Stats

File Path                 PID    Runtime      # DAGs    # Errors  Last Runtime    Last Run
------------------------  -----  ---------  --------  ----------  --------------  -------------------
/opt/airflow/dags/dag.py                           1           0  0.92s           2026-05-13T12:25:43
================================================================================
[2026-05-13T12:26:15.805+0000] {manager.py:738} INFO - Searching for files in /opt/airflow/dags
[2026-05-13T12:26:15.846+0000] {manager.py:741} INFO - There are 1 files in /opt/airflow/dags
[2026-05-13T12:26:37.053+0000] {manager.py:879} INFO - 
================================================================================
DAG File Processing Stats

File Path                 PID    Runtime      # DAGs    # Errors  Last Runtime    Last Run
------------------------  -----  ---------  --------  ----------  --------------  -------------------
/opt/airflow/dags/dag.py                           1           0  0.90s           2026-05-13T12:26:14
================================================================================
[2026-05-13T12:27:07.205+0000] {manager.py:879} INFO - 
================================================================================
DAG File Processing Stats

File Path                 PID    Runtime      # DAGs    # Errors  Last Runtime    Last Run
------------------------  -----  ---------  --------  ----------  --------------  -------------------
/opt/airflow/dags/dag.py                           1           0  0.88s           2026-05-13T12:26:46
================================================================================
[2026-05-13T12:27:37.428+0000] {manager.py:879} INFO - 
================================================================================
DAG File Processing Stats

File Path                 PID    Runtime      # DAGs    # Errors  Last Runtime    Last Run
------------------------  -----  ---------  --------  ----------  --------------  -------------------
/opt/airflow/dags/dag.py                           1           0  0.94s           2026-05-13T12:27:17
================================================================================
[2026-05-13T12:28:07.639+0000] {manager.py:879} INFO - 
================================================================================
DAG File Processing Stats

File Path                 PID    Runtime      # DAGs    # Errors  Last Runtime    Last Run
------------------------  -----  ---------  --------  ----------  --------------  -------------------
/opt/airflow/dags/dag.py                           1           0  0.88s           2026-05-13T12:27:48
================================================================================
[2026-05-13T12:28:37.838+0000] {manager.py:879} INFO - 
================================================================================
DAG File Processing Stats

File Path                 PID    Runtime      # DAGs    # Errors  Last Runtime    Last Run
------------------------  -----  ---------  --------  ----------  --------------  -------------------
/opt/airflow/dags/dag.py                           1           0  0.90s           2026-05-13T12:28:19
================================================================================
[2026-05-13T12:29:07.965+0000] {manager.py:879} INFO - 
================================================================================
DAG File Processing Stats

File Path                 PID    Runtime      # DAGs    # Errors  Last Runtime    Last Run
------------------------  -----  ---------  --------  ----------  --------------  -------------------
/opt/airflow/dags/dag.py                           1           0  0.86s           2026-05-13T12:28:50
================================================================================
[2026-05-13T12:29:38.211+0000] {manager.py:879} INFO - 
================================================================================
DAG File Processing Stats

File Path                 PID    Runtime      # DAGs    # Errors  Last Runtime    Last Run
------------------------  -----  ---------  --------  ----------  --------------  -------------------
/opt/airflow/dags/dag.py                           1           0  0.85s           2026-05-13T12:29:21
================================================================================
[2026-05-13T12:30:08.461+0000] {manager.py:879} INFO - 
================================================================================
DAG File Processing Stats

File Path                 PID    Runtime      # DAGs    # Errors  Last Runtime    Last Run
------------------------  -----  ---------  --------  ----------  --------------  -------------------
/opt/airflow/dags/dag.py                           1           0  0.88s           2026-05-13T12:29:52
================================================================================
[2026-05-13T12:30:38.754+0000] {manager.py:879} INFO - 
================================================================================
DAG File Processing Stats

File Path                 PID    Runtime      # DAGs    # Errors  Last Runtime    Last Run
------------------------  -----  ---------  --------  ----------  --------------  -------------------
/opt/airflow/dags/dag.py                           1           0  0.89s           2026-05-13T12:30:24
================================================================================
[2026-05-13T12:31:09.022+0000] {manager.py:879} INFO - 
================================================================================
DAG File Processing Stats

File Path                 PID    Runtime      # DAGs    # Errors  Last Runtime    Last Run
------------------------  -----  ---------  --------  ----------  --------------  -------------------
/opt/airflow/dags/dag.py                           1           0  0.98s           2026-05-13T12:30:55
================================================================================
[2026-05-13T12:31:16.065+0000] {manager.py:738} INFO - Searching for files in /opt/airflow/dags
[2026-05-13T12:31:16.093+0000] {manager.py:741} INFO - There are 1 files in /opt/airflow/dags
[2026-05-13T12:31:39.885+0000] {manager.py:879} INFO - 
================================================================================
DAG File Processing Stats

File Path                 PID    Runtime      # DAGs    # Errors  Last Runtime    Last Run
------------------------  -----  ---------  --------  ----------  --------------  -------------------
/opt/airflow/dags/dag.py                           1           0  1.05s           2026-05-13T12:31:26
================================================================================
[2026-05-13T12:32:10.195+0000] {manager.py:879} INFO - 
================================================================================
DAG File Processing Stats

File Path                 PID    Runtime      # DAGs    # Errors  Last Runtime    Last Run
------------------------  -----  ---------  --------  ----------  --------------  -------------------
/opt/airflow/dags/dag.py                           1           0  1.01s           2026-05-13T12:31:58
================================================================================
[2026-05-13T12:32:40.358+0000] {manager.py:879} INFO - 
================================================================================
DAG File Processing Stats

File Path                 PID    Runtime      # DAGs    # Errors  Last Runtime    Last Run
------------------------  -----  ---------  --------  ----------  --------------  -------------------
/opt/airflow/dags/dag.py                           1           0  0.83s           2026-05-13T12:32:29
================================================================================
[2026-05-13T12:33:10.536+0000] {manager.py:879} INFO - 
================================================================================
DAG File Processing Stats

File Path                 PID    Runtime      # DAGs    # Errors  Last Runtime    Last Run
------------------------  -----  ---------  --------  ----------  --------------  -------------------
/opt/airflow/dags/dag.py                           1           0  0.84s           2026-05-13T12:33:00
================================================================================
[2026-05-13T12:33:40.810+0000] {manager.py:879} INFO - 
================================================================================
DAG File Processing Stats

File Path                 PID    Runtime      # DAGs    # Errors  Last Runtime    Last Run
------------------------  -----  ---------  --------  ----------  --------------  -------------------
/opt/airflow/dags/dag.py                           1           0  0.93s           2026-05-13T12:33:31
================================================================================
[2026-05-13T12:34:11.035+0000] {manager.py:879} INFO - 
================================================================================
DAG File Processing Stats

File Path                 PID    Runtime      # DAGs    # Errors  Last Runtime    Last Run
------------------------  -----  ---------  --------  ----------  --------------  -------------------
/opt/airflow/dags/dag.py                           1           0  0.93s           2026-05-13T12:34:02
================================================================================
[2026-05-13T12:34:41.188+0000] {manager.py:879} INFO - 
================================================================================
DAG File Processing Stats

File Path                 PID    Runtime      # DAGs    # Errors  Last Runtime    Last Run
------------------------  -----  ---------  --------  ----------  --------------  -------------------
/opt/airflow/dags/dag.py                           1           0  0.83s           2026-05-13T12:34:34
================================================================================
[2026-05-13T12:35:11.358+0000] {manager.py:879} INFO - 
================================================================================
DAG File Processing Stats

File Path                 PID    Runtime      # DAGs    # Errors  Last Runtime    Last Run
------------------------  -----  ---------  --------  ----------  --------------  -------------------
/opt/airflow/dags/dag.py                           1           0  0.85s           2026-05-13T12:35:05
================================================================================
[2026-05-13T12:35:41.526+0000] {manager.py:879} INFO - 
================================================================================
DAG File Processing Stats

File Path                 PID    Runtime      # DAGs    # Errors  Last Runtime    Last Run
------------------------  -----  ---------  --------  ----------  --------------  -------------------
/opt/airflow/dags/dag.py                           1           0  0.87s           2026-05-13T12:35:36
================================================================================
[2026-05-13T12:36:11.719+0000] {manager.py:879} INFO - 
================================================================================
DAG File Processing Stats

File Path                 PID    Runtime      # DAGs    # Errors  Last Runtime    Last Run
------------------------  -----  ---------  --------  ----------  --------------  -------------------
/opt/airflow/dags/dag.py                           1           0  0.92s           2026-05-13T12:36:07
================================================================================
[2026-05-13T12:36:16.360+0000] {manager.py:738} INFO - Searching for files in /opt/airflow/dags
[2026-05-13T12:36:16.434+0000] {manager.py:741} INFO - There are 1 files in /opt/airflow/dags
[2026-05-13T12:36:41.958+0000] {manager.py:879} INFO - 
================================================================================
DAG File Processing Stats

File Path                 PID    Runtime      # DAGs    # Errors  Last Runtime    Last Run
------------------------  -----  ---------  --------  ----------  --------------  -------------------
/opt/airflow/dags/dag.py                           1           0  0.97s           2026-05-13T12:36:38
================================================================================
[2026-05-13T12:37:12.145+0000] {manager.py:879} INFO - 
================================================================================
DAG File Processing Stats

File Path                 PID    Runtime      # DAGs    # Errors  Last Runtime    Last Run
------------------------  -----  ---------  --------  ----------  --------------  -------------------
/opt/airflow/dags/dag.py                           1           0  0.89s           2026-05-13T12:37:10
================================================================================
[2026-05-13T12:37:42.425+0000] {manager.py:879} INFO - 
================================================================================
DAG File Processing Stats

File Path                 PID    Runtime      # DAGs    # Errors  Last Runtime    Last Run
------------------------  -----  ---------  --------  ----------  --------------  -------------------
/opt/airflow/dags/dag.py                           1           0  0.85s           2026-05-13T12:37:41
================================================================================
[2026-05-13T12:38:12.697+0000] {manager.py:879} INFO - 
================================================================================
DAG File Processing Stats

File Path                 PID    Runtime      # DAGs    # Errors  Last Runtime    Last Run
------------------------  -----  ---------  --------  ----------  --------------  -------------------
/opt/airflow/dags/dag.py                           1           0  0.89s           2026-05-13T12:38:12
================================================================================
[2026-05-13T12:38:42.952+0000] {manager.py:879} INFO - 
================================================================================
DAG File Processing Stats

File Path                   PID  Runtime      # DAGs    # Errors  Last Runtime    Last Run
------------------------  -----  ---------  --------  ----------  --------------  -------------------
/opt/airflow/dags/dag.py   1580  0.36s             1           0  0.89s           2026-05-13T12:38:12
================================================================================
[2026-05-13T12:39:13.208+0000] {manager.py:879} INFO - 
================================================================================
DAG File Processing Stats

File Path                 PID    Runtime      # DAGs    # Errors  Last Runtime    Last Run
------------------------  -----  ---------  --------  ----------  --------------  -------------------
/opt/airflow/dags/dag.py                           1           0  0.86s           2026-05-13T12:38:43
================================================================================
[2026-05-13T12:39:43.483+0000] {manager.py:879} INFO - 
================================================================================
DAG File Processing Stats

File Path                 PID    Runtime      # DAGs    # Errors  Last Runtime    Last Run
------------------------  -----  ---------  --------  ----------  --------------  -------------------
/opt/airflow/dags/dag.py                           1           0  0.92s           2026-05-13T12:39:14
================================================================================
[2026-05-13T12:40:13.763+0000] {manager.py:879} INFO - 
================================================================================
DAG File Processing Stats

File Path                 PID    Runtime      # DAGs    # Errors  Last Runtime    Last Run
------------------------  -----  ---------  --------  ----------  --------------  -------------------
/opt/airflow/dags/dag.py                           1           0  0.89s           2026-05-13T12:39:45
================================================================================
[2026-05-13T12:40:44.035+0000] {manager.py:879} INFO - 
================================================================================
DAG File Processing Stats

File Path                 PID    Runtime      # DAGs    # Errors  Last Runtime    Last Run
------------------------  -----  ---------  --------  ----------  --------------  -------------------
/opt/airflow/dags/dag.py                           1           0  0.90s           2026-05-13T12:40:17
================================================================================
[2026-05-13T12:41:14.226+0000] {manager.py:879} INFO - 
================================================================================
DAG File Processing Stats

File Path                 PID    Runtime      # DAGs    # Errors  Last Runtime    Last Run
------------------------  -----  ---------  --------  ----------  --------------  -------------------
/opt/airflow/dags/dag.py                           1           0  0.90s           2026-05-13T12:40:47
================================================================================
[2026-05-13T12:41:16.604+0000] {manager.py:738} INFO - Searching for files in /opt/airflow/dags
[2026-05-13T12:41:16.644+0000] {manager.py:741} INFO - There are 1 files in /opt/airflow/dags
[2026-05-13T12:41:44.387+0000] {manager.py:879} INFO - 
================================================================================
DAG File Processing Stats

File Path                 PID    Runtime      # DAGs    # Errors  Last Runtime    Last Run
------------------------  -----  ---------  --------  ----------  --------------  -------------------
/opt/airflow/dags/dag.py                           1           0  0.87s           2026-05-13T12:41:19
================================================================================
[2026-05-13T12:42:14.573+0000] {manager.py:879} INFO - 
================================================================================
DAG File Processing Stats

File Path                 PID    Runtime      # DAGs    # Errors  Last Runtime    Last Run
------------------------  -----  ---------  --------  ----------  --------------  -------------------
/opt/airflow/dags/dag.py                           1           0  0.87s           2026-05-13T12:41:50
================================================================================
[2026-05-13T12:42:44.725+0000] {manager.py:879} INFO - 
================================================================================
DAG File Processing Stats

File Path                 PID    Runtime      # DAGs    # Errors  Last Runtime    Last Run
------------------------  -----  ---------  --------  ----------  --------------  -------------------
/opt/airflow/dags/dag.py                           1           0  0.90s           2026-05-13T12:42:21
================================================================================
[2026-05-13T12:43:14.893+0000] {manager.py:879} INFO - 
================================================================================
DAG File Processing Stats

File Path                 PID    Runtime      # DAGs    # Errors  Last Runtime    Last Run
------------------------  -----  ---------  --------  ----------  --------------  -------------------
/opt/airflow/dags/dag.py                           1           0  0.92s           2026-05-13T12:42:52
================================================================================
[2026-05-13T12:43:45.020+0000] {manager.py:879} INFO - 
================================================================================
DAG File Processing Stats

File Path                 PID    Runtime      # DAGs    # Errors  Last Runtime    Last Run
------------------------  -----  ---------  --------  ----------  --------------  -------------------
/opt/airflow/dags/dag.py                           1           0  1.02s           2026-05-13T12:43:23
================================================================================
[2026-05-13T12:44:15.242+0000] {manager.py:879} INFO - 
================================================================================
DAG File Processing Stats

File Path                 PID    Runtime      # DAGs    # Errors  Last Runtime    Last Run
------------------------  -----  ---------  --------  ----------  --------------  -------------------
/opt/airflow/dags/dag.py                           1           0  0.89s           2026-05-13T12:43:55
================================================================================
[2026-05-13T12:44:45.433+0000] {manager.py:879} INFO - 
================================================================================
DAG File Processing Stats

File Path                 PID    Runtime      # DAGs    # Errors  Last Runtime    Last Run
------------------------  -----  ---------  --------  ----------  --------------  -------------------
/opt/airflow/dags/dag.py                           1           0  0.86s           2026-05-13T12:44:26
================================================================================
[2026-05-13T12:45:15.553+0000] {manager.py:879} INFO - 
================================================================================
DAG File Processing Stats

File Path                 PID    Runtime      # DAGs    # Errors  Last Runtime    Last Run
------------------------  -----  ---------  --------  ----------  --------------  -------------------
/opt/airflow/dags/dag.py                           1           0  0.81s           2026-05-13T12:44:57
================================================================================
[2026-05-13T12:45:45.697+0000] {manager.py:879} INFO - 
================================================================================
DAG File Processing Stats

File Path                 PID    Runtime      # DAGs    # Errors  Last Runtime    Last Run
------------------------  -----  ---------  --------  ----------  --------------  -------------------
/opt/airflow/dags/dag.py                           1           0  0.93s           2026-05-13T12:45:28
================================================================================
[2026-05-13T12:46:15.995+0000] {manager.py:879} INFO - 
================================================================================
DAG File Processing Stats

File Path                 PID    Runtime      # DAGs    # Errors  Last Runtime    Last Run
------------------------  -----  ---------  --------  ----------  --------------  -------------------
/opt/airflow/dags/dag.py                           1           0  1.07s           2026-05-13T12:45:59
================================================================================
[2026-05-13T12:46:17.000+0000] {manager.py:738} INFO - Searching for files in /opt/airflow/dags
[2026-05-13T12:46:17.042+0000] {manager.py:741} INFO - There are 1 files in /opt/airflow/dags
[2026-05-13T12:46:46.234+0000] {manager.py:879} INFO - 
================================================================================
DAG File Processing Stats

File Path                 PID    Runtime      # DAGs    # Errors  Last Runtime    Last Run
------------------------  -----  ---------  --------  ----------  --------------  -------------------
/opt/airflow/dags/dag.py                           1           0  0.92s           2026-05-13T12:46:31
================================================================================
[2026-05-13T12:47:16.368+0000] {manager.py:879} INFO - 
================================================================================
DAG File Processing Stats

File Path                 PID    Runtime      # DAGs    # Errors  Last Runtime    Last Run
------------------------  -----  ---------  --------  ----------  --------------  -------------------
/opt/airflow/dags/dag.py                           1           0  0.83s           2026-05-13T12:47:02
================================================================================
[2026-05-13T12:47:46.558+0000] {manager.py:879} INFO - 
================================================================================
DAG File Processing Stats

File Path                 PID    Runtime      # DAGs    # Errors  Last Runtime    Last Run
------------------------  -----  ---------  --------  ----------  --------------  -------------------
/opt/airflow/dags/dag.py                           1           0  0.89s           2026-05-13T12:47:33
================================================================================
[2026-05-13T12:48:16.759+0000] {manager.py:879} INFO - 
================================================================================
DAG File Processing Stats

File Path                 PID    Runtime      # DAGs    # Errors  Last Runtime    Last Run
------------------------  -----  ---------  --------  ----------  --------------  -------------------
/opt/airflow/dags/dag.py                           1           0  0.92s           2026-05-13T12:48:04
================================================================================
[2026-05-13T12:48:46.905+0000] {manager.py:879} INFO - 
================================================================================
DAG File Processing Stats

File Path                 PID    Runtime      # DAGs    # Errors  Last Runtime    Last Run
------------------------  -----  ---------  --------  ----------  --------------  -------------------
/opt/airflow/dags/dag.py                           1           0  0.88s           2026-05-13T12:48:35
================================================================================
[2026-05-13T12:49:17.095+0000] {manager.py:879} INFO - 
================================================================================
DAG File Processing Stats

File Path                 PID    Runtime      # DAGs    # Errors  Last Runtime    Last Run
------------------------  -----  ---------  --------  ----------  --------------  -------------------
/opt/airflow/dags/dag.py                           1           0  0.92s           2026-05-13T12:49:07
================================================================================
[2026-05-13T12:49:47.292+0000] {manager.py:879} INFO - 
================================================================================
DAG File Processing Stats

File Path                 PID    Runtime      # DAGs    # Errors  Last Runtime    Last Run
------------------------  -----  ---------  --------  ----------  --------------  -------------------
/opt/airflow/dags/dag.py                           1           0  0.97s           2026-05-13T12:49:38
================================================================================
[2026-05-13T12:50:17.510+0000] {manager.py:879} INFO - 
================================================================================
DAG File Processing Stats

File Path                 PID    Runtime      # DAGs    # Errors  Last Runtime    Last Run
------------------------  -----  ---------  --------  ----------  --------------  -------------------
/opt/airflow/dags/dag.py                           1           0  1.00s           2026-05-13T12:50:09
================================================================================
[2026-05-13T12:50:47.766+0000] {manager.py:879} INFO - 
================================================================================
DAG File Processing Stats

File Path                 PID    Runtime      # DAGs    # Errors  Last Runtime    Last Run
------------------------  -----  ---------  --------  ----------  --------------  -------------------
/opt/airflow/dags/dag.py                           1           0  0.99s           2026-05-13T12:50:40
================================================================================
[2026-05-13T12:51:17.033+0000] {manager.py:738} INFO - Searching for files in /opt/airflow/dags
[2026-05-13T12:51:17.084+0000] {manager.py:741} INFO - There are 1 files in /opt/airflow/dags
[2026-05-13T12:51:18.115+0000] {manager.py:879} INFO - 
================================================================================
DAG File Processing Stats

File Path                 PID    Runtime      # DAGs    # Errors  Last Runtime    Last Run
------------------------  -----  ---------  --------  ----------  --------------  -------------------
/opt/airflow/dags/dag.py                           1           0  1.03s           2026-05-13T12:51:12
================================================================================
[2026-05-13T12:51:48.264+0000] {manager.py:879} INFO - 
================================================================================
DAG File Processing Stats

File Path                 PID    Runtime      # DAGs    # Errors  Last Runtime    Last Run
------------------------  -----  ---------  --------  ----------  --------------  -------------------
/opt/airflow/dags/dag.py                           1           0  0.85s           2026-05-13T12:51:43
================================================================================
[2026-05-13T12:52:18.453+0000] {manager.py:879} INFO - 
================================================================================
DAG File Processing Stats

File Path                 PID    Runtime      # DAGs    # Errors  Last Runtime    Last Run
------------------------  -----  ---------  --------  ----------  --------------  -------------------
/opt/airflow/dags/dag.py                           1           0  0.89s           2026-05-13T12:52:14
================================================================================
[2026-05-13T12:52:48.665+0000] {manager.py:879} INFO - 
================================================================================
DAG File Processing Stats

File Path                 PID    Runtime      # DAGs    # Errors  Last Runtime    Last Run
------------------------  -----  ---------  --------  ----------  --------------  -------------------
/opt/airflow/dags/dag.py                           1           0  0.95s           2026-05-13T12:52:45
================================================================================
[2026-05-13T12:53:18.866+0000] {manager.py:879} INFO - 
================================================================================
DAG File Processing Stats

File Path                 PID    Runtime      # DAGs    # Errors  Last Runtime    Last Run
------------------------  -----  ---------  --------  ----------  --------------  -------------------
/opt/airflow/dags/dag.py                           1           0  1.02s           2026-05-13T12:53:16
================================================================================
[2026-05-13T12:53:49.078+0000] {manager.py:879} INFO - 
================================================================================
DAG File Processing Stats

File Path                 PID    Runtime      # DAGs    # Errors  Last Runtime    Last Run
------------------------  -----  ---------  --------  ----------  --------------  -------------------
/opt/airflow/dags/dag.py                           1           0  0.98s           2026-05-13T12:53:48
================================================================================
[2026-05-13T12:54:19.237+0000] {manager.py:879} INFO - 
================================================================================
DAG File Processing Stats

File Path                 PID    Runtime      # DAGs    # Errors  Last Runtime    Last Run
------------------------  -----  ---------  --------  ----------  --------------  -------------------
/opt/airflow/dags/dag.py                           1           0  0.91s           2026-05-13T12:54:19
================================================================================
[2026-05-13T12:54:49.536+0000] {manager.py:879} INFO - 
================================================================================
DAG File Processing Stats

File Path                   PID  Runtime      # DAGs    # Errors  Last Runtime    Last Run
------------------------  -----  ---------  --------  ----------  --------------  -------------------
/opt/airflow/dags/dag.py   2138  0.00s             1           0  0.91s           2026-05-13T12:54:19
================================================================================
[2026-05-13T12:55:19.695+0000] {manager.py:879} INFO - 
================================================================================
DAG File Processing Stats

File Path                 PID    Runtime      # DAGs    # Errors  Last Runtime    Last Run
------------------------  -----  ---------  --------  ----------  --------------  -------------------
/opt/airflow/dags/dag.py                           1           0  0.88s           2026-05-13T12:54:50
================================================================================
[2026-05-13T12:55:49.865+0000] {manager.py:879} INFO - 
================================================================================
DAG File Processing Stats

File Path                 PID    Runtime      # DAGs    # Errors  Last Runtime    Last Run
------------------------  -----  ---------  --------  ----------  --------------  -------------------
/opt/airflow/dags/dag.py                           1           0  0.83s           2026-05-13T12:55:21
================================================================================
[2026-05-13T12:56:17.348+0000] {manager.py:738} INFO - Searching for files in /opt/airflow/dags
[2026-05-13T12:56:17.377+0000] {manager.py:741} INFO - There are 1 files in /opt/airflow/dags
[2026-05-13T12:56:20.003+0000] {manager.py:879} INFO - 
================================================================================
DAG File Processing Stats

File Path                 PID    Runtime      # DAGs    # Errors  Last Runtime    Last Run
------------------------  -----  ---------  --------  ----------  --------------  -------------------
/opt/airflow/dags/dag.py                           1           0  0.80s           2026-05-13T12:55:52
================================================================================
[2026-05-13T12:56:50.253+0000] {manager.py:879} INFO - 
================================================================================
DAG File Processing Stats

File Path                 PID    Runtime      # DAGs    # Errors  Last Runtime    Last Run
------------------------  -----  ---------  --------  ----------  --------------  -------------------
/opt/airflow/dags/dag.py                           1           0  0.91s           2026-05-13T12:56:23
================================================================================
[2026-05-13T12:57:20.430+0000] {manager.py:879} INFO - 
================================================================================
DAG File Processing Stats

File Path                 PID    Runtime      # DAGs    # Errors  Last Runtime    Last Run
------------------------  -----  ---------  --------  ----------  --------------  -------------------
/opt/airflow/dags/dag.py                           1           0  0.83s           2026-05-13T12:56:55
================================================================================
[2026-05-13T12:57:50.618+0000] {manager.py:879} INFO - 
================================================================================
DAG File Processing Stats

File Path                 PID    Runtime      # DAGs    # Errors  Last Runtime    Last Run
------------------------  -----  ---------  --------  ----------  --------------  -------------------
/opt/airflow/dags/dag.py                           1           0  0.87s           2026-05-13T12:57:26
================================================================================
[2026-05-13T12:58:20.719+0000] {manager.py:879} INFO - 
================================================================================
DAG File Processing Stats

File Path                 PID    Runtime      # DAGs    # Errors  Last Runtime    Last Run
------------------------  -----  ---------  --------  ----------  --------------  -------------------
/opt/airflow/dags/dag.py                           1           0  0.82s           2026-05-13T12:57:57
================================================================================
[2026-05-13T12:58:50.916+0000] {manager.py:879} INFO - 
================================================================================
DAG File Processing Stats

File Path                 PID    Runtime      # DAGs    # Errors  Last Runtime    Last Run
------------------------  -----  ---------  --------  ----------  --------------  -------------------
/opt/airflow/dags/dag.py                           1           0  1.04s           2026-05-13T12:58:28
================================================================================
[2026-05-13T12:59:21.331+0000] {manager.py:879} INFO - 
================================================================================
DAG File Processing Stats

File Path                 PID    Runtime      # DAGs    # Errors  Last Runtime    Last Run
------------------------  -----  ---------  --------  ----------  --------------  -------------------
/opt/airflow/dags/dag.py                           1           0  1.14s           2026-05-13T12:59:00
================================================================================
[2026-05-13T12:59:51.765+0000] {manager.py:879} INFO - 
================================================================================
DAG File Processing Stats

File Path                 PID    Runtime      # DAGs    # Errors  Last Runtime    Last Run
------------------------  -----  ---------  --------  ----------  --------------  -------------------
/opt/airflow/dags/dag.py                           1           0  1.09s           2026-05-13T12:59:31
================================================================================
[2026-05-13T13:00:22.172+0000] {manager.py:879} INFO - 
================================================================================
DAG File Processing Stats

File Path                 PID    Runtime      # DAGs    # Errors  Last Runtime    Last Run
------------------------  -----  ---------  --------  ----------  --------------  -------------------
/opt/airflow/dags/dag.py                           1           0  0.98s           2026-05-13T13:00:02
================================================================================
[2026-05-13T13:00:52.567+0000] {manager.py:879} INFO - 
================================================================================
DAG File Processing Stats

File Path                 PID    Runtime      # DAGs    # Errors  Last Runtime    Last Run
------------------------  -----  ---------  --------  ----------  --------------  -------------------
/opt/airflow/dags/dag.py                           1           0  1.02s           2026-05-13T13:00:34
================================================================================
[2026-05-13T13:01:17.813+0000] {manager.py:738} INFO - Searching for files in /opt/airflow/dags
[2026-05-13T13:01:17.882+0000] {manager.py:741} INFO - There are 1 files in /opt/airflow/dags
[2026-05-13T13:01:23.000+0000] {manager.py:879} INFO - 
================================================================================
DAG File Processing Stats

File Path                 PID    Runtime      # DAGs    # Errors  Last Runtime    Last Run
------------------------  -----  ---------  --------  ----------  --------------  -------------------
/opt/airflow/dags/dag.py                           1           0  0.96s           2026-05-13T13:01:05
================================================================================
[2026-05-13T13:01:53.394+0000] {manager.py:879} INFO - 
================================================================================
DAG File Processing Stats

File Path                 PID    Runtime      # DAGs    # Errors  Last Runtime    Last Run
------------------------  -----  ---------  --------  ----------  --------------  -------------------
/opt/airflow/dags/dag.py                           1           0  1.07s           2026-05-13T13:01:37
================================================================================
[2026-05-13T13:02:23.762+0000] {manager.py:879} INFO - 
================================================================================
DAG File Processing Stats

File Path                 PID    Runtime      # DAGs    # Errors  Last Runtime    Last Run
------------------------  -----  ---------  --------  ----------  --------------  -------------------
/opt/airflow/dags/dag.py                           1           0  1.03s           2026-05-13T13:02:08
================================================================================
[2026-05-13T13:02:54.161+0000] {manager.py:879} INFO - 
================================================================================
DAG File Processing Stats

File Path                 PID    Runtime      # DAGs    # Errors  Last Runtime    Last Run
------------------------  -----  ---------  --------  ----------  --------------  -------------------
/opt/airflow/dags/dag.py                           1           0  1.28s           2026-05-13T13:02:40
================================================================================
[2026-05-13T13:03:24.511+0000] {manager.py:879} INFO - 
================================================================================
DAG File Processing Stats

File Path                 PID    Runtime      # DAGs    # Errors  Last Runtime    Last Run
------------------------  -----  ---------  --------  ----------  --------------  -------------------
/opt/airflow/dags/dag.py                           1           0  1.05s           2026-05-13T13:03:11
================================================================================
[2026-05-13T13:03:54.978+0000] {manager.py:879} INFO - 
================================================================================
DAG File Processing Stats

File Path                 PID    Runtime      # DAGs    # Errors  Last Runtime    Last Run
------------------------  -----  ---------  --------  ----------  --------------  -------------------
/opt/airflow/dags/dag.py                           1           0  1.16s           2026-05-13T13:03:42
================================================================================
[2026-05-13T13:04:25.179+0000] {manager.py:879} INFO - 
================================================================================
DAG File Processing Stats

File Path                 PID    Runtime      # DAGs    # Errors  Last Runtime    Last Run
------------------------  -----  ---------  --------  ----------  --------------  -------------------
/opt/airflow/dags/dag.py                           1           0  0.89s           2026-05-13T13:04:14
================================================================================
[2026-05-13T13:04:55.505+0000] {manager.py:879} INFO - 
================================================================================
DAG File Processing Stats

File Path                 PID    Runtime      # DAGs    # Errors  Last Runtime    Last Run
------------------------  -----  ---------  --------  ----------  --------------  -------------------
/opt/airflow/dags/dag.py                           1           0  1.05s           2026-05-13T13:04:45
================================================================================
[2026-05-13T13:05:25.673+0000] {manager.py:879} INFO - 
================================================================================
DAG File Processing Stats

File Path                 PID    Runtime      # DAGs    # Errors  Last Runtime    Last Run
------------------------  -----  ---------  --------  ----------  --------------  -------------------
/opt/airflow/dags/dag.py                           1           0  0.87s           2026-05-13T13:05:16
================================================================================
[2026-05-13T13:05:55.982+0000] {manager.py:879} INFO - 
================================================================================
DAG File Processing Stats

File Path                 PID    Runtime      # DAGs    # Errors  Last Runtime    Last Run
------------------------  -----  ---------  --------  ----------  --------------  -------------------
/opt/airflow/dags/dag.py                           1           0  0.94s           2026-05-13T13:05:47
================================================================================
[2026-05-13T13:06:18.212+0000] {manager.py:738} INFO - Searching for files in /opt/airflow/dags
[2026-05-13T13:06:18.325+0000] {manager.py:741} INFO - There are 1 files in /opt/airflow/dags
[2026-05-13T13:06:26.440+0000] {manager.py:879} INFO - 
================================================================================
DAG File Processing Stats

File Path                 PID    Runtime      # DAGs    # Errors  Last Runtime    Last Run
------------------------  -----  ---------  --------  ----------  --------------  -------------------
/opt/airflow/dags/dag.py                           1           0  1.10s           2026-05-13T13:06:19
================================================================================
[2026-05-13T13:06:56.632+0000] {manager.py:879} INFO - 
================================================================================
DAG File Processing Stats

File Path                 PID    Runtime      # DAGs    # Errors  Last Runtime    Last Run
------------------------  -----  ---------  --------  ----------  --------------  -------------------
/opt/airflow/dags/dag.py                           1           0  0.89s           2026-05-13T13:06:50
================================================================================
[2026-05-13T13:07:26.884+0000] {manager.py:879} INFO - 
================================================================================
DAG File Processing Stats

File Path                 PID    Runtime      # DAGs    # Errors  Last Runtime    Last Run
------------------------  -----  ---------  --------  ----------  --------------  -------------------
/opt/airflow/dags/dag.py                           1           0  0.96s           2026-05-13T13:07:21
================================================================================
[2026-05-13T13:07:57.077+0000] {manager.py:879} INFO - 
================================================================================
DAG File Processing Stats

File Path                 PID    Runtime      # DAGs    # Errors  Last Runtime    Last Run
------------------------  -----  ---------  --------  ----------  --------------  -------------------
/opt/airflow/dags/dag.py                           1           0  0.90s           2026-05-13T13:07:53
================================================================================
[2026-05-13T13:08:27.233+0000] {manager.py:879} INFO - 
================================================================================
DAG File Processing Stats

File Path                 PID    Runtime      # DAGs    # Errors  Last Runtime    Last Run
------------------------  -----  ---------  --------  ----------  --------------  -------------------
/opt/airflow/dags/dag.py                           1           0  0.85s           2026-05-13T13:08:24
================================================================================
[2026-05-13T13:08:57.481+0000] {manager.py:879} INFO - 
================================================================================
DAG File Processing Stats

File Path                 PID    Runtime      # DAGs    # Errors  Last Runtime    Last Run
------------------------  -----  ---------  --------  ----------  --------------  -------------------
/opt/airflow/dags/dag.py                           1           0  0.92s           2026-05-13T13:08:55
================================================================================
[2026-05-13T13:09:27.725+0000] {manager.py:879} INFO - 
================================================================================
DAG File Processing Stats

File Path                 PID    Runtime      # DAGs    # Errors  Last Runtime    Last Run
------------------------  -----  ---------  --------  ----------  --------------  -------------------
/opt/airflow/dags/dag.py                           1           0  0.95s           2026-05-13T13:09:26
================================================================================
[2026-05-13T13:09:58.034+0000] {manager.py:879} INFO - 
================================================================================
DAG File Processing Stats

File Path                 PID    Runtime      # DAGs    # Errors  Last Runtime    Last Run
------------------------  -----  ---------  --------  ----------  --------------  -------------------
/opt/airflow/dags/dag.py                           1           0  0.96s           2026-05-13T13:09:58
================================================================================
[2026-05-13T13:10:28.324+0000] {manager.py:879} INFO - 
================================================================================
DAG File Processing Stats

File Path                   PID  Runtime      # DAGs    # Errors  Last Runtime    Last Run
------------------------  -----  ---------  --------  ----------  --------------  -------------------
/opt/airflow/dags/dag.py   2678  0.00s             1           0  0.96s           2026-05-13T13:09:58
================================================================================
[2026-05-13T13:10:58.490+0000] {manager.py:879} INFO - 
================================================================================
DAG File Processing Stats

File Path                 PID    Runtime      # DAGs    # Errors  Last Runtime    Last Run
------------------------  -----  ---------  --------  ----------  --------------  -------------------
/opt/airflow/dags/dag.py                           1           0  0.86s           2026-05-13T13:10:29
================================================================================
[2026-05-13T13:11:18.633+0000] {manager.py:738} INFO - Searching for files in /opt/airflow/dags
[2026-05-13T13:11:18.684+0000] {manager.py:741} INFO - There are 1 files in /opt/airflow/dags
[2026-05-13T13:11:28.795+0000] {manager.py:879} INFO - 
================================================================================
DAG File Processing Stats

File Path                 PID    Runtime      # DAGs    # Errors  Last Runtime    Last Run
------------------------  -----  ---------  --------  ----------  --------------  -------------------
/opt/airflow/dags/dag.py                           1           0  0.95s           2026-05-13T13:11:00
================================================================================
[2026-05-13T13:11:59.026+0000] {manager.py:879} INFO - 
================================================================================
DAG File Processing Stats

File Path                 PID    Runtime      # DAGs    # Errors  Last Runtime    Last Run
------------------------  -----  ---------  --------  ----------  --------------  -------------------
/opt/airflow/dags/dag.py                           1           0  0.93s           2026-05-13T13:11:31
================================================================================
[2026-05-13T13:12:29.214+0000] {manager.py:879} INFO - 
================================================================================
DAG File Processing Stats

File Path                 PID    Runtime      # DAGs    # Errors  Last Runtime    Last Run
------------------------  -----  ---------  --------  ----------  --------------  -------------------
/opt/airflow/dags/dag.py                           1           0  0.94s           2026-05-13T13:12:03
================================================================================
[2026-05-13T13:12:59.391+0000] {manager.py:879} INFO - 
================================================================================
DAG File Processing Stats

File Path                 PID    Runtime      # DAGs    # Errors  Last Runtime    Last Run
------------------------  -----  ---------  --------  ----------  --------------  -------------------
/opt/airflow/dags/dag.py                           1           0  0.98s           2026-05-13T13:12:34
================================================================================
[2026-05-13T13:13:29.570+0000] {manager.py:879} INFO - 
================================================================================
DAG File Processing Stats

File Path                 PID    Runtime      # DAGs    # Errors  Last Runtime    Last Run
------------------------  -----  ---------  --------  ----------  --------------  -------------------
/opt/airflow/dags/dag.py                           1           0  0.96s           2026-05-13T13:13:05
================================================================================
[2026-05-13T13:13:59.763+0000] {manager.py:879} INFO - 
================================================================================
DAG File Processing Stats

File Path                 PID    Runtime      # DAGs    # Errors  Last Runtime    Last Run
------------------------  -----  ---------  --------  ----------  --------------  -------------------
/opt/airflow/dags/dag.py                           1           0  0.91s           2026-05-13T13:13:36
================================================================================
[2026-05-13T13:14:29.984+0000] {manager.py:879} INFO - 
================================================================================
DAG File Processing Stats

File Path                 PID    Runtime      # DAGs    # Errors  Last Runtime    Last Run
------------------------  -----  ---------  --------  ----------  --------------  -------------------
/opt/airflow/dags/dag.py                           1           0  0.93s           2026-05-13T13:14:07
================================================================================
[2026-05-13T13:15:00.156+0000] {manager.py:879} INFO - 
================================================================================
DAG File Processing Stats

File Path                 PID    Runtime      # DAGs    # Errors  Last Runtime    Last Run
------------------------  -----  ---------  --------  ----------  --------------  -------------------
/opt/airflow/dags/dag.py                           1           0  0.87s           2026-05-13T13:14:38
================================================================================
[2026-05-13T13:15:30.393+0000] {manager.py:879} INFO - 
================================================================================
DAG File Processing Stats

File Path                 PID    Runtime      # DAGs    # Errors  Last Runtime    Last Run
------------------------  -----  ---------  --------  ----------  --------------  -------------------
/opt/airflow/dags/dag.py                           1           0  0.95s           2026-05-13T13:15:10
================================================================================
[2026-05-13T13:16:00.404+0000] {manager.py:879} INFO - 
================================================================================
DAG File Processing Stats

File Path                 PID    Runtime      # DAGs    # Errors  Last Runtime    Last Run
------------------------  -----  ---------  --------  ----------  --------------  -------------------
/opt/airflow/dags/dag.py                           1           0  0.86s           2026-05-13T13:15:41
================================================================================
[2026-05-13T13:16:19.456+0000] {manager.py:738} INFO - Searching for files in /opt/airflow/dags
[2026-05-13T13:16:19.652+0000] {manager.py:741} INFO - There are 1 files in /opt/airflow/dags
[2026-05-13T13:16:30.767+0000] {manager.py:879} INFO - 
================================================================================
DAG File Processing Stats

File Path                 PID    Runtime      # DAGs    # Errors  Last Runtime    Last Run
------------------------  -----  ---------  --------  ----------  --------------  -------------------
/opt/airflow/dags/dag.py                           1           0  0.84s           2026-05-13T13:16:12
================================================================================
[2026-05-13T13:17:00.947+0000] {manager.py:879} INFO - 
================================================================================
DAG File Processing Stats

File Path                 PID    Runtime      # DAGs    # Errors  Last Runtime    Last Run
------------------------  -----  ---------  --------  ----------  --------------  -------------------
/opt/airflow/dags/dag.py                           1           0  0.90s           2026-05-13T13:16:43
================================================================================
[2026-05-13T13:17:31.221+0000] {manager.py:879} INFO - 
================================================================================
DAG File Processing Stats

File Path                 PID    Runtime      # DAGs    # Errors  Last Runtime    Last Run
------------------------  -----  ---------  --------  ----------  --------------  -------------------
/opt/airflow/dags/dag.py                           1           0  1.02s           2026-05-13T13:17:15
================================================================================
[2026-05-13T13:18:01.493+0000] {manager.py:879} INFO - 
================================================================================
DAG File Processing Stats

File Path                 PID    Runtime      # DAGs    # Errors  Last Runtime    Last Run
------------------------  -----  ---------  --------  ----------  --------------  -------------------
/opt/airflow/dags/dag.py                           1           0  0.99s           2026-05-13T13:17:46
================================================================================
[2026-05-13T13:18:31.790+0000] {manager.py:879} INFO - 
================================================================================
DAG File Processing Stats

File Path                 PID    Runtime      # DAGs    # Errors  Last Runtime    Last Run
------------------------  -----  ---------  --------  ----------  --------------  -------------------
/opt/airflow/dags/dag.py                           1           0  1.09s           2026-05-13T13:18:17
================================================================================
[2026-05-13T13:19:02.071+0000] {manager.py:879} INFO - 
================================================================================
DAG File Processing Stats

File Path                 PID    Runtime      # DAGs    # Errors  Last Runtime    Last Run
------------------------  -----  ---------  --------  ----------  --------------  -------------------
/opt/airflow/dags/dag.py                           1           0  0.97s           2026-05-13T13:18:48
================================================================================
[2026-05-13T13:19:32.232+0000] {manager.py:879} INFO - 
================================================================================
DAG File Processing Stats

File Path                 PID    Runtime      # DAGs    # Errors  Last Runtime    Last Run
------------------------  -----  ---------  --------  ----------  --------------  -------------------
/opt/airflow/dags/dag.py                           1           0  0.90s           2026-05-13T13:19:20
================================================================================
[2026-05-13T13:20:02.497+0000] {manager.py:879} INFO - 
================================================================================
DAG File Processing Stats

File Path                 PID    Runtime      # DAGs    # Errors  Last Runtime    Last Run
------------------------  -----  ---------  --------  ----------  --------------  -------------------
/opt/airflow/dags/dag.py                           1           0  0.97s           2026-05-13T13:19:51
================================================================================
[2026-05-13T13:20:32.706+0000] {manager.py:879} INFO - 
================================================================================
DAG File Processing Stats

File Path                 PID    Runtime      # DAGs    # Errors  Last Runtime    Last Run
------------------------  -----  ---------  --------  ----------  --------------  -------------------
/opt/airflow/dags/dag.py                           1           0  0.92s           2026-05-13T13:20:22
================================================================================
[2026-05-13T13:21:02.891+0000] {manager.py:879} INFO - 
================================================================================
DAG File Processing Stats

File Path                 PID    Runtime      # DAGs    # Errors  Last Runtime    Last Run
------------------------  -----  ---------  --------  ----------  --------------  -------------------
/opt/airflow/dags/dag.py                           1           0  0.91s           2026-05-13T13:20:53
================================================================================
[2026-05-13T13:21:20.041+0000] {manager.py:738} INFO - Searching for files in /opt/airflow/dags
[2026-05-13T13:21:20.155+0000] {manager.py:741} INFO - There are 1 files in /opt/airflow/dags
[2026-05-13T13:21:33.234+0000] {manager.py:879} INFO - 
================================================================================
DAG File Processing Stats

File Path                 PID    Runtime      # DAGs    # Errors  Last Runtime    Last Run
------------------------  -----  ---------  --------  ----------  --------------  -------------------
/opt/airflow/dags/dag.py                           1           0  0.94s           2026-05-13T13:21:25
================================================================================
[2026-05-13T13:22:03.406+0000] {manager.py:879} INFO - 
================================================================================
DAG File Processing Stats

File Path                 PID    Runtime      # DAGs    # Errors  Last Runtime    Last Run
------------------------  -----  ---------  --------  ----------  --------------  -------------------
/opt/airflow/dags/dag.py                           1           0  0.92s           2026-05-13T13:21:56
================================================================================
[2026-05-13T13:22:33.621+0000] {manager.py:879} INFO - 
================================================================================
DAG File Processing Stats

File Path                 PID    Runtime      # DAGs    # Errors  Last Runtime    Last Run
------------------------  -----  ---------  --------  ----------  --------------  -------------------
/opt/airflow/dags/dag.py                           1           0  0.94s           2026-05-13T13:22:27
================================================================================
[2026-05-13T13:23:03.820+0000] {manager.py:879} INFO - 
================================================================================
DAG File Processing Stats

File Path                 PID    Runtime      # DAGs    # Errors  Last Runtime    Last Run
------------------------  -----  ---------  --------  ----------  --------------  -------------------
/opt/airflow/dags/dag.py                           1           0  0.91s           2026-05-13T13:22:58
================================================================================
[2026-05-13T13:23:33.989+0000] {manager.py:879} INFO - 
================================================================================
DAG File Processing Stats

File Path                 PID    Runtime      # DAGs    # Errors  Last Runtime    Last Run
------------------------  -----  ---------  --------  ----------  --------------  -------------------
/opt/airflow/dags/dag.py                           1           0  0.90s           2026-05-13T13:23:29
================================================================================
[2026-05-13T13:24:04.197+0000] {manager.py:879} INFO - 
================================================================================
DAG File Processing Stats

File Path                 PID    Runtime      # DAGs    # Errors  Last Runtime    Last Run
------------------------  -----  ---------  --------  ----------  --------------  -------------------
/opt/airflow/dags/dag.py                           1           0  0.93s           2026-05-13T13:24:01
================================================================================
[2026-05-13T13:24:34.428+0000] {manager.py:879} INFO - 
================================================================================
DAG File Processing Stats

File Path                 PID    Runtime      # DAGs    # Errors  Last Runtime    Last Run
------------------------  -----  ---------  --------  ----------  --------------  -------------------
/opt/airflow/dags/dag.py                           1           0  0.93s           2026-05-13T13:24:32
================================================================================
[2026-05-13T13:25:04.667+0000] {manager.py:879} INFO - 
================================================================================
DAG File Processing Stats

File Path                 PID    Runtime      # DAGs    # Errors  Last Runtime    Last Run
------------------------  -----  ---------  --------  ----------  --------------  -------------------
/opt/airflow/dags/dag.py                           1           0  0.92s           2026-05-13T13:25:03
================================================================================
[2026-05-13T13:25:34.835+0000] {manager.py:879} INFO - 
================================================================================
DAG File Processing Stats

File Path                 PID    Runtime      # DAGs    # Errors  Last Runtime    Last Run
------------------------  -----  ---------  --------  ----------  --------------  -------------------
/opt/airflow/dags/dag.py                           1           0  0.89s           2026-05-13T13:25:34
================================================================================
[2026-05-13T13:26:05.112+0000] {manager.py:879} INFO - 
================================================================================
DAG File Processing Stats

File Path                   PID  Runtime      # DAGs    # Errors  Last Runtime    Last Run
------------------------  -----  ---------  --------  ----------  --------------  -------------------
/opt/airflow/dags/dag.py   3218  0.01s             1           0  0.89s           2026-05-13T13:25:34
================================================================================
[2026-05-13T13:26:20.151+0000] {manager.py:738} INFO - Searching for files in /opt/airflow/dags
[2026-05-13T13:26:20.257+0000] {manager.py:741} INFO - There are 1 files in /opt/airflow/dags
[2026-05-13T13:26:35.405+0000] {manager.py:879} INFO - 
================================================================================
DAG File Processing Stats

File Path                 PID    Runtime      # DAGs    # Errors  Last Runtime    Last Run
------------------------  -----  ---------  --------  ----------  --------------  -------------------
/opt/airflow/dags/dag.py                           1           0  0.95s           2026-05-13T13:26:06
================================================================================
[2026-05-13T13:27:05.603+0000] {manager.py:879} INFO - 
================================================================================
DAG File Processing Stats

File Path                 PID    Runtime      # DAGs    # Errors  Last Runtime    Last Run
------------------------  -----  ---------  --------  ----------  --------------  -------------------
/opt/airflow/dags/dag.py                           1           0  0.91s           2026-05-13T13:26:37
================================================================================
[2026-05-13T13:27:35.745+0000] {manager.py:879} INFO - 
================================================================================
DAG File Processing Stats

File Path                 PID    Runtime      # DAGs    # Errors  Last Runtime    Last Run
------------------------  -----  ---------  --------  ----------  --------------  -------------------
/opt/airflow/dags/dag.py                           1           0  0.92s           2026-05-13T13:27:08
================================================================================
[2026-05-13T13:28:05.973+0000] {manager.py:879} INFO - 
================================================================================
DAG File Processing Stats

File Path                 PID    Runtime      # DAGs    # Errors  Last Runtime    Last Run
------------------------  -----  ---------  --------  ----------  --------------  -------------------
/opt/airflow/dags/dag.py                           1           0  0.96s           2026-05-13T13:27:39
================================================================================
[2026-05-13T13:28:36.207+0000] {manager.py:879} INFO - 
================================================================================
DAG File Processing Stats

File Path                 PID    Runtime      # DAGs    # Errors  Last Runtime    Last Run
------------------------  -----  ---------  --------  ----------  --------------  -------------------
/opt/airflow/dags/dag.py                           1           0  0.97s           2026-05-13T13:28:10
================================================================================
[2026-05-13T13:29:06.464+0000] {manager.py:879} INFO - 
================================================================================
DAG File Processing Stats

File Path                 PID    Runtime      # DAGs    # Errors  Last Runtime    Last Run
------------------------  -----  ---------  --------  ----------  --------------  -------------------
/opt/airflow/dags/dag.py                           1           0  0.85s           2026-05-13T13:28:41
================================================================================
[2026-05-13T13:29:36.746+0000] {manager.py:879} INFO - 
================================================================================
DAG File Processing Stats

File Path                 PID    Runtime      # DAGs    # Errors  Last Runtime    Last Run
------------------------  -----  ---------  --------  ----------  --------------  -------------------
/opt/airflow/dags/dag.py                           1           0  0.83s           2026-05-13T13:29:13
================================================================================
[2026-05-13T13:30:07.025+0000] {manager.py:879} INFO - 
================================================================================
DAG File Processing Stats

File Path                 PID    Runtime      # DAGs    # Errors  Last Runtime    Last Run
------------------------  -----  ---------  --------  ----------  --------------  -------------------
/opt/airflow/dags/dag.py                           1           0  0.87s           2026-05-13T13:29:44
================================================================================
[2026-05-13T13:30:37.280+0000] {manager.py:879} INFO - 
================================================================================
DAG File Processing Stats

File Path                 PID    Runtime      # DAGs    # Errors  Last Runtime    Last Run
------------------------  -----  ---------  --------  ----------  --------------  -------------------
/opt/airflow/dags/dag.py                           1           0  0.94s           2026-05-13T13:30:15
================================================================================
[2026-05-13T13:31:07.561+0000] {manager.py:879} INFO - 
================================================================================
DAG File Processing Stats

File Path                 PID    Runtime      # DAGs    # Errors  Last Runtime    Last Run
------------------------  -----  ---------  --------  ----------  --------------  -------------------
/opt/airflow/dags/dag.py                           1           0  0.83s           2026-05-13T13:30:46
================================================================================
[2026-05-13T13:31:20.684+0000] {manager.py:738} INFO - Searching for files in /opt/airflow/dags
[2026-05-13T13:31:20.830+0000] {manager.py:741} INFO - There are 1 files in /opt/airflow/dags
[2026-05-13T13:31:37.998+0000] {manager.py:879} INFO - 
================================================================================
DAG File Processing Stats

File Path                 PID    Runtime      # DAGs    # Errors  Last Runtime    Last Run
------------------------  -----  ---------  --------  ----------  --------------  -------------------
/opt/airflow/dags/dag.py                           1           0  0.89s           2026-05-13T13:31:17
================================================================================
[2026-05-13T13:32:08.270+0000] {manager.py:879} INFO - 
================================================================================
DAG File Processing Stats

File Path                 PID    Runtime      # DAGs    # Errors  Last Runtime    Last Run
------------------------  -----  ---------  --------  ----------  --------------  -------------------
/opt/airflow/dags/dag.py                           1           0  1.06s           2026-05-13T13:31:49
================================================================================
[2026-05-13T13:32:38.474+0000] {manager.py:879} INFO - 
================================================================================
DAG File Processing Stats

File Path                 PID    Runtime      # DAGs    # Errors  Last Runtime    Last Run
------------------------  -----  ---------  --------  ----------  --------------  -------------------
/opt/airflow/dags/dag.py                           1           0  0.94s           2026-05-13T13:32:20
================================================================================
[2026-05-13T13:33:08.658+0000] {manager.py:879} INFO - 
================================================================================
DAG File Processing Stats

File Path                 PID    Runtime      # DAGs    # Errors  Last Runtime    Last Run
------------------------  -----  ---------  --------  ----------  --------------  -------------------
/opt/airflow/dags/dag.py                           1           0  0.90s           2026-05-13T13:32:51
================================================================================
[2026-05-13T13:33:38.807+0000] {manager.py:879} INFO - 
================================================================================
DAG File Processing Stats

File Path                 PID    Runtime      # DAGs    # Errors  Last Runtime    Last Run
------------------------  -----  ---------  --------  ----------  --------------  -------------------
/opt/airflow/dags/dag.py                           1           0  0.84s           2026-05-13T13:33:22
================================================================================
[2026-05-13T13:34:09.003+0000] {manager.py:879} INFO - 
================================================================================
DAG File Processing Stats

File Path                 PID    Runtime      # DAGs    # Errors  Last Runtime    Last Run
------------------------  -----  ---------  --------  ----------  --------------  -------------------
/opt/airflow/dags/dag.py                           1           0  0.92s           2026-05-13T13:33:53
================================================================================
[2026-05-13T13:34:39.185+0000] {manager.py:879} INFO - 
================================================================================
DAG File Processing Stats

File Path                 PID    Runtime      # DAGs    # Errors  Last Runtime    Last Run
------------------------  -----  ---------  --------  ----------  --------------  -------------------
/opt/airflow/dags/dag.py                           1           0  0.88s           2026-05-13T13:34:25
================================================================================
[2026-05-13T13:35:09.456+0000] {manager.py:879} INFO - 
================================================================================
DAG File Processing Stats

File Path                 PID    Runtime      # DAGs    # Errors  Last Runtime    Last Run
------------------------  -----  ---------  --------  ----------  --------------  -------------------
/opt/airflow/dags/dag.py                           1           0  0.94s           2026-05-13T13:34:56
================================================================================
[2026-05-13T13:35:39.668+0000] {manager.py:879} INFO - 
================================================================================
DAG File Processing Stats

File Path                 PID    Runtime      # DAGs    # Errors  Last Runtime    Last Run
------------------------  -----  ---------  --------  ----------  --------------  -------------------
/opt/airflow/dags/dag.py                           1           0  0.95s           2026-05-13T13:35:27
================================================================================
[2026-05-13T13:36:09.950+0000] {manager.py:879} INFO - 
================================================================================
DAG File Processing Stats

File Path                 PID    Runtime      # DAGs    # Errors  Last Runtime    Last Run
------------------------  -----  ---------  --------  ----------  --------------  -------------------
/opt/airflow/dags/dag.py                           1           0  1.01s           2026-05-13T13:35:58
================================================================================
[2026-05-13T13:36:21.049+0000] {manager.py:738} INFO - Searching for files in /opt/airflow/dags
[2026-05-13T13:36:21.159+0000] {manager.py:741} INFO - There are 1 files in /opt/airflow/dags
[2026-05-13T13:36:40.376+0000] {manager.py:879} INFO - 
================================================================================
DAG File Processing Stats

File Path                 PID    Runtime      # DAGs    # Errors  Last Runtime    Last Run
------------------------  -----  ---------  --------  ----------  --------------  -------------------
/opt/airflow/dags/dag.py                           1           0  1.02s           2026-05-13T13:36:30
================================================================================
[2026-05-13T13:37:10.618+0000] {manager.py:879} INFO - 
================================================================================
DAG File Processing Stats

File Path                 PID    Runtime      # DAGs    # Errors  Last Runtime    Last Run
------------------------  -----  ---------  --------  ----------  --------------  -------------------
/opt/airflow/dags/dag.py                           1           0  0.93s           2026-05-13T13:37:01
================================================================================
[2026-05-13T13:37:40.823+0000] {manager.py:879} INFO - 
================================================================================
DAG File Processing Stats

File Path                 PID    Runtime      # DAGs    # Errors  Last Runtime    Last Run
------------------------  -----  ---------  --------  ----------  --------------  -------------------
/opt/airflow/dags/dag.py                           1           0  0.84s           2026-05-13T13:37:32
================================================================================
[2026-05-13T13:38:11.016+0000] {manager.py:879} INFO - 
================================================================================
DAG File Processing Stats

File Path                 PID    Runtime      # DAGs    # Errors  Last Runtime    Last Run
------------------------  -----  ---------  --------  ----------  --------------  -------------------
/opt/airflow/dags/dag.py                           1           0  0.85s           2026-05-13T13:38:03
================================================================================
[2026-05-13T13:38:41.164+0000] {manager.py:879} INFO - 
================================================================================
DAG File Processing Stats

File Path                 PID    Runtime      # DAGs    # Errors  Last Runtime    Last Run
------------------------  -----  ---------  --------  ----------  --------------  -------------------
/opt/airflow/dags/dag.py                           1           0  0.83s           2026-05-13T13:38:35
================================================================================
[2026-05-13T13:39:11.316+0000] {manager.py:879} INFO - 
================================================================================
DAG File Processing Stats

File Path                 PID    Runtime      # DAGs    # Errors  Last Runtime    Last Run
------------------------  -----  ---------  --------  ----------  --------------  -------------------
/opt/airflow/dags/dag.py                           1           0  0.83s           2026-05-13T13:39:06
================================================================================
[2026-05-13T13:39:41.462+0000] {manager.py:879} INFO - 
================================================================================
DAG File Processing Stats

File Path                 PID    Runtime      # DAGs    # Errors  Last Runtime    Last Run
------------------------  -----  ---------  --------  ----------  --------------  -------------------
/opt/airflow/dags/dag.py                           1           0  0.82s           2026-05-13T13:39:37
================================================================================
[2026-05-13T13:40:11.614+0000] {manager.py:879} INFO - 
================================================================================
DAG File Processing Stats

File Path                 PID    Runtime      # DAGs    # Errors  Last Runtime    Last Run
------------------------  -----  ---------  --------  ----------  --------------  -------------------
/opt/airflow/dags/dag.py                           1           0  0.84s           2026-05-13T13:40:08
================================================================================
[2026-05-13T13:40:41.872+0000] {manager.py:879} INFO - 
================================================================================
DAG File Processing Stats

File Path                 PID    Runtime      # DAGs    # Errors  Last Runtime    Last Run
------------------------  -----  ---------  --------  ----------  --------------  -------------------
/opt/airflow/dags/dag.py                           1           0  0.85s           2026-05-13T13:40:39
================================================================================
[2026-05-13T13:41:12.149+0000] {manager.py:879} INFO - 
================================================================================
DAG File Processing Stats

File Path                 PID    Runtime      # DAGs    # Errors  Last Runtime    Last Run
------------------------  -----  ---------  --------  ----------  --------------  -------------------
/opt/airflow/dags/dag.py                           1           0  0.84s           2026-05-13T13:41:10
================================================================================
[2026-05-13T13:41:21.242+0000] {manager.py:738} INFO - Searching for files in /opt/airflow/dags
[2026-05-13T13:41:21.337+0000] {manager.py:741} INFO - There are 1 files in /opt/airflow/dags
[2026-05-13T13:41:42.556+0000] {manager.py:879} INFO - 
================================================================================
DAG File Processing Stats

File Path                 PID    Runtime      # DAGs    # Errors  Last Runtime    Last Run
------------------------  -----  ---------  --------  ----------  --------------  -------------------
/opt/airflow/dags/dag.py                           1           0  0.90s           2026-05-13T13:41:41
================================================================================
[2026-05-13T13:42:12.812+0000] {manager.py:879} INFO - 
================================================================================
DAG File Processing Stats

File Path                   PID  Runtime      # DAGs    # Errors  Last Runtime    Last Run
------------------------  -----  ---------  --------  ----------  --------------  -------------------
/opt/airflow/dags/dag.py   3776  0.56s             1           0  0.90s           2026-05-13T13:41:41
================================================================================
[2026-05-13T13:42:43.096+0000] {manager.py:879} INFO - 
================================================================================
DAG File Processing Stats

File Path                 PID    Runtime      # DAGs    # Errors  Last Runtime    Last Run
------------------------  -----  ---------  --------  ----------  --------------  -------------------
/opt/airflow/dags/dag.py                           1           0  0.87s           2026-05-13T13:42:13
================================================================================
[2026-05-13T13:43:13.415+0000] {manager.py:879} INFO - 
================================================================================
DAG File Processing Stats

File Path                 PID    Runtime      # DAGs    # Errors  Last Runtime    Last Run
------------------------  -----  ---------  --------  ----------  --------------  -------------------
/opt/airflow/dags/dag.py                           1           0  0.81s           2026-05-13T13:42:44
================================================================================
[2026-05-13T13:43:43.612+0000] {manager.py:879} INFO - 
================================================================================
DAG File Processing Stats

File Path                 PID    Runtime      # DAGs    # Errors  Last Runtime    Last Run
------------------------  -----  ---------  --------  ----------  --------------  -------------------
/opt/airflow/dags/dag.py                           1           0  0.86s           2026-05-13T13:43:15
================================================================================
[2026-05-13T13:44:13.840+0000] {manager.py:879} INFO - 
================================================================================
DAG File Processing Stats

File Path                 PID    Runtime      # DAGs    # Errors  Last Runtime    Last Run
------------------------  -----  ---------  --------  ----------  --------------  -------------------
/opt/airflow/dags/dag.py                           1           0  0.86s           2026-05-13T13:43:46
================================================================================
[2026-05-13T13:44:44.027+0000] {manager.py:879} INFO - 
================================================================================
DAG File Processing Stats

File Path                 PID    Runtime      # DAGs    # Errors  Last Runtime    Last Run
------------------------  -----  ---------  --------  ----------  --------------  -------------------
/opt/airflow/dags/dag.py                           1           0  0.84s           2026-05-13T13:44:17
================================================================================
[2026-05-13T13:45:14.282+0000] {manager.py:879} INFO - 
================================================================================
DAG File Processing Stats

File Path                 PID    Runtime      # DAGs    # Errors  Last Runtime    Last Run
------------------------  -----  ---------  --------  ----------  --------------  -------------------
/opt/airflow/dags/dag.py                           1           0  0.93s           2026-05-13T13:44:49
================================================================================
[2026-05-13T13:45:44.560+0000] {manager.py:879} INFO - 
================================================================================
DAG File Processing Stats

File Path                 PID    Runtime      # DAGs    # Errors  Last Runtime    Last Run
------------------------  -----  ---------  --------  ----------  --------------  -------------------
/opt/airflow/dags/dag.py                           1           0  0.93s           2026-05-13T13:45:20
================================================================================
[2026-05-13T13:46:14.841+0000] {manager.py:879} INFO - 
================================================================================
DAG File Processing Stats

File Path                 PID    Runtime      # DAGs    # Errors  Last Runtime    Last Run
------------------------  -----  ---------  --------  ----------  --------------  -------------------
/opt/airflow/dags/dag.py                           1           0  0.94s           2026-05-13T13:45:51
================================================================================
[2026-05-13T13:46:21.902+0000] {manager.py:738} INFO - Searching for files in /opt/airflow/dags
[2026-05-13T13:46:21.952+0000] {manager.py:741} INFO - There are 1 files in /opt/airflow/dags
[2026-05-13T13:46:45.034+0000] {manager.py:879} INFO - 
================================================================================
DAG File Processing Stats

File Path                 PID    Runtime      # DAGs    # Errors  Last Runtime    Last Run
------------------------  -----  ---------  --------  ----------  --------------  -------------------
/opt/airflow/dags/dag.py                           1           0  0.84s           2026-05-13T13:46:22
================================================================================
[2026-05-13T13:47:15.238+0000] {manager.py:879} INFO - 
================================================================================
DAG File Processing Stats

File Path                 PID    Runtime      # DAGs    # Errors  Last Runtime    Last Run
------------------------  -----  ---------  --------  ----------  --------------  -------------------
/opt/airflow/dags/dag.py                           1           0  0.90s           2026-05-13T13:46:54
================================================================================
[2026-05-13T13:47:45.580+0000] {manager.py:879} INFO - 
================================================================================
DAG File Processing Stats

File Path                 PID    Runtime      # DAGs    # Errors  Last Runtime    Last Run
------------------------  -----  ---------  --------  ----------  --------------  -------------------
/opt/airflow/dags/dag.py                           1           0  1.04s           2026-05-13T13:47:25
================================================================================
[2026-05-13T13:48:15.792+0000] {manager.py:879} INFO - 
================================================================================
DAG File Processing Stats

File Path                 PID    Runtime      # DAGs    # Errors  Last Runtime    Last Run
------------------------  -----  ---------  --------  ----------  --------------  -------------------
/opt/airflow/dags/dag.py                           1           0  0.84s           2026-05-13T13:47:56
================================================================================
[2026-05-13T13:48:46.031+0000] {manager.py:879} INFO - 
================================================================================
DAG File Processing Stats

File Path                 PID    Runtime      # DAGs    # Errors  Last Runtime    Last Run
------------------------  -----  ---------  --------  ----------  --------------  -------------------
/opt/airflow/dags/dag.py                           1           0  0.88s           2026-05-13T13:48:27
================================================================================
[2026-05-13T13:49:16.302+0000] {manager.py:879} INFO - 
================================================================================
DAG File Processing Stats

File Path                 PID    Runtime      # DAGs    # Errors  Last Runtime    Last Run
------------------------  -----  ---------  --------  ----------  --------------  -------------------
/opt/airflow/dags/dag.py                           1           0  1.94s           2026-05-13T13:49:00
================================================================================
[2026-05-13T13:49:46.505+0000] {manager.py:879} INFO - 
================================================================================
DAG File Processing Stats

File Path                 PID    Runtime      # DAGs    # Errors  Last Runtime    Last Run
------------------------  -----  ---------  --------  ----------  --------------  -------------------
/opt/airflow/dags/dag.py                           1           0  1.88s           2026-05-13T13:49:32
================================================================================
[2026-05-13T13:50:16.514+0000] {manager.py:879} INFO - 
================================================================================
DAG File Processing Stats

File Path                 PID    Runtime      # DAGs    # Errors  Last Runtime    Last Run
------------------------  -----  ---------  --------  ----------  --------------  -------------------
/opt/airflow/dags/dag.py                           1           0  1.67s           2026-05-13T13:50:04
================================================================================
[2026-05-13T13:50:46.653+0000] {manager.py:879} INFO - 
================================================================================
DAG File Processing Stats

File Path                 PID    Runtime      # DAGs    # Errors  Last Runtime    Last Run
------------------------  -----  ---------  --------  ----------  --------------  -------------------
/opt/airflow/dags/dag.py                           1           0  1.82s           2026-05-13T13:50:36
================================================================================
[2026-05-13T13:51:16.771+0000] {manager.py:879} INFO - 
================================================================================
DAG File Processing Stats

File Path                 PID    Runtime      # DAGs    # Errors  Last Runtime    Last Run
------------------------  -----  ---------  --------  ----------  --------------  -------------------
/opt/airflow/dags/dag.py                           1           0  1.98s           2026-05-13T13:51:08
================================================================================
[2026-05-13T13:51:22.003+0000] {manager.py:738} INFO - Searching for files in /opt/airflow/dags
[2026-05-13T13:51:22.137+0000] {manager.py:741} INFO - There are 1 files in /opt/airflow/dags
[2026-05-13T13:51:46.970+0000] {manager.py:879} INFO - 
================================================================================
DAG File Processing Stats

File Path                 PID    Runtime      # DAGs    # Errors  Last Runtime    Last Run
------------------------  -----  ---------  --------  ----------  --------------  -------------------
/opt/airflow/dags/dag.py                           1           0  1.89s           2026-05-13T13:51:40
================================================================================
[2026-05-13T13:52:17.182+0000] {manager.py:879} INFO - 
================================================================================
DAG File Processing Stats

File Path                 PID    Runtime      # DAGs    # Errors  Last Runtime    Last Run
------------------------  -----  ---------  --------  ----------  --------------  -------------------
/opt/airflow/dags/dag.py                           1           0  1.88s           2026-05-13T13:52:13
================================================================================
[2026-05-13T13:52:47.249+0000] {manager.py:879} INFO - 
================================================================================
DAG File Processing Stats

File Path                 PID    Runtime      # DAGs    # Errors  Last Runtime    Last Run
------------------------  -----  ---------  --------  ----------  --------------  -------------------
/opt/airflow/dags/dag.py                           1           0  1.76s           2026-05-13T13:52:45
================================================================================
[2026-05-13T13:53:17.545+0000] {manager.py:879} INFO - 
================================================================================
DAG File Processing Stats

File Path                 PID    Runtime      # DAGs    # Errors  Last Runtime    Last Run
------------------------  -----  ---------  --------  ----------  --------------  -------------------
/opt/airflow/dags/dag.py                           1           0  1.72s           2026-05-13T13:53:17
================================================================================
[2026-05-13T13:53:47.835+0000] {manager.py:879} INFO - 
================================================================================
DAG File Processing Stats

File Path                   PID  Runtime      # DAGs    # Errors  Last Runtime    Last Run
------------------------  -----  ---------  --------  ----------  --------------  -------------------
/opt/airflow/dags/dag.py   4172  0.47s             1           0  1.72s           2026-05-13T13:53:17
================================================================================
[2026-05-13T13:54:18.136+0000] {manager.py:879} INFO - 
================================================================================
DAG File Processing Stats

File Path                 PID    Runtime      # DAGs    # Errors  Last Runtime    Last Run
------------------------  -----  ---------  --------  ----------  --------------  -------------------
/opt/airflow/dags/dag.py                           1           0  1.63s           2026-05-13T13:53:49
================================================================================
[2026-05-13T13:54:48.362+0000] {manager.py:879} INFO - 
================================================================================
DAG File Processing Stats

File Path                 PID    Runtime      # DAGs    # Errors  Last Runtime    Last Run
------------------------  -----  ---------  --------  ----------  --------------  -------------------
/opt/airflow/dags/dag.py                           1           0  1.88s           2026-05-13T13:54:21
================================================================================
[2026-05-13T13:55:18.395+0000] {manager.py:879} INFO - 
================================================================================
DAG File Processing Stats

File Path                 PID    Runtime      # DAGs    # Errors  Last Runtime    Last Run
------------------------  -----  ---------  --------  ----------  --------------  -------------------
/opt/airflow/dags/dag.py                           1           0  1.72s           2026-05-13T13:54:53
================================================================================
[2026-05-13T13:55:48.537+0000] {manager.py:879} INFO - 
================================================================================
DAG File Processing Stats

File Path                 PID    Runtime      # DAGs    # Errors  Last Runtime    Last Run
------------------------  -----  ---------  --------  ----------  --------------  -------------------
/opt/airflow/dags/dag.py                           1           0  1.73s           2026-05-13T13:55:25
================================================================================
[2026-05-13T13:56:18.541+0000] {manager.py:879} INFO - 
================================================================================
DAG File Processing Stats

File Path                 PID    Runtime      # DAGs    # Errors  Last Runtime    Last Run
------------------------  -----  ---------  --------  ----------  --------------  -------------------
/opt/airflow/dags/dag.py                           1           0  1.71s           2026-05-13T13:55:57
================================================================================
[2026-05-13T13:56:22.424+0000] {manager.py:738} INFO - Searching for files in /opt/airflow/dags
[2026-05-13T13:56:22.615+0000] {manager.py:741} INFO - There are 1 files in /opt/airflow/dags
[2026-05-13T13:56:48.854+0000] {manager.py:879} INFO - 
================================================================================
DAG File Processing Stats

File Path                 PID    Runtime      # DAGs    # Errors  Last Runtime    Last Run
------------------------  -----  ---------  --------  ----------  --------------  -------------------
/opt/airflow/dags/dag.py                           1           0  1.94s           2026-05-13T13:56:29
================================================================================
[2026-05-13T13:57:19.079+0000] {manager.py:879} INFO - 
================================================================================
DAG File Processing Stats

File Path                 PID    Runtime      # DAGs    # Errors  Last Runtime    Last Run
------------------------  -----  ---------  --------  ----------  --------------  -------------------
/opt/airflow/dags/dag.py                           1           0  1.89s           2026-05-13T13:57:01
================================================================================
[2026-05-13T13:57:49.366+0000] {manager.py:879} INFO - 
================================================================================
DAG File Processing Stats

File Path                 PID    Runtime      # DAGs    # Errors  Last Runtime    Last Run
------------------------  -----  ---------  --------  ----------  --------------  -------------------
/opt/airflow/dags/dag.py                           1           0  1.96s           2026-05-13T13:57:34
================================================================================
[2026-05-13T13:58:19.556+0000] {manager.py:879} INFO - 
================================================================================
DAG File Processing Stats

File Path                 PID    Runtime      # DAGs    # Errors  Last Runtime    Last Run
------------------------  -----  ---------  --------  ----------  --------------  -------------------
/opt/airflow/dags/dag.py                           1           0  1.86s           2026-05-13T13:58:06
================================================================================
[2026-05-13T13:58:49.734+0000] {manager.py:879} INFO - 
================================================================================
DAG File Processing Stats

File Path                 PID    Runtime      # DAGs    # Errors  Last Runtime    Last Run
------------------------  -----  ---------  --------  ----------  --------------  -------------------
/opt/airflow/dags/dag.py                           1           0  1.86s           2026-05-13T13:58:38
================================================================================
[2026-05-13T13:59:19.973+0000] {manager.py:879} INFO - 
================================================================================
DAG File Processing Stats

File Path                 PID    Runtime      # DAGs    # Errors  Last Runtime    Last Run
------------------------  -----  ---------  --------  ----------  --------------  -------------------
/opt/airflow/dags/dag.py                           1           0  1.93s           2026-05-13T13:59:10
================================================================================
[2026-05-13T13:59:50.070+0000] {manager.py:879} INFO - 
================================================================================
DAG File Processing Stats

File Path                 PID    Runtime      # DAGs    # Errors  Last Runtime    Last Run
------------------------  -----  ---------  --------  ----------  --------------  -------------------
/opt/airflow/dags/dag.py                           1           0  1.80s           2026-05-13T13:59:42
================================================================================
[2026-05-13T14:00:20.090+0000] {manager.py:879} INFO - 
================================================================================
DAG File Processing Stats

File Path                 PID    Runtime      # DAGs    # Errors  Last Runtime    Last Run
------------------------  -----  ---------  --------  ----------  --------------  -------------------
/opt/airflow/dags/dag.py                           1           0  1.72s           2026-05-13T14:00:15
================================================================================
[2026-05-13T14:00:50.184+0000] {manager.py:879} INFO - 
================================================================================
DAG File Processing Stats

File Path                 PID    Runtime      # DAGs    # Errors  Last Runtime    Last Run
------------------------  -----  ---------  --------  ----------  --------------  -------------------
/opt/airflow/dags/dag.py                           1           0  1.86s           2026-05-13T14:00:47
================================================================================
[2026-05-13T14:01:20.337+0000] {manager.py:879} INFO - 
================================================================================
DAG File Processing Stats

File Path                 PID    Runtime      # DAGs    # Errors  Last Runtime    Last Run
------------------------  -----  ---------  --------  ----------  --------------  -------------------
/opt/airflow/dags/dag.py                           1           0  1.83s           2026-05-13T14:01:19
================================================================================
[2026-05-13T14:01:22.679+0000] {manager.py:738} INFO - Searching for files in /opt/airflow/dags
[2026-05-13T14:01:22.818+0000] {manager.py:741} INFO - There are 1 files in /opt/airflow/dags
[2026-05-13T14:01:50.692+0000] {manager.py:879} INFO - 
================================================================================
DAG File Processing Stats

File Path                   PID  Runtime      # DAGs    # Errors  Last Runtime    Last Run
------------------------  -----  ---------  --------  ----------  --------------  -------------------
/opt/airflow/dags/dag.py   4442  1.02s             1           0  1.83s           2026-05-13T14:01:19
================================================================================
[2026-05-13T14:02:20.888+0000] {manager.py:879} INFO - 
================================================================================
DAG File Processing Stats

File Path                 PID    Runtime      # DAGs    # Errors  Last Runtime    Last Run
------------------------  -----  ---------  --------  ----------  --------------  -------------------
/opt/airflow/dags/dag.py                           1           0  1.91s           2026-05-13T14:01:51
================================================================================
[2026-05-13T14:02:50.999+0000] {manager.py:879} INFO - 
================================================================================
DAG File Processing Stats

File Path                 PID    Runtime      # DAGs    # Errors  Last Runtime    Last Run
------------------------  -----  ---------  --------  ----------  --------------  -------------------
/opt/airflow/dags/dag.py                           1           0  1.80s           2026-05-13T14:02:23
================================================================================
[2026-05-13T14:03:21.265+0000] {manager.py:879} INFO - 
================================================================================
DAG File Processing Stats

File Path                 PID    Runtime      # DAGs    # Errors  Last Runtime    Last Run
------------------------  -----  ---------  --------  ----------  --------------  -------------------
/opt/airflow/dags/dag.py                           1           0  1.87s           2026-05-13T14:02:55
================================================================================
[2026-05-13T14:03:51.550+0000] {manager.py:879} INFO - 
================================================================================
DAG File Processing Stats

File Path                 PID    Runtime      # DAGs    # Errors  Last Runtime    Last Run
------------------------  -----  ---------  --------  ----------  --------------  -------------------
/opt/airflow/dags/dag.py                           1           0  1.80s           2026-05-13T14:03:27
================================================================================
[2026-05-13T14:04:21.843+0000] {manager.py:879} INFO - 
================================================================================
DAG File Processing Stats

File Path                 PID    Runtime      # DAGs    # Errors  Last Runtime    Last Run
------------------------  -----  ---------  --------  ----------  --------------  -------------------
/opt/airflow/dags/dag.py                           1           0  1.68s           2026-05-13T14:03:59
================================================================================
[2026-05-13T14:04:52.015+0000] {manager.py:879} INFO - 
================================================================================
DAG File Processing Stats

File Path                 PID    Runtime      # DAGs    # Errors  Last Runtime    Last Run
------------------------  -----  ---------  --------  ----------  --------------  -------------------
/opt/airflow/dags/dag.py                           1           0  1.86s           2026-05-13T14:04:31
================================================================================
[2026-05-13T14:05:22.082+0000] {manager.py:879} INFO - 
================================================================================
DAG File Processing Stats

File Path                 PID    Runtime      # DAGs    # Errors  Last Runtime    Last Run
------------------------  -----  ---------  --------  ----------  --------------  -------------------
/opt/airflow/dags/dag.py                           1           0  1.76s           2026-05-13T14:05:03
================================================================================
[2026-05-13T14:05:52.315+0000] {manager.py:879} INFO - 
================================================================================
DAG File Processing Stats

File Path                 PID    Runtime      # DAGs    # Errors  Last Runtime    Last Run
------------------------  -----  ---------  --------  ----------  --------------  -------------------
/opt/airflow/dags/dag.py                           1           0  1.91s           2026-05-13T14:05:36
================================================================================
[2026-05-13T14:06:22.502+0000] {manager.py:879} INFO - 
================================================================================
DAG File Processing Stats

File Path                 PID    Runtime      # DAGs    # Errors  Last Runtime    Last Run
------------------------  -----  ---------  --------  ----------  --------------  -------------------
/opt/airflow/dags/dag.py                           1           0  1.87s           2026-05-13T14:06:08
================================================================================
[2026-05-13T14:06:23.148+0000] {manager.py:738} INFO - Searching for files in /opt/airflow/dags
[2026-05-13T14:06:23.282+0000] {manager.py:741} INFO - There are 1 files in /opt/airflow/dags
[2026-05-13T14:06:52.570+0000] {manager.py:879} INFO - 
================================================================================
DAG File Processing Stats

File Path                 PID    Runtime      # DAGs    # Errors  Last Runtime    Last Run
------------------------  -----  ---------  --------  ----------  --------------  -------------------
/opt/airflow/dags/dag.py                           1           0  1.94s           2026-05-13T14:06:40
================================================================================
[2026-05-13T14:07:22.810+0000] {manager.py:879} INFO - 
================================================================================
DAG File Processing Stats

File Path                 PID    Runtime      # DAGs    # Errors  Last Runtime    Last Run
------------------------  -----  ---------  --------  ----------  --------------  -------------------
/opt/airflow/dags/dag.py                           1           0  1.90s           2026-05-13T14:07:12
================================================================================
[2026-05-13T14:07:53.043+0000] {manager.py:879} INFO - 
================================================================================
DAG File Processing Stats

File Path                 PID    Runtime      # DAGs    # Errors  Last Runtime    Last Run
------------------------  -----  ---------  --------  ----------  --------------  -------------------
/opt/airflow/dags/dag.py                           1           0  1.92s           2026-05-13T14:07:44
================================================================================
[2026-05-13T14:08:23.247+0000] {manager.py:879} INFO - 
================================================================================
DAG File Processing Stats

File Path                 PID    Runtime      # DAGs    # Errors  Last Runtime    Last Run
------------------------  -----  ---------  --------  ----------  --------------  -------------------
/opt/airflow/dags/dag.py                           1           0  1.89s           2026-05-13T14:08:17
================================================================================
[2026-05-13T14:08:53.507+0000] {manager.py:879} INFO - 
================================================================================
DAG File Processing Stats

File Path                 PID    Runtime      # DAGs    # Errors  Last Runtime    Last Run
------------------------  -----  ---------  --------  ----------  --------------  -------------------
/opt/airflow/dags/dag.py                           1           0  1.94s           2026-05-13T14:08:49
================================================================================
[2026-05-13T14:09:23.656+0000] {manager.py:879} INFO - 
================================================================================
DAG File Processing Stats

File Path                 PID    Runtime      # DAGs    # Errors  Last Runtime    Last Run
------------------------  -----  ---------  --------  ----------  --------------  -------------------
/opt/airflow/dags/dag.py                           1           0  1.82s           2026-05-13T14:09:21
================================================================================
[2026-05-13T14:09:53.845+0000] {manager.py:879} INFO - 
================================================================================
DAG File Processing Stats

File Path                 PID    Runtime      # DAGs    # Errors  Last Runtime    Last Run
------------------------  -----  ---------  --------  ----------  --------------  -------------------
/opt/airflow/dags/dag.py                           1           0  1.86s           2026-05-13T14:09:53
================================================================================
[2026-05-13T14:10:23.881+0000] {manager.py:879} INFO - 
================================================================================
DAG File Processing Stats

File Path                   PID  Runtime      # DAGs    # Errors  Last Runtime    Last Run
------------------------  -----  ---------  --------  ----------  --------------  -------------------
/opt/airflow/dags/dag.py   4730  0.01s             1           0  1.86s           2026-05-13T14:09:53
================================================================================
[2026-05-13T14:10:53.912+0000] {manager.py:879} INFO - 
================================================================================
DAG File Processing Stats

File Path                 PID    Runtime      # DAGs    # Errors  Last Runtime    Last Run
------------------------  -----  ---------  --------  ----------  --------------  -------------------
/opt/airflow/dags/dag.py                           1           0  1.75s           2026-05-13T14:10:25
================================================================================
[2026-05-13T14:11:23.700+0000] {manager.py:738} INFO - Searching for files in /opt/airflow/dags
[2026-05-13T14:11:23.834+0000] {manager.py:741} INFO - There are 1 files in /opt/airflow/dags
[2026-05-13T14:11:24.061+0000] {manager.py:879} INFO - 
================================================================================
DAG File Processing Stats

File Path                 PID    Runtime      # DAGs    # Errors  Last Runtime    Last Run
------------------------  -----  ---------  --------  ----------  --------------  -------------------
/opt/airflow/dags/dag.py                           1           0  1.83s           2026-05-13T14:10:57
================================================================================
[2026-05-13T14:11:54.141+0000] {manager.py:879} INFO - 
================================================================================
DAG File Processing Stats

File Path                 PID    Runtime      # DAGs    # Errors  Last Runtime    Last Run
------------------------  -----  ---------  --------  ----------  --------------  -------------------
/opt/airflow/dags/dag.py                           1           0  1.94s           2026-05-13T14:11:29
================================================================================
[2026-05-13T14:12:24.312+0000] {manager.py:879} INFO - 
================================================================================
DAG File Processing Stats

File Path                 PID    Runtime      # DAGs    # Errors  Last Runtime    Last Run
------------------------  -----  ---------  --------  ----------  --------------  -------------------
/opt/airflow/dags/dag.py                           1           0  1.84s           2026-05-13T14:12:02
================================================================================
[2026-05-13T14:12:54.398+0000] {manager.py:879} INFO - 
================================================================================
DAG File Processing Stats

File Path                 PID    Runtime      # DAGs    # Errors  Last Runtime    Last Run
------------------------  -----  ---------  --------  ----------  --------------  -------------------
/opt/airflow/dags/dag.py                           1           0  1.77s           2026-05-13T14:12:34
================================================================================
[2026-05-13T14:13:24.606+0000] {manager.py:879} INFO - 
================================================================================
DAG File Processing Stats

File Path                 PID    Runtime      # DAGs    # Errors  Last Runtime    Last Run
------------------------  -----  ---------  --------  ----------  --------------  -------------------
/opt/airflow/dags/dag.py                           1           0  1.90s           2026-05-13T14:13:06
================================================================================
[2026-05-13T14:13:54.851+0000] {manager.py:879} INFO - 
================================================================================
DAG File Processing Stats

File Path                 PID    Runtime      # DAGs    # Errors  Last Runtime    Last Run
------------------------  -----  ---------  --------  ----------  --------------  -------------------
/opt/airflow/dags/dag.py                           1           0  1.94s           2026-05-13T14:13:38
================================================================================
[2026-05-13T14:14:25.152+0000] {manager.py:879} INFO - 
================================================================================
DAG File Processing Stats

File Path                 PID    Runtime      # DAGs    # Errors  Last Runtime    Last Run
------------------------  -----  ---------  --------  ----------  --------------  -------------------
/opt/airflow/dags/dag.py                           1           0  1.92s           2026-05-13T14:14:10
================================================================================
[2026-05-13T14:14:55.443+0000] {manager.py:879} INFO - 
================================================================================
DAG File Processing Stats

File Path                 PID    Runtime      # DAGs    # Errors  Last Runtime    Last Run
------------------------  -----  ---------  --------  ----------  --------------  -------------------
/opt/airflow/dags/dag.py                           1           0  1.87s           2026-05-13T14:14:42
================================================================================
[2026-05-13T14:15:25.738+0000] {manager.py:879} INFO - 
================================================================================
DAG File Processing Stats

File Path                 PID    Runtime      # DAGs    # Errors  Last Runtime    Last Run
------------------------  -----  ---------  --------  ----------  --------------  -------------------
/opt/airflow/dags/dag.py                           1           0  1.79s           2026-05-13T14:15:15
================================================================================
[2026-05-13T14:15:56.020+0000] {manager.py:879} INFO - 
================================================================================
DAG File Processing Stats

File Path                 PID    Runtime      # DAGs    # Errors  Last Runtime    Last Run
------------------------  -----  ---------  --------  ----------  --------------  -------------------
/opt/airflow/dags/dag.py                           1           0  1.69s           2026-05-13T14:15:47
================================================================================
[2026-05-13T14:16:24.160+0000] {manager.py:738} INFO - Searching for files in /opt/airflow/dags
[2026-05-13T14:16:24.301+0000] {manager.py:741} INFO - There are 1 files in /opt/airflow/dags
[2026-05-13T14:16:26.356+0000] {manager.py:879} INFO - 
================================================================================
DAG File Processing Stats

File Path                 PID    Runtime      # DAGs    # Errors  Last Runtime    Last Run
------------------------  -----  ---------  --------  ----------  --------------  -------------------
/opt/airflow/dags/dag.py                           1           0  1.85s           2026-05-13T14:16:19
================================================================================
[2026-05-13T14:16:56.657+0000] {manager.py:879} INFO - 
================================================================================
DAG File Processing Stats

File Path                 PID    Runtime      # DAGs    # Errors  Last Runtime    Last Run
------------------------  -----  ---------  --------  ----------  --------------  -------------------
/opt/airflow/dags/dag.py                           1           0  1.96s           2026-05-13T14:16:51
================================================================================
[2026-05-13T14:17:26.934+0000] {manager.py:879} INFO - 
================================================================================
DAG File Processing Stats

File Path                 PID    Runtime      # DAGs    # Errors  Last Runtime    Last Run
------------------------  -----  ---------  --------  ----------  --------------  -------------------
/opt/airflow/dags/dag.py                           1           0  1.93s           2026-05-13T14:17:23
================================================================================
[2026-05-13T14:17:57.166+0000] {manager.py:879} INFO - 
================================================================================
DAG File Processing Stats

File Path                 PID    Runtime      # DAGs    # Errors  Last Runtime    Last Run
------------------------  -----  ---------  --------  ----------  --------------  -------------------
/opt/airflow/dags/dag.py                           1           0  1.90s           2026-05-13T14:17:56
================================================================================
[2026-05-13T14:18:27.502+0000] {manager.py:879} INFO - 
================================================================================
DAG File Processing Stats

File Path                   PID  Runtime      # DAGs    # Errors  Last Runtime    Last Run
------------------------  -----  ---------  --------  ----------  --------------  -------------------
/opt/airflow/dags/dag.py   5000  1.02s             1           0  1.90s           2026-05-13T14:17:56
================================================================================
[2026-05-13T14:18:57.902+0000] {manager.py:879} INFO - 
================================================================================
DAG File Processing Stats

File Path                 PID    Runtime      # DAGs    # Errors  Last Runtime    Last Run
------------------------  -----  ---------  --------  ----------  --------------  -------------------
/opt/airflow/dags/dag.py                           1           0  1.71s           2026-05-13T14:18:28
================================================================================
[2026-05-13T14:19:28.189+0000] {manager.py:879} INFO - 
================================================================================
DAG File Processing Stats

File Path                 PID    Runtime      # DAGs    # Errors  Last Runtime    Last Run
------------------------  -----  ---------  --------  ----------  --------------  -------------------
/opt/airflow/dags/dag.py                           1           0  1.83s           2026-05-13T14:19:00
================================================================================
[2026-05-13T14:19:58.516+0000] {manager.py:879} INFO - 
================================================================================
DAG File Processing Stats

File Path                 PID    Runtime      # DAGs    # Errors  Last Runtime    Last Run
------------------------  -----  ---------  --------  ----------  --------------  -------------------
/opt/airflow/dags/dag.py                           1           0  1.90s           2026-05-13T14:19:32
================================================================================
[2026-05-13T14:20:28.826+0000] {manager.py:879} INFO - 
================================================================================
DAG File Processing Stats

File Path                 PID    Runtime      # DAGs    # Errors  Last Runtime    Last Run
------------------------  -----  ---------  --------  ----------  --------------  -------------------
/opt/airflow/dags/dag.py                           1           0  1.67s           2026-05-13T14:20:04
================================================================================
[2026-05-13T14:20:59.130+0000] {manager.py:879} INFO - 
================================================================================
DAG File Processing Stats

File Path                 PID    Runtime      # DAGs    # Errors  Last Runtime    Last Run
------------------------  -----  ---------  --------  ----------  --------------  -------------------
/opt/airflow/dags/dag.py                           1           0  1.99s           2026-05-13T14:20:36
================================================================================
[2026-05-13T14:21:24.290+0000] {manager.py:738} INFO - Searching for files in /opt/airflow/dags
[2026-05-13T14:21:24.406+0000] {manager.py:741} INFO - There are 1 files in /opt/airflow/dags
[2026-05-13T14:21:29.480+0000] {manager.py:879} INFO - 
================================================================================
DAG File Processing Stats

File Path                 PID    Runtime      # DAGs    # Errors  Last Runtime    Last Run
------------------------  -----  ---------  --------  ----------  --------------  -------------------
/opt/airflow/dags/dag.py                           1           0  1.88s           2026-05-13T14:21:09
================================================================================
[2026-05-13T14:21:59.720+0000] {manager.py:879} INFO - 
================================================================================
DAG File Processing Stats

File Path                 PID    Runtime      # DAGs    # Errors  Last Runtime    Last Run
------------------------  -----  ---------  --------  ----------  --------------  -------------------
/opt/airflow/dags/dag.py                           1           0  1.88s           2026-05-13T14:21:41
================================================================================
[2026-05-13T14:22:29.978+0000] {manager.py:879} INFO - 
================================================================================
DAG File Processing Stats

File Path                 PID    Runtime      # DAGs    # Errors  Last Runtime    Last Run
------------------------  -----  ---------  --------  ----------  --------------  -------------------
/opt/airflow/dags/dag.py                           1           0  1.94s           2026-05-13T14:22:13
================================================================================
[2026-05-13T14:23:00.585+0000] {manager.py:879} INFO - 
================================================================================
DAG File Processing Stats

File Path                 PID    Runtime      # DAGs    # Errors  Last Runtime    Last Run
------------------------  -----  ---------  --------  ----------  --------------  -------------------
/opt/airflow/dags/dag.py                           1           0  1.67s           2026-05-13T14:22:45
================================================================================
[2026-05-13T14:23:30.885+0000] {manager.py:879} INFO - 
================================================================================
DAG File Processing Stats

File Path                 PID    Runtime      # DAGs    # Errors  Last Runtime    Last Run
------------------------  -----  ---------  --------  ----------  --------------  -------------------
/opt/airflow/dags/dag.py                           1           0  1.85s           2026-05-13T14:23:17
================================================================================
[2026-05-13T14:24:01.357+0000] {manager.py:879} INFO - 
================================================================================
DAG File Processing Stats

File Path                 PID    Runtime      # DAGs    # Errors  Last Runtime    Last Run
------------------------  -----  ---------  --------  ----------  --------------  -------------------
/opt/airflow/dags/dag.py                           1           0  1.62s           2026-05-13T14:23:49
================================================================================
[2026-05-13T14:24:31.667+0000] {manager.py:879} INFO - 
================================================================================
DAG File Processing Stats

File Path                 PID    Runtime      # DAGs    # Errors  Last Runtime    Last Run
------------------------  -----  ---------  --------  ----------  --------------  -------------------
/opt/airflow/dags/dag.py                           1           0  1.95s           2026-05-13T14:24:21
================================================================================
[2026-05-13T14:25:01.976+0000] {manager.py:879} INFO - 
================================================================================
DAG File Processing Stats

File Path                 PID    Runtime      # DAGs    # Errors  Last Runtime    Last Run
------------------------  -----  ---------  --------  ----------  --------------  -------------------
/opt/airflow/dags/dag.py                           1           0  1.85s           2026-05-13T14:24:54
================================================================================
[2026-05-13T14:25:32.175+0000] {manager.py:879} INFO - 
================================================================================
DAG File Processing Stats

File Path                 PID    Runtime      # DAGs    # Errors  Last Runtime    Last Run
------------------------  -----  ---------  --------  ----------  --------------  -------------------
/opt/airflow/dags/dag.py                           1           0  1.88s           2026-05-13T14:25:26
================================================================================
[2026-05-13T14:26:02.393+0000] {manager.py:879} INFO - 
================================================================================
DAG File Processing Stats

File Path                 PID    Runtime      # DAGs    # Errors  Last Runtime    Last Run
------------------------  -----  ---------  --------  ----------  --------------  -------------------
/opt/airflow/dags/dag.py                           1           0  1.90s           2026-05-13T14:25:58
================================================================================
[2026-05-13T14:26:24.618+0000] {manager.py:738} INFO - Searching for files in /opt/airflow/dags
[2026-05-13T14:26:24.757+0000] {manager.py:741} INFO - There are 1 files in /opt/airflow/dags
[2026-05-13T14:26:32.836+0000] {manager.py:879} INFO - 
================================================================================
DAG File Processing Stats

File Path                 PID    Runtime      # DAGs    # Errors  Last Runtime    Last Run
------------------------  -----  ---------  --------  ----------  --------------  -------------------
/opt/airflow/dags/dag.py                           1           0  1.95s           2026-05-13T14:26:30
================================================================================
[2026-05-13T14:27:02.985+0000] {manager.py:879} INFO - 
================================================================================
DAG File Processing Stats

File Path                 PID    Runtime      # DAGs    # Errors  Last Runtime    Last Run
------------------------  -----  ---------  --------  ----------  --------------  -------------------
/opt/airflow/dags/dag.py                           1           0  1.81s           2026-05-13T14:27:02
================================================================================
[2026-05-13T14:27:33.359+0000] {manager.py:879} INFO - 
================================================================================
DAG File Processing Stats

File Path                   PID  Runtime      # DAGs    # Errors  Last Runtime    Last Run
------------------------  -----  ---------  --------  ----------  --------------  -------------------
/opt/airflow/dags/dag.py   5306  0.01s             1           0  1.81s           2026-05-13T14:27:02
================================================================================
[2026-05-13T14:28:03.461+0000] {manager.py:879} INFO - 
================================================================================
DAG File Processing Stats

File Path                 PID    Runtime      # DAGs    # Errors  Last Runtime    Last Run
------------------------  -----  ---------  --------  ----------  --------------  -------------------
/opt/airflow/dags/dag.py                           1           0  1.84s           2026-05-13T14:27:35
================================================================================
[2026-05-13T14:28:33.656+0000] {manager.py:879} INFO - 
================================================================================
DAG File Processing Stats

File Path                 PID    Runtime      # DAGs    # Errors  Last Runtime    Last Run
------------------------  -----  ---------  --------  ----------  --------------  -------------------
/opt/airflow/dags/dag.py                           1           0  1.87s           2026-05-13T14:28:07
================================================================================
[2026-05-13T14:29:03.809+0000] {manager.py:879} INFO - 
================================================================================
DAG File Processing Stats

File Path                 PID    Runtime      # DAGs    # Errors  Last Runtime    Last Run
------------------------  -----  ---------  --------  ----------  --------------  -------------------
/opt/airflow/dags/dag.py                           1           0  1.84s           2026-05-13T14:28:39
================================================================================
[2026-05-13T14:29:34.032+0000] {manager.py:879} INFO - 
================================================================================
DAG File Processing Stats

File Path                 PID    Runtime      # DAGs    # Errors  Last Runtime    Last Run
------------------------  -----  ---------  --------  ----------  --------------  -------------------
/opt/airflow/dags/dag.py                           1           0  1.91s           2026-05-13T14:29:11
================================================================================
[2026-05-13T14:30:04.314+0000] {manager.py:879} INFO - 
================================================================================
DAG File Processing Stats

File Path                 PID    Runtime      # DAGs    # Errors  Last Runtime    Last Run
------------------------  -----  ---------  --------  ----------  --------------  -------------------
/opt/airflow/dags/dag.py                           1           0  1.82s           2026-05-13T14:29:43
================================================================================
[2026-05-13T14:30:34.582+0000] {manager.py:879} INFO - 
================================================================================
DAG File Processing Stats

File Path                 PID    Runtime      # DAGs    # Errors  Last Runtime    Last Run
------------------------  -----  ---------  --------  ----------  --------------  -------------------
/opt/airflow/dags/dag.py                           1           0  1.78s           2026-05-13T14:30:15
================================================================================
[2026-05-13T14:31:04.890+0000] {manager.py:879} INFO - 
================================================================================
DAG File Processing Stats

File Path                 PID    Runtime      # DAGs    # Errors  Last Runtime    Last Run
------------------------  -----  ---------  --------  ----------  --------------  -------------------
/opt/airflow/dags/dag.py                           1           0  1.74s           2026-05-13T14:30:47
================================================================================
[2026-05-13T14:31:25.001+0000] {manager.py:738} INFO - Searching for files in /opt/airflow/dags
[2026-05-13T14:31:25.130+0000] {manager.py:741} INFO - There are 1 files in /opt/airflow/dags
[2026-05-13T14:31:35.296+0000] {manager.py:879} INFO - 
================================================================================
DAG File Processing Stats

File Path                 PID    Runtime      # DAGs    # Errors  Last Runtime    Last Run
------------------------  -----  ---------  --------  ----------  --------------  -------------------
/opt/airflow/dags/dag.py                           1           0  1.90s           2026-05-13T14:31:19
================================================================================
[2026-05-13T14:32:05.628+0000] {manager.py:879} INFO - 
================================================================================
DAG File Processing Stats

File Path                 PID    Runtime      # DAGs    # Errors  Last Runtime    Last Run
------------------------  -----  ---------  --------  ----------  --------------  -------------------
/opt/airflow/dags/dag.py                           1           0  2.02s           2026-05-13T14:31:52
================================================================================
[2026-05-13T14:32:35.806+0000] {manager.py:879} INFO - 
================================================================================
DAG File Processing Stats

File Path                 PID    Runtime      # DAGs    # Errors  Last Runtime    Last Run
------------------------  -----  ---------  --------  ----------  --------------  -------------------
/opt/airflow/dags/dag.py                           1           0  1.85s           2026-05-13T14:32:24
================================================================================
[2026-05-13T14:33:06.263+0000] {manager.py:879} INFO - 
================================================================================
DAG File Processing Stats

File Path                 PID    Runtime      # DAGs    # Errors  Last Runtime    Last Run
------------------------  -----  ---------  --------  ----------  --------------  -------------------
/opt/airflow/dags/dag.py                           1           0  1.64s           2026-05-13T14:32:56
================================================================================
[2026-05-13T14:33:36.549+0000] {manager.py:879} INFO - 
================================================================================
DAG File Processing Stats

File Path                 PID    Runtime      # DAGs    # Errors  Last Runtime    Last Run
------------------------  -----  ---------  --------  ----------  --------------  -------------------
/opt/airflow/dags/dag.py                           1           0  1.95s           2026-05-13T14:33:28
================================================================================
[2026-05-13T14:34:06.854+0000] {manager.py:879} INFO - 
================================================================================
DAG File Processing Stats

File Path                 PID    Runtime      # DAGs    # Errors  Last Runtime    Last Run
------------------------  -----  ---------  --------  ----------  --------------  -------------------
/opt/airflow/dags/dag.py                           1           0  1.84s           2026-05-13T14:34:01
================================================================================
[2026-05-13T14:34:37.079+0000] {manager.py:879} INFO - 
================================================================================
DAG File Processing Stats

File Path                 PID    Runtime      # DAGs    # Errors  Last Runtime    Last Run
------------------------  -----  ---------  --------  ----------  --------------  -------------------
/opt/airflow/dags/dag.py                           1           0  1.91s           2026-05-13T14:34:33
================================================================================
[2026-05-13T14:35:07.350+0000] {manager.py:879} INFO - 
================================================================================
DAG File Processing Stats

File Path                 PID    Runtime      # DAGs    # Errors  Last Runtime    Last Run
------------------------  -----  ---------  --------  ----------  --------------  -------------------
/opt/airflow/dags/dag.py                           1           0  1.95s           2026-05-13T14:35:05
================================================================================
[2026-05-13T14:35:37.601+0000] {manager.py:879} INFO - 
================================================================================
DAG File Processing Stats

File Path                 PID    Runtime      # DAGs    # Errors  Last Runtime    Last Run
------------------------  -----  ---------  --------  ----------  --------------  -------------------
/opt/airflow/dags/dag.py                           1           0  1.93s           2026-05-13T14:35:37
================================================================================
[2026-05-13T14:36:07.935+0000] {manager.py:879} INFO - 
================================================================================
DAG File Processing Stats

File Path                   PID  Runtime      # DAGs    # Errors  Last Runtime    Last Run
------------------------  -----  ---------  --------  ----------  --------------  -------------------
/opt/airflow/dags/dag.py   5594  0.01s             1           0  1.93s           2026-05-13T14:35:37
================================================================================
[2026-05-13T14:36:25.483+0000] {manager.py:738} INFO - Searching for files in /opt/airflow/dags
[2026-05-13T14:36:25.612+0000] {manager.py:741} INFO - There are 1 files in /opt/airflow/dags
[2026-05-13T14:36:38.779+0000] {manager.py:879} INFO - 
================================================================================
DAG File Processing Stats

File Path                 PID    Runtime      # DAGs    # Errors  Last Runtime    Last Run
------------------------  -----  ---------  --------  ----------  --------------  -------------------
/opt/airflow/dags/dag.py                           1           0  1.53s           2026-05-13T14:36:09
================================================================================
[2026-05-13T14:37:09.006+0000] {manager.py:879} INFO - 
================================================================================
DAG File Processing Stats

File Path                 PID    Runtime      # DAGs    # Errors  Last Runtime    Last Run
------------------------  -----  ---------  --------  ----------  --------------  -------------------
/opt/airflow/dags/dag.py                           1           0  1.91s           2026-05-13T14:36:41
================================================================================
[2026-05-13T14:37:39.171+0000] {manager.py:879} INFO - 
================================================================================
DAG File Processing Stats

File Path                 PID    Runtime      # DAGs    # Errors  Last Runtime    Last Run
------------------------  -----  ---------  --------  ----------  --------------  -------------------
/opt/airflow/dags/dag.py                           1           0  1.84s           2026-05-13T14:37:13
================================================================================
[2026-05-13T14:38:09.404+0000] {manager.py:879} INFO - 
================================================================================
DAG File Processing Stats

File Path                 PID    Runtime      # DAGs    # Errors  Last Runtime    Last Run
------------------------  -----  ---------  --------  ----------  --------------  -------------------
/opt/airflow/dags/dag.py                           1           0  1.89s           2026-05-13T14:37:46
================================================================================
[2026-05-13T14:38:39.538+0000] {manager.py:879} INFO - 
================================================================================
DAG File Processing Stats

File Path                 PID    Runtime      # DAGs    # Errors  Last Runtime    Last Run
------------------------  -----  ---------  --------  ----------  --------------  -------------------
/opt/airflow/dags/dag.py                           1           0  1.82s           2026-05-13T14:38:18
================================================================================
[2026-05-13T14:39:09.632+0000] {manager.py:879} INFO - 
================================================================================
DAG File Processing Stats

File Path                 PID    Runtime      # DAGs    # Errors  Last Runtime    Last Run
------------------------  -----  ---------  --------  ----------  --------------  -------------------
/opt/airflow/dags/dag.py                           1           0  1.78s           2026-05-13T14:38:50
================================================================================
[2026-05-13T14:39:39.931+0000] {manager.py:879} INFO - 
================================================================================
DAG File Processing Stats

File Path                 PID    Runtime      # DAGs    # Errors  Last Runtime    Last Run
------------------------  -----  ---------  --------  ----------  --------------  -------------------
/opt/airflow/dags/dag.py                           1           0  1.96s           2026-05-13T14:39:22
================================================================================
[2026-05-13T14:40:10.172+0000] {manager.py:879} INFO - 
================================================================================
DAG File Processing Stats

File Path                 PID    Runtime      # DAGs    # Errors  Last Runtime    Last Run
------------------------  -----  ---------  --------  ----------  --------------  -------------------
/opt/airflow/dags/dag.py                           1           0  1.93s           2026-05-13T14:39:55
================================================================================
[2026-05-13T14:40:40.378+0000] {manager.py:879} INFO - 
================================================================================
DAG File Processing Stats

File Path                 PID    Runtime      # DAGs    # Errors  Last Runtime    Last Run
------------------------  -----  ---------  --------  ----------  --------------  -------------------
/opt/airflow/dags/dag.py                           1           0  1.90s           2026-05-13T14:40:27
================================================================================
[2026-05-13T14:41:10.382+0000] {manager.py:879} INFO - 
================================================================================
DAG File Processing Stats

File Path                 PID    Runtime      # DAGs    # Errors  Last Runtime    Last Run
------------------------  -----  ---------  --------  ----------  --------------  -------------------
/opt/airflow/dags/dag.py                           1           0  1.91s           2026-05-13T14:40:59
================================================================================
[2026-05-13T14:41:25.535+0000] {manager.py:738} INFO - Searching for files in /opt/airflow/dags
[2026-05-13T14:41:25.660+0000] {manager.py:741} INFO - There are 1 files in /opt/airflow/dags
[2026-05-13T14:41:40.669+0000] {manager.py:879} INFO - 
================================================================================
DAG File Processing Stats

File Path                 PID    Runtime      # DAGs    # Errors  Last Runtime    Last Run
------------------------  -----  ---------  --------  ----------  --------------  -------------------
/opt/airflow/dags/dag.py                           1           0  1.81s           2026-05-13T14:41:31
================================================================================
[2026-05-13T14:42:10.807+0000] {manager.py:879} INFO - 
================================================================================
DAG File Processing Stats

File Path                 PID    Runtime      # DAGs    # Errors  Last Runtime    Last Run
------------------------  -----  ---------  --------  ----------  --------------  -------------------
/opt/airflow/dags/dag.py                           1           0  1.83s           2026-05-13T14:42:03
================================================================================
[2026-05-13T14:42:40.961+0000] {manager.py:879} INFO - 
================================================================================
DAG File Processing Stats

File Path                 PID    Runtime      # DAGs    # Errors  Last Runtime    Last Run
------------------------  -----  ---------  --------  ----------  --------------  -------------------
/opt/airflow/dags/dag.py                           1           0  1.83s           2026-05-13T14:42:35
================================================================================
[2026-05-13T14:43:11.173+0000] {manager.py:879} INFO - 
================================================================================
DAG File Processing Stats

File Path                 PID    Runtime      # DAGs    # Errors  Last Runtime    Last Run
------------------------  -----  ---------  --------  ----------  --------------  -------------------
/opt/airflow/dags/dag.py                           1           0  1.92s           2026-05-13T14:43:08
================================================================================
[2026-05-13T14:43:41.431+0000] {manager.py:879} INFO - 
================================================================================
DAG File Processing Stats

File Path                 PID    Runtime      # DAGs    # Errors  Last Runtime    Last Run
------------------------  -----  ---------  --------  ----------  --------------  -------------------
/opt/airflow/dags/dag.py                           1           0  1.95s           2026-05-13T14:43:40
================================================================================
[2026-05-13T14:44:11.468+0000] {manager.py:879} INFO - 
================================================================================
DAG File Processing Stats

File Path                   PID  Runtime      # DAGs    # Errors  Last Runtime    Last Run
------------------------  -----  ---------  --------  ----------  --------------  -------------------
/opt/airflow/dags/dag.py   5864  1.01s             1           0  1.95s           2026-05-13T14:43:40
================================================================================
[2026-05-13T14:44:41.620+0000] {manager.py:879} INFO - 
================================================================================
DAG File Processing Stats

File Path                 PID    Runtime      # DAGs    # Errors  Last Runtime    Last Run
------------------------  -----  ---------  --------  ----------  --------------  -------------------
/opt/airflow/dags/dag.py                           1           0  1.86s           2026-05-13T14:44:12
================================================================================
[2026-05-13T14:45:11.722+0000] {manager.py:879} INFO - 
================================================================================
DAG File Processing Stats

File Path                 PID    Runtime      # DAGs    # Errors  Last Runtime    Last Run
------------------------  -----  ---------  --------  ----------  --------------  -------------------
/opt/airflow/dags/dag.py                           1           0  1.80s           2026-05-13T14:44:44
================================================================================
[2026-05-13T14:45:41.893+0000] {manager.py:879} INFO - 
================================================================================
DAG File Processing Stats

File Path                 PID    Runtime      # DAGs    # Errors  Last Runtime    Last Run
------------------------  -----  ---------  --------  ----------  --------------  -------------------
/opt/airflow/dags/dag.py                           1           0  1.87s           2026-05-13T14:45:16
================================================================================
[2026-05-13T14:46:12.259+0000] {manager.py:879} INFO - 
================================================================================
DAG File Processing Stats

File Path                 PID    Runtime      # DAGs    # Errors  Last Runtime    Last Run
------------------------  -----  ---------  --------  ----------  --------------  -------------------
/opt/airflow/dags/dag.py                           1           0  2.03s           2026-05-13T14:45:49
================================================================================
[2026-05-13T14:46:25.567+0000] {manager.py:738} INFO - Searching for files in /opt/airflow/dags
[2026-05-13T14:46:25.700+0000] {manager.py:741} INFO - There are 1 files in /opt/airflow/dags
[2026-05-13T14:46:42.642+0000] {manager.py:879} INFO - 
================================================================================
DAG File Processing Stats

File Path                 PID    Runtime      # DAGs    # Errors  Last Runtime    Last Run
------------------------  -----  ---------  --------  ----------  --------------  -------------------
/opt/airflow/dags/dag.py                           1           0  2.14s           2026-05-13T14:46:21
================================================================================
[2026-05-13T14:47:12.855+0000] {manager.py:879} INFO - 
================================================================================
DAG File Processing Stats

File Path                 PID    Runtime      # DAGs    # Errors  Last Runtime    Last Run
------------------------  -----  ---------  --------  ----------  --------------  -------------------
/opt/airflow/dags/dag.py                           1           0  1.89s           2026-05-13T14:46:53
================================================================================
[2026-05-13T14:47:42.882+0000] {manager.py:879} INFO - 
================================================================================
DAG File Processing Stats

File Path                 PID    Runtime      # DAGs    # Errors  Last Runtime    Last Run
------------------------  -----  ---------  --------  ----------  --------------  -------------------
/opt/airflow/dags/dag.py                           1           0  1.70s           2026-05-13T14:47:25
================================================================================
[2026-05-13T14:48:12.991+0000] {manager.py:879} INFO - 
================================================================================
DAG File Processing Stats

File Path                 PID    Runtime      # DAGs    # Errors  Last Runtime    Last Run
------------------------  -----  ---------  --------  ----------  --------------  -------------------
/opt/airflow/dags/dag.py                           1           0  1.80s           2026-05-13T14:47:57
================================================================================
[2026-05-13T14:48:43.277+0000] {manager.py:879} INFO - 
================================================================================
DAG File Processing Stats

File Path                 PID    Runtime      # DAGs    # Errors  Last Runtime    Last Run
------------------------  -----  ---------  --------  ----------  --------------  -------------------
/opt/airflow/dags/dag.py                           1           0  1.69s           2026-05-13T14:48:29
================================================================================
[2026-05-13T14:49:13.578+0000] {manager.py:879} INFO - 
================================================================================
DAG File Processing Stats

File Path                 PID    Runtime      # DAGs    # Errors  Last Runtime    Last Run
------------------------  -----  ---------  --------  ----------  --------------  -------------------
/opt/airflow/dags/dag.py                           1           0  1.75s           2026-05-13T14:49:01
================================================================================
[2026-05-13T14:49:43.810+0000] {manager.py:879} INFO - 
================================================================================
DAG File Processing Stats

File Path                 PID    Runtime      # DAGs    # Errors  Last Runtime    Last Run
------------------------  -----  ---------  --------  ----------  --------------  -------------------
/opt/airflow/dags/dag.py                           1           0  1.90s           2026-05-13T14:49:33
================================================================================
[2026-05-13T14:50:13.866+0000] {manager.py:879} INFO - 
================================================================================
DAG File Processing Stats

File Path                 PID    Runtime      # DAGs    # Errors  Last Runtime    Last Run
------------------------  -----  ---------  --------  ----------  --------------  -------------------
/opt/airflow/dags/dag.py                           1           0  1.72s           2026-05-13T14:50:05
================================================================================
[2026-05-13T14:50:43.926+0000] {manager.py:879} INFO - 
================================================================================
DAG File Processing Stats

File Path                 PID    Runtime      # DAGs    # Errors  Last Runtime    Last Run
------------------------  -----  ---------  --------  ----------  --------------  -------------------
/opt/airflow/dags/dag.py                           1           0  1.74s           2026-05-13T14:50:37
================================================================================
[2026-05-13T14:51:14.208+0000] {manager.py:879} INFO - 
================================================================================
DAG File Processing Stats

File Path                 PID    Runtime      # DAGs    # Errors  Last Runtime    Last Run
------------------------  -----  ---------  --------  ----------  --------------  -------------------
/opt/airflow/dags/dag.py                           1           0  1.88s           2026-05-13T14:51:09
================================================================================
[2026-05-13T14:51:26.008+0000] {manager.py:738} INFO - Searching for files in /opt/airflow/dags
[2026-05-13T14:51:26.124+0000] {manager.py:741} INFO - There are 1 files in /opt/airflow/dags
[2026-05-13T14:51:44.269+0000] {manager.py:879} INFO - 
================================================================================
DAG File Processing Stats

File Path                 PID    Runtime      # DAGs    # Errors  Last Runtime    Last Run
------------------------  -----  ---------  --------  ----------  --------------  -------------------
/opt/airflow/dags/dag.py                           1           0  1.91s           2026-05-13T14:51:42
================================================================================
[2026-05-13T14:52:14.303+0000] {manager.py:879} INFO - 
================================================================================
DAG File Processing Stats

File Path                 PID    Runtime      # DAGs    # Errors  Last Runtime    Last Run
------------------------  -----  ---------  --------  ----------  --------------  -------------------
/opt/airflow/dags/dag.py                           1           0  1.75s           2026-05-13T14:52:14
================================================================================
[2026-05-13T14:52:44.611+0000] {manager.py:879} INFO - 
================================================================================
DAG File Processing Stats

File Path                   PID  Runtime      # DAGs    # Errors  Last Runtime    Last Run
------------------------  -----  ---------  --------  ----------  --------------  -------------------
/opt/airflow/dags/dag.py   6152  0.00s             1           0  1.75s           2026-05-13T14:52:14
================================================================================
[2026-05-13T14:53:15.403+0000] {manager.py:879} INFO - 
================================================================================
DAG File Processing Stats

File Path                 PID    Runtime      # DAGs    # Errors  Last Runtime    Last Run
------------------------  -----  ---------  --------  ----------  --------------  -------------------
/opt/airflow/dags/dag.py                           1           0  1.68s           2026-05-13T14:52:46
================================================================================
[2026-05-13T14:53:45.427+0000] {manager.py:879} INFO - 
================================================================================
DAG File Processing Stats

File Path                 PID    Runtime      # DAGs    # Errors  Last Runtime    Last Run
------------------------  -----  ---------  --------  ----------  --------------  -------------------
/opt/airflow/dags/dag.py                           1           0  1.71s           2026-05-13T14:53:18
================================================================================
[2026-05-13T14:54:15.595+0000] {manager.py:879} INFO - 
================================================================================
DAG File Processing Stats

File Path                 PID    Runtime      # DAGs    # Errors  Last Runtime    Last Run
------------------------  -----  ---------  --------  ----------  --------------  -------------------
/opt/airflow/dags/dag.py                           1           0  1.85s           2026-05-13T14:53:50
================================================================================
[2026-05-13T14:54:45.720+0000] {manager.py:879} INFO - 
================================================================================
DAG File Processing Stats

File Path                 PID    Runtime      # DAGs    # Errors  Last Runtime    Last Run
------------------------  -----  ---------  --------  ----------  --------------  -------------------
/opt/airflow/dags/dag.py                           1           0  1.81s           2026-05-13T14:54:22
================================================================================
[2026-05-13T14:55:16.024+0000] {manager.py:879} INFO - 
================================================================================
DAG File Processing Stats

File Path                 PID    Runtime      # DAGs    # Errors  Last Runtime    Last Run
------------------------  -----  ---------  --------  ----------  --------------  -------------------
/opt/airflow/dags/dag.py                           1           0  1.84s           2026-05-13T14:54:54
================================================================================
[2026-05-13T14:55:46.334+0000] {manager.py:879} INFO - 
================================================================================
DAG File Processing Stats

File Path                 PID    Runtime      # DAGs    # Errors  Last Runtime    Last Run
------------------------  -----  ---------  --------  ----------  --------------  -------------------
/opt/airflow/dags/dag.py                           1           0  1.75s           2026-05-13T14:55:26
================================================================================
[2026-05-13T14:56:16.650+0000] {manager.py:879} INFO - 
================================================================================
DAG File Processing Stats

File Path                 PID    Runtime      # DAGs    # Errors  Last Runtime    Last Run
------------------------  -----  ---------  --------  ----------  --------------  -------------------
/opt/airflow/dags/dag.py                           1           0  1.78s           2026-05-13T14:55:58
================================================================================
[2026-05-13T14:56:26.759+0000] {manager.py:738} INFO - Searching for files in /opt/airflow/dags
[2026-05-13T14:56:26.893+0000] {manager.py:741} INFO - There are 1 files in /opt/airflow/dags
[2026-05-13T14:56:47.019+0000] {manager.py:879} INFO - 
================================================================================
DAG File Processing Stats

File Path                 PID    Runtime      # DAGs    # Errors  Last Runtime    Last Run
------------------------  -----  ---------  --------  ----------  --------------  -------------------
/opt/airflow/dags/dag.py                           1           0  1.89s           2026-05-13T14:56:30
================================================================================
[2026-05-13T14:57:17.295+0000] {manager.py:879} INFO - 
================================================================================
DAG File Processing Stats

File Path                 PID    Runtime      # DAGs    # Errors  Last Runtime    Last Run
------------------------  -----  ---------  --------  ----------  --------------  -------------------
/opt/airflow/dags/dag.py                           1           0  1.96s           2026-05-13T14:57:03
================================================================================
[2026-05-13T14:57:47.529+0000] {manager.py:879} INFO - 
================================================================================
DAG File Processing Stats

File Path                 PID    Runtime      # DAGs    # Errors  Last Runtime    Last Run
------------------------  -----  ---------  --------  ----------  --------------  -------------------
/opt/airflow/dags/dag.py                           1           0  1.91s           2026-05-13T14:57:35
================================================================================
[2026-05-13T14:58:17.770+0000] {manager.py:879} INFO - 
================================================================================
DAG File Processing Stats

File Path                 PID    Runtime      # DAGs    # Errors  Last Runtime    Last Run
------------------------  -----  ---------  --------  ----------  --------------  -------------------
/opt/airflow/dags/dag.py                           1           0  1.90s           2026-05-13T14:58:07
================================================================================
[2026-05-13T14:58:47.965+0000] {manager.py:879} INFO - 
================================================================================
DAG File Processing Stats

File Path                 PID    Runtime      # DAGs    # Errors  Last Runtime    Last Run
------------------------  -----  ---------  --------  ----------  --------------  -------------------
/opt/airflow/dags/dag.py                           1           0  1.87s           2026-05-13T14:58:39
================================================================================
[2026-05-13T14:59:18.154+0000] {manager.py:879} INFO - 
================================================================================
DAG File Processing Stats

File Path                 PID    Runtime      # DAGs    # Errors  Last Runtime    Last Run
------------------------  -----  ---------  --------  ----------  --------------  -------------------
/opt/airflow/dags/dag.py                           1           0  1.87s           2026-05-13T14:59:12
================================================================================
[2026-05-13T14:59:48.420+0000] {manager.py:879} INFO - 
================================================================================
DAG File Processing Stats

File Path                 PID    Runtime      # DAGs    # Errors  Last Runtime    Last Run
------------------------  -----  ---------  --------  ----------  --------------  -------------------
/opt/airflow/dags/dag.py                           1           0  1.94s           2026-05-13T14:59:44
================================================================================
[2026-05-13T15:00:18.742+0000] {manager.py:879} INFO - 
================================================================================
DAG File Processing Stats

File Path                 PID    Runtime      # DAGs    # Errors  Last Runtime    Last Run
------------------------  -----  ---------  --------  ----------  --------------  -------------------
/opt/airflow/dags/dag.py                           1           0  1.99s           2026-05-13T15:00:16
================================================================================
[2026-05-13T15:00:48.907+0000] {manager.py:879} INFO - 
================================================================================
DAG File Processing Stats

File Path                 PID    Runtime      # DAGs    # Errors  Last Runtime    Last Run
------------------------  -----  ---------  --------  ----------  --------------  -------------------
/opt/airflow/dags/dag.py                           1           0  1.84s           2026-05-13T15:00:48
================================================================================
[2026-05-13T15:01:19.233+0000] {manager.py:879} INFO - 
================================================================================
DAG File Processing Stats

File Path                   PID  Runtime      # DAGs    # Errors  Last Runtime    Last Run
------------------------  -----  ---------  --------  ----------  --------------  -------------------
/opt/airflow/dags/dag.py   6440  0.01s             1           0  1.84s           2026-05-13T15:00:48
================================================================================
[2026-05-13T15:01:26.836+0000] {manager.py:738} INFO - Searching for files in /opt/airflow/dags
[2026-05-13T15:01:26.972+0000] {manager.py:741} INFO - There are 1 files in /opt/airflow/dags
[2026-05-13T15:01:49.434+0000] {manager.py:879} INFO - 
================================================================================
DAG File Processing Stats

File Path                 PID    Runtime      # DAGs    # Errors  Last Runtime    Last Run
------------------------  -----  ---------  --------  ----------  --------------  -------------------
/opt/airflow/dags/dag.py                           1           0  1.92s           2026-05-13T15:01:21
================================================================================
[2026-05-13T15:02:19.449+0000] {manager.py:879} INFO - 
================================================================================
DAG File Processing Stats

File Path                 PID    Runtime      # DAGs    # Errors  Last Runtime    Last Run
------------------------  -----  ---------  --------  ----------  --------------  -------------------
/opt/airflow/dags/dag.py                           1           0  1.90s           2026-05-13T15:01:53
================================================================================
[2026-05-13T15:02:49.628+0000] {manager.py:879} INFO - 
================================================================================
DAG File Processing Stats

File Path                 PID    Runtime      # DAGs    # Errors  Last Runtime    Last Run
------------------------  -----  ---------  --------  ----------  --------------  -------------------
/opt/airflow/dags/dag.py                           1           0  1.84s           2026-05-13T15:02:25
================================================================================
[2026-05-13T15:03:19.892+0000] {manager.py:879} INFO - 
================================================================================
DAG File Processing Stats

File Path                 PID    Runtime      # DAGs    # Errors  Last Runtime    Last Run
------------------------  -----  ---------  --------  ----------  --------------  -------------------
/opt/airflow/dags/dag.py                           1           0  1.95s           2026-05-13T15:02:57
================================================================================
[2026-05-13T15:03:50.106+0000] {manager.py:879} INFO - 
================================================================================
DAG File Processing Stats

File Path                 PID    Runtime      # DAGs    # Errors  Last Runtime    Last Run
------------------------  -----  ---------  --------  ----------  --------------  -------------------
/opt/airflow/dags/dag.py                           1           0  1.89s           2026-05-13T15:03:29
================================================================================
[2026-05-13T15:04:20.323+0000] {manager.py:879} INFO - 
================================================================================
DAG File Processing Stats

File Path                 PID    Runtime      # DAGs    # Errors  Last Runtime    Last Run
------------------------  -----  ---------  --------  ----------  --------------  -------------------
/opt/airflow/dags/dag.py                           1           0  1.90s           2026-05-13T15:04:02
================================================================================
[2026-05-13T15:04:50.462+0000] {manager.py:879} INFO - 
================================================================================
DAG File Processing Stats

File Path                 PID    Runtime      # DAGs    # Errors  Last Runtime    Last Run
------------------------  -----  ---------  --------  ----------  --------------  -------------------
/opt/airflow/dags/dag.py                           1           0  1.83s           2026-05-13T15:04:34
================================================================================
[2026-05-13T15:05:20.753+0000] {manager.py:879} INFO - 
================================================================================
DAG File Processing Stats

File Path                 PID    Runtime      # DAGs    # Errors  Last Runtime    Last Run
------------------------  -----  ---------  --------  ----------  --------------  -------------------
/opt/airflow/dags/dag.py                           1           0  1.72s           2026-05-13T15:05:06
================================================================================
[2026-05-13T15:05:51.043+0000] {manager.py:879} INFO - 
================================================================================
DAG File Processing Stats

File Path                 PID    Runtime      # DAGs    # Errors  Last Runtime    Last Run
------------------------  -----  ---------  --------  ----------  --------------  -------------------
/opt/airflow/dags/dag.py                           1           0  1.89s           2026-05-13T15:05:38
================================================================================
[2026-05-13T15:06:21.358+0000] {manager.py:879} INFO - 
================================================================================
DAG File Processing Stats

File Path                 PID    Runtime      # DAGs    # Errors  Last Runtime    Last Run
------------------------  -----  ---------  --------  ----------  --------------  -------------------
/opt/airflow/dags/dag.py                           1           0  1.93s           2026-05-13T15:06:10
================================================================================
[2026-05-13T15:06:27.418+0000] {manager.py:738} INFO - Searching for files in /opt/airflow/dags
[2026-05-13T15:06:27.550+0000] {manager.py:741} INFO - There are 1 files in /opt/airflow/dags
[2026-05-13T15:06:51.569+0000] {manager.py:879} INFO - 
================================================================================
DAG File Processing Stats

File Path                 PID    Runtime      # DAGs    # Errors  Last Runtime    Last Run
------------------------  -----  ---------  --------  ----------  --------------  -------------------
/opt/airflow/dags/dag.py                           1           0  1.74s           2026-05-13T15:06:42
================================================================================
[2026-05-13T15:07:21.723+0000] {manager.py:879} INFO - 
================================================================================
DAG File Processing Stats

File Path                 PID    Runtime      # DAGs    # Errors  Last Runtime    Last Run
------------------------  -----  ---------  --------  ----------  --------------  -------------------
/opt/airflow/dags/dag.py                           1           0  1.83s           2026-05-13T15:07:14
================================================================================
[2026-05-13T15:07:51.740+0000] {manager.py:879} INFO - 
================================================================================
DAG File Processing Stats

File Path                 PID    Runtime      # DAGs    # Errors  Last Runtime    Last Run
------------------------  -----  ---------  --------  ----------  --------------  -------------------
/opt/airflow/dags/dag.py                           1           0  1.71s           2026-05-13T15:07:46
================================================================================
[2026-05-13T15:08:22.055+0000] {manager.py:879} INFO - 
================================================================================
DAG File Processing Stats

File Path                 PID    Runtime      # DAGs    # Errors  Last Runtime    Last Run
------------------------  -----  ---------  --------  ----------  --------------  -------------------
/opt/airflow/dags/dag.py                           1           0  1.88s           2026-05-13T15:08:18
================================================================================
[2026-05-13T15:08:52.341+0000] {manager.py:879} INFO - 
================================================================================
DAG File Processing Stats

File Path                 PID    Runtime      # DAGs    # Errors  Last Runtime    Last Run
------------------------  -----  ---------  --------  ----------  --------------  -------------------
/opt/airflow/dags/dag.py                           1           0  1.70s           2026-05-13T15:08:50
================================================================================
[2026-05-13T15:09:22.619+0000] {manager.py:879} INFO - 
================================================================================
DAG File Processing Stats

File Path                   PID  Runtime      # DAGs    # Errors  Last Runtime    Last Run
------------------------  -----  ---------  --------  ----------  --------------  -------------------
/opt/airflow/dags/dag.py   6710  1.55s             1           0  1.70s           2026-05-13T15:08:50
================================================================================
[2026-05-13T15:09:52.927+0000] {manager.py:879} INFO - 
================================================================================
DAG File Processing Stats

File Path                 PID    Runtime      # DAGs    # Errors  Last Runtime    Last Run
------------------------  -----  ---------  --------  ----------  --------------  -------------------
/opt/airflow/dags/dag.py                           1           0  1.91s           2026-05-13T15:09:22
================================================================================
[2026-05-13T15:10:23.231+0000] {manager.py:879} INFO - 
================================================================================
DAG File Processing Stats

File Path                 PID    Runtime      # DAGs    # Errors  Last Runtime    Last Run
------------------------  -----  ---------  --------  ----------  --------------  -------------------
/opt/airflow/dags/dag.py                           1           0  1.81s           2026-05-13T15:09:55
================================================================================
[2026-05-13T15:10:53.439+0000] {manager.py:879} INFO - 
================================================================================
DAG File Processing Stats

File Path                 PID    Runtime      # DAGs    # Errors  Last Runtime    Last Run
------------------------  -----  ---------  --------  ----------  --------------  -------------------
/opt/airflow/dags/dag.py                           1           0  1.90s           2026-05-13T15:10:27
================================================================================
[2026-05-13T15:11:23.819+0000] {manager.py:879} INFO - 
================================================================================
DAG File Processing Stats

File Path                 PID    Runtime      # DAGs    # Errors  Last Runtime    Last Run
------------------------  -----  ---------  --------  ----------  --------------  -------------------
/opt/airflow/dags/dag.py                           1           0  2.11s           2026-05-13T15:10:59
================================================================================
[2026-05-13T15:11:27.862+0000] {manager.py:738} INFO - Searching for files in /opt/airflow/dags
[2026-05-13T15:11:27.960+0000] {manager.py:741} INFO - There are 1 files in /opt/airflow/dags
[2026-05-13T15:11:54.046+0000] {manager.py:879} INFO - 
================================================================================
DAG File Processing Stats

File Path                 PID    Runtime      # DAGs    # Errors  Last Runtime    Last Run
------------------------  -----  ---------  --------  ----------  --------------  -------------------
/opt/airflow/dags/dag.py                           1           0  1.79s           2026-05-13T15:11:31
================================================================================
[2026-05-13T15:12:24.220+0000] {manager.py:879} INFO - 
================================================================================
DAG File Processing Stats

File Path                 PID    Runtime      # DAGs    # Errors  Last Runtime    Last Run
------------------------  -----  ---------  --------  ----------  --------------  -------------------
/opt/airflow/dags/dag.py                           1           0  1.87s           2026-05-13T15:12:04
================================================================================
[2026-05-13T15:12:54.262+0000] {manager.py:879} INFO - 
================================================================================
DAG File Processing Stats

File Path                 PID    Runtime      # DAGs    # Errors  Last Runtime    Last Run
------------------------  -----  ---------  --------  ----------  --------------  -------------------
/opt/airflow/dags/dag.py                           1           0  1.74s           2026-05-13T15:12:36
================================================================================
[2026-05-13T15:13:24.490+0000] {manager.py:879} INFO - 
================================================================================
DAG File Processing Stats

File Path                 PID    Runtime      # DAGs    # Errors  Last Runtime    Last Run
------------------------  -----  ---------  --------  ----------  --------------  -------------------
/opt/airflow/dags/dag.py                           1           0  1.88s           2026-05-13T15:13:08
================================================================================
[2026-05-13T15:13:54.543+0000] {manager.py:879} INFO - 
================================================================================
DAG File Processing Stats

File Path                 PID    Runtime      # DAGs    # Errors  Last Runtime    Last Run
------------------------  -----  ---------  --------  ----------  --------------  -------------------
/opt/airflow/dags/dag.py                           1           0  1.74s           2026-05-13T15:13:40
================================================================================
[2026-05-13T15:14:24.669+0000] {manager.py:879} INFO - 
================================================================================
DAG File Processing Stats

File Path                 PID    Runtime      # DAGs    # Errors  Last Runtime    Last Run
------------------------  -----  ---------  --------  ----------  --------------  -------------------
/opt/airflow/dags/dag.py                           1           0  1.98s           2026-05-13T15:14:12
================================================================================
[2026-05-13T15:14:54.828+0000] {manager.py:879} INFO - 
================================================================================
DAG File Processing Stats

File Path                 PID    Runtime      # DAGs    # Errors  Last Runtime    Last Run
------------------------  -----  ---------  --------  ----------  --------------  -------------------
/opt/airflow/dags/dag.py                           1           0  1.86s           2026-05-13T15:14:44
================================================================================
[2026-05-13T15:15:24.854+0000] {manager.py:879} INFO - 
================================================================================
DAG File Processing Stats

File Path                 PID    Runtime      # DAGs    # Errors  Last Runtime    Last Run
------------------------  -----  ---------  --------  ----------  --------------  -------------------
/opt/airflow/dags/dag.py                           1           0  1.72s           2026-05-13T15:15:16
================================================================================
[2026-05-13T15:15:55.101+0000] {manager.py:879} INFO - 
================================================================================
DAG File Processing Stats

File Path                 PID    Runtime      # DAGs    # Errors  Last Runtime    Last Run
------------------------  -----  ---------  --------  ----------  --------------  -------------------
/opt/airflow/dags/dag.py                           1           0  1.94s           2026-05-13T15:15:49
================================================================================
[2026-05-13T15:16:25.280+0000] {manager.py:879} INFO - 
================================================================================
DAG File Processing Stats

File Path                 PID    Runtime      # DAGs    # Errors  Last Runtime    Last Run
------------------------  -----  ---------  --------  ----------  --------------  -------------------
/opt/airflow/dags/dag.py                           1           0  1.87s           2026-05-13T15:16:21
================================================================================
[2026-05-13T15:16:27.947+0000] {manager.py:738} INFO - Searching for files in /opt/airflow/dags
[2026-05-13T15:16:28.047+0000] {manager.py:741} INFO - There are 1 files in /opt/airflow/dags
[2026-05-13T15:16:55.380+0000] {manager.py:879} INFO - 
================================================================================
DAG File Processing Stats

File Path                 PID    Runtime      # DAGs    # Errors  Last Runtime    Last Run
------------------------  -----  ---------  --------  ----------  --------------  -------------------
/opt/airflow/dags/dag.py                           1           0  2.01s           2026-05-13T15:16:53
================================================================================
[2026-05-13T15:17:25.551+0000] {manager.py:879} INFO - 
================================================================================
DAG File Processing Stats

File Path                 PID    Runtime      # DAGs    # Errors  Last Runtime    Last Run
------------------------  -----  ---------  --------  ----------  --------------  -------------------
/opt/airflow/dags/dag.py                           1           0  1.85s           2026-05-13T15:17:25
================================================================================
[2026-05-13T15:17:55.908+0000] {manager.py:879} INFO - 
================================================================================
DAG File Processing Stats

File Path                   PID  Runtime      # DAGs    # Errors  Last Runtime    Last Run
------------------------  -----  ---------  --------  ----------  --------------  -------------------
/opt/airflow/dags/dag.py   6998  0.01s             1           0  1.85s           2026-05-13T15:17:25
================================================================================
[2026-05-13T15:18:26.087+0000] {manager.py:879} INFO - 
================================================================================
DAG File Processing Stats

File Path                 PID    Runtime      # DAGs    # Errors  Last Runtime    Last Run
------------------------  -----  ---------  --------  ----------  --------------  -------------------
/opt/airflow/dags/dag.py                           1           0  1.89s           2026-05-13T15:17:57
================================================================================
[2026-05-13T15:18:56.344+0000] {manager.py:879} INFO - 
================================================================================
DAG File Processing Stats

File Path                 PID    Runtime      # DAGs    # Errors  Last Runtime    Last Run
------------------------  -----  ---------  --------  ----------  --------------  -------------------
/opt/airflow/dags/dag.py                           1           0  1.95s           2026-05-13T15:18:30
================================================================================
[2026-05-13T15:19:26.412+0000] {manager.py:879} INFO - 
================================================================================
DAG File Processing Stats

File Path                 PID    Runtime      # DAGs    # Errors  Last Runtime    Last Run
------------------------  -----  ---------  --------  ----------  --------------  -------------------
/opt/airflow/dags/dag.py                           1           0  1.75s           2026-05-13T15:19:02
================================================================================
[2026-05-13T15:19:56.587+0000] {manager.py:879} INFO - 
================================================================================
DAG File Processing Stats

File Path                 PID    Runtime      # DAGs    # Errors  Last Runtime    Last Run
------------------------  -----  ---------  --------  ----------  --------------  -------------------
/opt/airflow/dags/dag.py                           1           0  1.87s           2026-05-13T15:19:34
================================================================================
[2026-05-13T15:20:26.899+0000] {manager.py:879} INFO - 
================================================================================
DAG File Processing Stats

File Path                 PID    Runtime      # DAGs    # Errors  Last Runtime    Last Run
------------------------  -----  ---------  --------  ----------  --------------  -------------------
/opt/airflow/dags/dag.py                           1           0  1.85s           2026-05-13T15:20:06
================================================================================
[2026-05-13T15:20:57.174+0000] {manager.py:879} INFO - 
================================================================================
DAG File Processing Stats

File Path                 PID    Runtime      # DAGs    # Errors  Last Runtime    Last Run
------------------------  -----  ---------  --------  ----------  --------------  -------------------
/opt/airflow/dags/dag.py                           1           0  1.68s           2026-05-13T15:20:38
================================================================================
[2026-05-13T15:21:27.471+0000] {manager.py:879} INFO - 
================================================================================
DAG File Processing Stats

File Path                 PID    Runtime      # DAGs    # Errors  Last Runtime    Last Run
------------------------  -----  ---------  --------  ----------  --------------  -------------------
/opt/airflow/dags/dag.py                           1           0  1.80s           2026-05-13T15:21:10
================================================================================
[2026-05-13T15:21:28.481+0000] {manager.py:738} INFO - Searching for files in /opt/airflow/dags
[2026-05-13T15:21:28.624+0000] {manager.py:741} INFO - There are 1 files in /opt/airflow/dags
[2026-05-13T15:21:57.875+0000] {manager.py:879} INFO - 
================================================================================
DAG File Processing Stats

File Path                 PID    Runtime      # DAGs    # Errors  Last Runtime    Last Run
------------------------  -----  ---------  --------  ----------  --------------  -------------------
/opt/airflow/dags/dag.py                           1           0  1.90s           2026-05-13T15:21:42
================================================================================
[2026-05-13T15:22:28.038+0000] {manager.py:879} INFO - 
================================================================================
DAG File Processing Stats

File Path                 PID    Runtime      # DAGs    # Errors  Last Runtime    Last Run
------------------------  -----  ---------  --------  ----------  --------------  -------------------
/opt/airflow/dags/dag.py                           1           0  1.86s           2026-05-13T15:22:14
================================================================================
[2026-05-13T15:22:58.543+0000] {manager.py:879} INFO - 
================================================================================
DAG File Processing Stats

File Path                 PID    Runtime      # DAGs    # Errors  Last Runtime    Last Run
------------------------  -----  ---------  --------  ----------  --------------  -------------------
/opt/airflow/dags/dag.py                           1           0  1.57s           2026-05-13T15:22:46
================================================================================
[2026-05-13T15:23:28.840+0000] {manager.py:879} INFO - 
================================================================================
DAG File Processing Stats

File Path                 PID    Runtime      # DAGs    # Errors  Last Runtime    Last Run
------------------------  -----  ---------  --------  ----------  --------------  -------------------
/opt/airflow/dags/dag.py                           1           0  1.86s           2026-05-13T15:23:19
================================================================================
[2026-05-13T15:23:59.133+0000] {manager.py:879} INFO - 
================================================================================
DAG File Processing Stats

File Path                 PID    Runtime      # DAGs    # Errors  Last Runtime    Last Run
------------------------  -----  ---------  --------  ----------  --------------  -------------------
/opt/airflow/dags/dag.py                           1           0  1.73s           2026-05-13T15:23:51
================================================================================
[2026-05-13T15:24:29.162+0000] {manager.py:879} INFO - 
================================================================================
DAG File Processing Stats

File Path                 PID    Runtime      # DAGs    # Errors  Last Runtime    Last Run
------------------------  -----  ---------  --------  ----------  --------------  -------------------
/opt/airflow/dags/dag.py                           1           0  1.73s           2026-05-13T15:24:23
================================================================================
[2026-05-13T15:24:59.224+0000] {manager.py:879} INFO - 
================================================================================
DAG File Processing Stats

File Path                 PID    Runtime      # DAGs    # Errors  Last Runtime    Last Run
------------------------  -----  ---------  --------  ----------  --------------  -------------------
/opt/airflow/dags/dag.py                           1           0  1.79s           2026-05-13T15:24:55
================================================================================
[2026-05-13T15:25:30.029+0000] {manager.py:879} INFO - 
================================================================================
DAG File Processing Stats

File Path                 PID    Runtime      # DAGs    # Errors  Last Runtime    Last Run
------------------------  -----  ---------  --------  ----------  --------------  -------------------
/opt/airflow/dags/dag.py                           1           0  1.67s           2026-05-13T15:25:27
================================================================================
